﻿Authors,Author(s) ID,Title,Year,Source title,Volume,Issue,Art. No.,Page start,Page end,Page count,Cited by,DOI,Link,Affiliations,Authors with affiliations,Document Type,Publication Stage,Open Access,Source,EID
"Dash A., Bandopadhay S., Samal S.R., Poulkov V.","36442107300;58508801900;57201738477;24081488100;","AI-Enabled IoT Framework for Leakage Detection and Its Consequence Prediction during External Transportation of LPG",2023,"Sensors","23","14","6473","","",,,"10.3390/s23146473","https://www.scopus.com/inward/record.uri?eid=2-s2.0-85165953299&doi=10.3390%2fs23146473&partnerID=40&md5=73352410ea78d42c076f0f9ae3b8c419","School of Engineering and Technology, BML Munjal University, Gurugram, 122413, India; School of Physical Sciences, Banasthali Vidyapith University, Sikar, 304022, India; Faculty of Telecommunications, Technical University of Sofia, Sofia, 1756, Bulgaria; Department of Electronics and Communication Engineering, Silicon Institute of Technology, Bhubaneswar, 751024, India","Dash, A., School of Engineering and Technology, BML Munjal University, Gurugram, 122413, India; Bandopadhay, S., School of Physical Sciences, Banasthali Vidyapith University, Sikar, 304022, India; Samal, S.R., Faculty of Telecommunications, Technical University of Sofia, Sofia, 1756, Bulgaria, Department of Electronics and Communication Engineering, Silicon Institute of Technology, Bhubaneswar, 751024, India; Poulkov, V., Faculty of Telecommunications, Technical University of Sofia, Sofia, 1756, Bulgaria",Article,"Final","All Open Access, Gold, Green",Scopus,2-s2.0-85165953299
"Sharma V.P., Prakash S., Singh R., Dash A.K.","57223690406;57226556562;57309526600;36442107300;","Drivers of Industry 4.0 Operations for Logistics Management: An Analysis of Critical Performance Indicators for Last Mile Delivery",2023,"Lecture Notes in Mechanical Engineering",,,,"75","87",,,"10.1007/978-981-99-1308-4_6","https://www.scopus.com/inward/record.uri?eid=2-s2.0-85172022983&doi=10.1007%2f978-981-99-1308-4_6&partnerID=40&md5=7d060b766a77aed84949d3cd6f54fc5f","School of Engineering and Technology, BML Munjal University, Haryana, Gurugram, India; Department of Operations Management, Great Lakes Institute of Management, Haryana, Gurgaon, India","Sharma, V.P., School of Engineering and Technology, BML Munjal University, Haryana, Gurugram, India; Prakash, S., Department of Operations Management, Great Lakes Institute of Management, Haryana, Gurgaon, India; Singh, R., School of Engineering and Technology, BML Munjal University, Haryana, Gurugram, India; Dash, A.K., School of Engineering and Technology, BML Munjal University, Haryana, Gurugram, India",Conference Paper,"Final","",Scopus,2-s2.0-85172022983
"Acharjee T., Pradhan R., Dash A.K., Satapathy S.C., Simic M.","57220159240;57115927200;36442107300;16643664100;35215976200;","A Survey on Medical Image Analysis Using Deep Learning",2023,"Smart Innovation, Systems and Technologies","326 SIST",,,"165","178",,,"10.1007/978-981-19-7513-4_15","https://www.scopus.com/inward/record.uri?eid=2-s2.0-85161439293&doi=10.1007%2f978-981-19-7513-4_15&partnerID=40&md5=94d6ac427af9b507f8212161af61cdbf","Kalinga Institute of Industrial Technology University, Bhubaneswar, 751024, India; STEM, School of Engineering, RMIT University, Melbourne, Australia","Acharjee, T., Kalinga Institute of Industrial Technology University, Bhubaneswar, 751024, India; Pradhan, R., Kalinga Institute of Industrial Technology University, Bhubaneswar, 751024, India; Dash, A.K., Kalinga Institute of Industrial Technology University, Bhubaneswar, 751024, India; Satapathy, S.C., Kalinga Institute of Industrial Technology University, Bhubaneswar, 751024, India; Simic, M., STEM, School of Engineering, RMIT University, Melbourne, Australia",Conference Paper,"Final","",Scopus,2-s2.0-85161439293
"Chandra P.N., Dash A.K.","57541182700;36442107300;","Design of a Battery Cabinet for Electric Scooters to Facilitate Battery Swapping",2023,"SAE Technical Papers",,,,"","",,,"10.4271/2023-01-5025","https://www.scopus.com/inward/record.uri?eid=2-s2.0-85160420182&doi=10.4271%2f2023-01-5025&partnerID=40&md5=9a705889d9caf1d7edaca1d555f89b3f","BML Munjal University, Department of Mechanical Engineering, India","Chandra, P.N., BML Munjal University, Department of Mechanical Engineering, India; Dash, A.K., BML Munjal University, Department of Mechanical Engineering, India",Conference Paper,"Final","",Scopus,2-s2.0-85160420182
"Mishra N.V., Dash A., Bandopadhaya S.","57963075700;36442107300;55608418800;","Design of Snake Robot with 28015 PING Ultrasonic Distance Sensor and Arduino",2023,"Lecture Notes in Mechanical Engineering",,,,"157","162",,,"10.1007/978-981-19-4606-6_16","https://www.scopus.com/inward/record.uri?eid=2-s2.0-85141801656&doi=10.1007%2f978-981-19-4606-6_16&partnerID=40&md5=ab9bf1b0efd1082b9eb8d3a361f162b0","Banasthali Vidyapith, Rajasthan, Tonk, India; BML Munjal Univarsity, Haryana, Gurugram, India","Mishra, N.V., Banasthali Vidyapith, Rajasthan, Tonk, India; Dash, A., BML Munjal Univarsity, Haryana, Gurugram, India; Bandopadhaya, S., Banasthali Vidyapith, Rajasthan, Tonk, India",Conference Paper,"Final","",Scopus,2-s2.0-85141801656
"Dash A.K., Mohapatra P., Ray N.K.","36442107300;56692286400;35119571200;","A Transfer Learning Approach for Diagnosis of COVID-19 Cases from Chest Radiography Images",2022,"Proceedings - 2022 OITS International Conference on Information Technology, OCIT 2022",,,,"217","222",,,"10.1109/OCIT56763.2022.00049","https://www.scopus.com/inward/record.uri?eid=2-s2.0-85150237603&doi=10.1109%2fOCIT56763.2022.00049&partnerID=40&md5=efb7958c1c6c04ef7df4491b786f295d","IIIT, Bhubaneswar, Computer Science and Engineering, Bhubaneswar, India; School of Computer Engineering, Kiit Deemed to Be University, Bhubaneswar, India","Dash, A.K., IIIT, Bhubaneswar, Computer Science and Engineering, Bhubaneswar, India; Mohapatra, P., IIIT, Bhubaneswar, Computer Science and Engineering, Bhubaneswar, India; Ray, N.K., School of Computer Engineering, Kiit Deemed to Be University, Bhubaneswar, India",Conference Paper,"Final","",Scopus,2-s2.0-85150237603
"Pradhan R., Dash A.K., Jena B.","57115927200;36442107300;57216221471;","Resource Management Challenges in IoT Based Healthcare System",2022,"Intelligent Systems Reference Library","213",,,"31","41",,,"10.1007/978-981-16-5304-9_4","https://www.scopus.com/inward/record.uri?eid=2-s2.0-85116915375&doi=10.1007%2f978-981-16-5304-9_4&partnerID=40&md5=a717492b6268eac0275edfd132a8fdae","KIIT Deemed to be University, Bhubaneswar, India; Indian Institute of Information Technology Bhubaneswar, Bhubaneswar, India","Pradhan, R., KIIT Deemed to be University, Bhubaneswar, India; Dash, A.K., KIIT Deemed to be University, Bhubaneswar, India; Jena, B., Indian Institute of Information Technology Bhubaneswar, Bhubaneswar, India",Book Chapter,"Final","",Scopus,2-s2.0-85116915375
"Dash A.K., Mohapatra P.","36442107300;56692286400;","A Fine-tuned deep convolutional neural network for chest radiography image classification on COVID-19 cases",2022,"Multimedia Tools and Applications","81","1",,"1055","1075",,8,"10.1007/s11042-021-11388-9","https://www.scopus.com/inward/record.uri?eid=2-s2.0-85115208929&doi=10.1007%2fs11042-021-11388-9&partnerID=40&md5=b6c2b5bb362c57731065f4fe22921f4a","IIIT Bhubaneswar, Odisha, Bhubaneswar, India","Dash, A.K., IIIT Bhubaneswar, Odisha, Bhubaneswar, India; Mohapatra, P., IIIT Bhubaneswar, Odisha, Bhubaneswar, India",Article,"Final","All Open Access, Bronze, Green",Scopus,2-s2.0-85115208929
"Dash A.K., Korimerla S.V.","36442107300;57219185788;","FEM analysis of stress propagation in trabecular structure for lightweight applications",2022,"Mechanics Based Design of Structures and Machines","50","12",,"4105","4116",,1,"10.1080/15397734.2020.1824790","https://www.scopus.com/inward/record.uri?eid=2-s2.0-85091604855&doi=10.1080%2f15397734.2020.1824790&partnerID=40&md5=0ab5ce7831ca308322bd14397c72f2ce","Department of Mechanical Engineering, BML Munjal University, Haryana, Gurgaon, India","Dash, A.K., Department of Mechanical Engineering, BML Munjal University, Haryana, Gurgaon, India; Korimerla, S.V., Department of Mechanical Engineering, BML Munjal University, Haryana, Gurgaon, India",Article,"Final","",Scopus,2-s2.0-85091604855
"Pradhan R., Dash A.K.","57115927200;36442107300;","A Novel Task Scheduling Algorithm in Heterogeneous Cloud Environment Using Equi-Depth Binning Method",2021,"Research Anthology on Architectures, Frameworks, and Integration Strategies for Distributed and Cloud Computing",,,,"1303","1316",,1,"10.4018/978-1-7998-5339-8.ch063","https://www.scopus.com/inward/record.uri?eid=2-s2.0-85134998564&doi=10.4018%2f978-1-7998-5339-8.ch063&partnerID=40&md5=2c6ea0b7cf75b5b1edcec823a83668b0","KIIT University, India","Pradhan, R., KIIT University, India; Dash, A.K., KIIT University, India",Book Chapter,"Final","",Scopus,2-s2.0-85134998564
"Jain R., Sutradhar A., Dash A.K., Das S.","57222598146;57558020300;36442107300;57220984670;","Automatic Multi-organ Segmentation on Abdominal CT scans using Deep U-Net Model",2021,"Proceedings - 2021 19th OITS International Conference on Information Technology, OCIT 2021",,,,"48","53",,1,"10.1109/OCIT53463.2021.00021","https://www.scopus.com/inward/record.uri?eid=2-s2.0-85127435833&doi=10.1109%2fOCIT53463.2021.00021&partnerID=40&md5=170b95cf89eefa6cf39daa3742b05973","KIIT Deemed To Be University, Department of Computer Science, Odisha, Bhubaneswar, India","Jain, R., KIIT Deemed To Be University, Department of Computer Science, Odisha, Bhubaneswar, India; Sutradhar, A., KIIT Deemed To Be University, Department of Computer Science, Odisha, Bhubaneswar, India; Dash, A.K., KIIT Deemed To Be University, Department of Computer Science, Odisha, Bhubaneswar, India; Das, S., KIIT Deemed To Be University, Department of Computer Science, Odisha, Bhubaneswar, India",Conference Paper,"Final","",Scopus,2-s2.0-85127435833
"Dash A., Pahuja V.","36442107300;57212063644;","Stress and Displacement Propagation Analysis of Lumbar L4 Vertebrae for Prosthesis Design",2021,"Lecture Notes in Mechanical Engineering",,,,"133","143",,,"10.1007/978-981-16-0673-1_11","https://www.scopus.com/inward/record.uri?eid=2-s2.0-85111369444&doi=10.1007%2f978-981-16-0673-1_11&partnerID=40&md5=28c13c3b84bbaf5c4f3e6c66b518f04c","BML Munjal University, Gurgaon, Haryana, India","Dash, A., BML Munjal University, Gurgaon, Haryana, India; Pahuja, V., BML Munjal University, Gurgaon, Haryana, India",Conference Paper,"Final","",Scopus,2-s2.0-85111369444
"Dash A.K., Sai Vishwak K., Pahuja V.","36442107300;57226384566;57212063644;","Stress and Deformation Analysis of Hip Joint for Design of Hip Prosthesis",2021,"Lecture Notes in Mechanical Engineering",,,,"123","131",,,"10.1007/978-981-16-0673-1_10","https://www.scopus.com/inward/record.uri?eid=2-s2.0-85111354045&doi=10.1007%2f978-981-16-0673-1_10&partnerID=40&md5=11da6756d21bb35a03b61285963868c9","BML Munjal University, Gurgaon, Haryana, India","Dash, A.K., BML Munjal University, Gurgaon, Haryana, India; Sai Vishwak, K., BML Munjal University, Gurgaon, Haryana, India; Pahuja, V., BML Munjal University, Gurgaon, Haryana, India",Conference Paper,"Final","",Scopus,2-s2.0-85111354045
"Jena B., Dash A.K., Nayak G.K., Mohapatra P., Saxena S.","57216221471;36442107300;57197141333;56692286400;57217377039;","Image classification for binary classes using deep convolutional neural network: An experimental study",2021,"Studies in Computational Intelligence","954",,,"197","209",,3,"10.1007/978-981-33-6815-6_10","https://www.scopus.com/inward/record.uri?eid=2-s2.0-85103218175&doi=10.1007%2f978-981-33-6815-6_10&partnerID=40&md5=99e33d5731dea99c07b5a44981b4973b","International Institute of Information Technology, Bhubaneswar, India","Jena, B., International Institute of Information Technology, Bhubaneswar, India; Dash, A.K., International Institute of Information Technology, Bhubaneswar, India; Nayak, G.K., International Institute of Information Technology, Bhubaneswar, India; Mohapatra, P., International Institute of Information Technology, Bhubaneswar, India; Saxena, S., International Institute of Information Technology, Bhubaneswar, India",Book Chapter,"Final","",Scopus,2-s2.0-85103218175
"Dash A.K., Mohapatra P.","36442107300;56692286400;","A survey on prematurity detection of diabetic retinopathy based on fundus images using deep learning techniques",2020,"Deep Learning Applications in Medical Imaging",,,,"140","155",,3,"10.4018/978-1-7998-5071-7.ch006","https://www.scopus.com/inward/record.uri?eid=2-s2.0-85128311436&doi=10.4018%2f978-1-7998-5071-7.ch006&partnerID=40&md5=c1cd845c1d767cae6ecf81a6f49200e3","KIIT University, India; International Institute of Information Technology, Bhubaneswar, India","Dash, A.K., KIIT University, India; Mohapatra, P., International Institute of Information Technology, Bhubaneswar, India",Book Chapter,"Final","",Scopus,2-s2.0-85128311436
"Pradhan R., Dash A.K.","57115927200;36442107300;","An Overview of Microservices",2020,"Lecture Notes in Electrical Engineering","601",,,"620","625",,2,"10.1007/978-981-15-1420-3_66","https://www.scopus.com/inward/record.uri?eid=2-s2.0-85085524871&doi=10.1007%2f978-981-15-1420-3_66&partnerID=40&md5=c50c9e76a51613cef92d0219fdb94d30","KIIT University, Bhubaneswar, India","Pradhan, R., KIIT University, Bhubaneswar, India; Dash, A.K., KIIT University, Bhubaneswar, India",Conference Paper,"Final","",Scopus,2-s2.0-85085524871
"Choudhury P., Devadutta K., Dash A.K., Mohapatra A.","57212026861;57201719132;36442107300;57220516952;","Modeling a Monitoring System for TB Patients Using RFID Technique with SMS Access",2020,"Smart Innovation, Systems and Technologies","159",,,"181","189",,1,"10.1007/978-981-13-9282-5_17","https://www.scopus.com/inward/record.uri?eid=2-s2.0-85075745106&doi=10.1007%2f978-981-13-9282-5_17&partnerID=40&md5=78395741624efeffbf59bbe03aa85092","School of Computer Engineering, KIIT University, Bhubaneswar, Odisha, India","Choudhury, P., School of Computer Engineering, KIIT University, Bhubaneswar, Odisha, India; Devadutta, K., School of Computer Engineering, KIIT University, Bhubaneswar, Odisha, India; Dash, A.K., School of Computer Engineering, KIIT University, Bhubaneswar, Odisha, India; Mohapatra, A., School of Computer Engineering, KIIT University, Bhubaneswar, Odisha, India",Conference Paper,"Final","",Scopus,2-s2.0-85075745106
"Siva Karthik Reddy L., Koka K., Dash A.K., Pandey M.","57211181108;57211181737;36442107300;57192384950;","Elemental racing",2019,"Advances in Intelligent Systems and Computing","906",,,"29","43",,,"10.1007/978-981-13-6001-5_4","https://www.scopus.com/inward/record.uri?eid=2-s2.0-85072899092&doi=10.1007%2f978-981-13-6001-5_4&partnerID=40&md5=9f301520e66b01cc8ebb8073368e6283","Department of IT, KIIT Deemed to be University, Bhubaneswar, 751024, India; Department of CSE, KIIT Deemed to be University, Bhubaneswar, 751024, India","Siva Karthik Reddy, L., Department of IT, KIIT Deemed to be University, Bhubaneswar, 751024, India; Koka, K., Department of IT, KIIT Deemed to be University, Bhubaneswar, 751024, India; Dash, A.K., Department of CSE, KIIT Deemed to be University, Bhubaneswar, 751024, India; Pandey, M., Department of CSE, KIIT Deemed to be University, Bhubaneswar, 751024, India",Conference Paper,"Final","",Scopus,2-s2.0-85072899092
"Dash A.K., Pradhan R., Rout J.K., Ray N.K.","36442107300;57115927200;56928063800;35119571200;","A Constructive Model for Sentiment Analysis of Speech using Deep Learning",2018,"Proceedings - 2018 International Conference on Information Technology, ICIT 2018",,,"8724297","1","6",,3,"10.1109/ICIT.2018.00013","https://www.scopus.com/inward/record.uri?eid=2-s2.0-85067485841&doi=10.1109%2fICIT.2018.00013&partnerID=40&md5=4d4ec010852bc218d68fe5b348e67b6e","KIIT Deemed to Be University, Bhubaneswar, India","Dash, A.K., KIIT Deemed to Be University, Bhubaneswar, India; Pradhan, R., KIIT Deemed to Be University, Bhubaneswar, India; Rout, J.K., KIIT Deemed to Be University, Bhubaneswar, India; Ray, N.K., KIIT Deemed to Be University, Bhubaneswar, India",Conference Paper,"Final","",Scopus,2-s2.0-85067485841
"Rout J.K., Dash A.K., Ray N.K.","56928063800;36442107300;35119571200;","A Framework for Fake Review Detection: Issues and Challenges",2018,"Proceedings - 2018 International Conference on Information Technology, ICIT 2018",,,"8724277","7","10",,19,"10.1109/ICIT.2018.00014","https://www.scopus.com/inward/record.uri?eid=2-s2.0-85067451154&doi=10.1109%2fICIT.2018.00014&partnerID=40&md5=00593f461c51020a6213cc66012cffa0","KIIT Deemed to Be University, Bhubaneswar, India","Rout, J.K., KIIT Deemed to Be University, Bhubaneswar, India; Dash, A.K., KIIT Deemed to Be University, Bhubaneswar, India; Ray, N.K., KIIT Deemed to Be University, Bhubaneswar, India",Conference Paper,"Final","",Scopus,2-s2.0-85067451154
"Das A.K., Pradhan M., Dash A.K., Pradhan C., Das H.","57204900978;57204905273;36442107300;57216004996;56151748100;","A Constructive Machine Translation System for English to Odia Translation",2018,"Proceedings of the 2018 IEEE International Conference on Communication and Signal Processing, ICCSP 2018",,,"8524268","854","857",,6,"10.1109/ICCSP.2018.8524268","https://www.scopus.com/inward/record.uri?eid=2-s2.0-85057762007&doi=10.1109%2fICCSP.2018.8524268&partnerID=40&md5=86cf187c7c777e7a96ddf793dee488eb","KIIT Deemed to Be University, School of Computer Engineering, Bhubaneswar, India","Das, A.K., KIIT Deemed to Be University, School of Computer Engineering, Bhubaneswar, India; Pradhan, M., KIIT Deemed to Be University, School of Computer Engineering, Bhubaneswar, India; Dash, A.K., KIIT Deemed to Be University, School of Computer Engineering, Bhubaneswar, India; Pradhan, C., KIIT Deemed to Be University, School of Computer Engineering, Bhubaneswar, India; Das, H., KIIT Deemed to Be University, School of Computer Engineering, Bhubaneswar, India",Conference Paper,"Final","",Scopus,2-s2.0-85057762007
"Rout J.K., Choo K.-K.R., Dash A.K., Bakshi S., Jena S.K., Williams K.L.","56928063800;57208540261;36442107300;37048401000;7006140185;55711558500;","A model for sentiment and emotion analysis of unstructured social media text",2018,"Electronic Commerce Research","18","1",,"181","199",,112,"10.1007/s10660-017-9257-8","https://www.scopus.com/inward/record.uri?eid=2-s2.0-85017106508&doi=10.1007%2fs10660-017-9257-8&partnerID=40&md5=485d03f670fa0dd653c1eade7233353f","Department of Computer Science, National Institute of Technology, Rourkela, Odisha  769 008, India; Department of Information Systems and Cyber Security, University of Texas at San Antonio, San Antonio, TX  78249-0631, United States","Rout, J.K., Department of Computer Science, National Institute of Technology, Rourkela, Odisha  769 008, India; Choo, K.-K.R., Department of Information Systems and Cyber Security, University of Texas at San Antonio, San Antonio, TX  78249-0631, United States; Dash, A.K., Department of Computer Science, National Institute of Technology, Rourkela, Odisha  769 008, India; Bakshi, S., Department of Computer Science, National Institute of Technology, Rourkela, Odisha  769 008, India; Jena, S.K., Department of Computer Science, National Institute of Technology, Rourkela, Odisha  769 008, India; Williams, K.L., Department of Information Systems and Cyber Security, University of Texas at San Antonio, San Antonio, TX  78249-0631, United States",Article,"Final","",Scopus,2-s2.0-85017106508
"Dash A.K., Rout J.K., Jena S.K.","36442107300;56928063800;7006140185;","Harnessing twitter for automatic sentiment identification using machine learning techniques",2016,"Smart Innovation, Systems and Technologies","44",,,"507","514",,11,"10.1007/978-81-322-2529-4_53","https://www.scopus.com/inward/record.uri?eid=2-s2.0-84945545254&doi=10.1007%2f978-81-322-2529-4_53&partnerID=40&md5=33b5aef28bba2c0c4f5936dd751be294","Department of Computer Science & Engineering, National Institute of Technology Rourkela, Rourkela, India","Dash, A.K., Department of Computer Science & Engineering, National Institute of Technology Rourkela, Rourkela, India; Rout, J.K., Department of Computer Science & Engineering, National Institute of Technology Rourkela, Rourkela, India; Jena, S.K., Department of Computer Science & Engineering, National Institute of Technology Rourkela, Rourkela, India",Conference Paper,"Final","",Scopus,2-s2.0-84945545254
"Agarwalla D.K., Dash A.K., Bhuyan S.K., Nayak P.S.K.","55987779900;36442107300;57208069482;58392919400;","Damage detection of fixed-fixed Beam: A fuzzy Neuro hybrid system based approach",2015,"Lecture Notes in Computer Science (including subseries Lecture Notes in Artificial Intelligence and Lecture Notes in Bioinformatics)","8947",,,"363","372",,2,"10.1007/978-3-319-20294-5_32","https://www.scopus.com/inward/record.uri?eid=2-s2.0-84946139464&doi=10.1007%2f978-3-319-20294-5_32&partnerID=40&md5=9006aaf738998cb6df390d40f5ed2c7f","Department of Mechanical Engineering, Institute of Technical Education and Research, Siksha ‘O’ Anusandhan University, Bhubaneswar, Odisha, India","Agarwalla, D.K., Department of Mechanical Engineering, Institute of Technical Education and Research, Siksha ‘O’ Anusandhan University, Bhubaneswar, Odisha, India; Dash, A.K., Department of Mechanical Engineering, Institute of Technical Education and Research, Siksha ‘O’ Anusandhan University, Bhubaneswar, Odisha, India; Bhuyan, S.K., Department of Mechanical Engineering, Institute of Technical Education and Research, Siksha ‘O’ Anusandhan University, Bhubaneswar, Odisha, India; Nayak, P.S.K., Department of Mechanical Engineering, Institute of Technical Education and Research, Siksha ‘O’ Anusandhan University, Bhubaneswar, Odisha, India",Conference Paper,"Final","",Scopus,2-s2.0-84946139464
"Agarwalla D.K., Dash A.K., Tripathy B.","55987779900;36442107300;56463714600;","Experimental validation of a fuzzy model for damage prediction of composite beam structure",2015,"Smart Innovation, Systems and Technologies","33",,,"109","122",,1,"10.1007/978-81-322-2202-6_10","https://www.scopus.com/inward/record.uri?eid=2-s2.0-84920029289&doi=10.1007%2f978-81-322-2202-6_10&partnerID=40&md5=880cca949930b6565e0c3722b91f3bc6","Department of Mechanical Engineering, Institute of Technical Education and Research, Siksha ‘O’ Anusandhan University, Bhubaneswar, India","Agarwalla, D.K., Department of Mechanical Engineering, Institute of Technical Education and Research, Siksha ‘O’ Anusandhan University, Bhubaneswar, India; Dash, A.K., Department of Mechanical Engineering, Institute of Technical Education and Research, Siksha ‘O’ Anusandhan University, Bhubaneswar, India; Tripathy, B., Department of Mechanical Engineering, Institute of Technical Education and Research, Siksha ‘O’ Anusandhan University, Bhubaneswar, India",Conference Paper,"Final","",Scopus,2-s2.0-84920029289
"Dash A.K., Agarwalla D.K., Das H.C., Pradhan M.K., Bhuyan S.K.","36442107300;55987779900;24480471700;57212704591;57208069482;","Application of genetic algorithm for fault detection in cracked composite structure",2014,"ASME 2014 Gas Turbine India Conference, GTINDIA 2014",,,,"","",,,"10.1115/GTINDIA2014-8269","https://www.scopus.com/inward/record.uri?eid=2-s2.0-84926278780&doi=10.1115%2fGTINDIA2014-8269&partnerID=40&md5=90f30dc5ed568b152a33acdb72c3d744","Dept. of Mechanical Engineering, Institute of Technical Education and Research, S'O'A University, Bhubaneswar, Odisha, India; Directrate of Factories and Boilers, Govt. of Odisha, Bhubaneswar, Odisha, India","Dash, A.K., Dept. of Mechanical Engineering, Institute of Technical Education and Research, S'O'A University, Bhubaneswar, Odisha, India; Agarwalla, D.K., Dept. of Mechanical Engineering, Institute of Technical Education and Research, S'O'A University, Bhubaneswar, Odisha, India; Das, H.C., Dept. of Mechanical Engineering, Institute of Technical Education and Research, S'O'A University, Bhubaneswar, Odisha, India; Pradhan, M.K., Directrate of Factories and Boilers, Govt. of Odisha, Bhubaneswar, Odisha, India; Bhuyan, S.K., Dept. of Mechanical Engineering, Institute of Technical Education and Research, S'O'A University, Bhubaneswar, Odisha, India",Conference Paper,"Final","",Scopus,2-s2.0-84926278780
"Dash A.K., Parhi D.R.","36442107300;6603245659;","Analysis of an Intelligent Hybrid System for Fault Diagnosis in Cracked Structure",2014,"Arabian Journal for Science and Engineering","39","2",,"1337","1357",,8,"10.1007/s13369-013-0660-8","https://www.scopus.com/inward/record.uri?eid=2-s2.0-84893070222&doi=10.1007%2fs13369-013-0660-8&partnerID=40&md5=33ec692bd416f4312a21d980006dcb28","Department of Mechanical Engineering, ITER, Bhubaneswar, 751030, India; Department of Mechanical Engineering, NIT, Rourkela, 769008, India","Dash, A.K., Department of Mechanical Engineering, ITER, Bhubaneswar, 751030, India; Parhi, D.R., Department of Mechanical Engineering, NIT, Rourkela, 769008, India",Article,"Final","",Scopus,2-s2.0-84893070222
"Dash A.K.","36442107300;","Analysis of adaptive fuzzy technique for multiple crack diagnosis of faulty beam using vibration signatures",2013,"Advances in Fuzzy Systems",,,"164853","","",,3,"10.1155/2013/164853","https://www.scopus.com/inward/record.uri?eid=2-s2.0-84874885735&doi=10.1155%2f2013%2f164853&partnerID=40&md5=b5705d0429e7ba10318102f92f10a354","Department of Mechanical Engineering, SiKsha 'O' Anusandhan University, Bhubaneswar, Orissa 751030, India","Dash, A.K., Department of Mechanical Engineering, SiKsha 'O' Anusandhan University, Bhubaneswar, Orissa 751030, India",Article,"Final","All Open Access, Gold, Green",Scopus,2-s2.0-84874885735
"Dash A.K., Parhi D.R.","36442107300;6603245659;","Development of a vibration-based crack diagnostic application using the MANFIS technique",2012,"International Journal of Acoustics and Vibrations","17","2",,"90","99",,1,,"https://www.scopus.com/inward/record.uri?eid=2-s2.0-84897919833&partnerID=40&md5=5c300be9e777edd44b10fc4c269d6062","Department of Mechanical Engineering, I.T.E.R. Bhubaneswar, Orissa, 751030, India; Department of Mechanical Engineering, N.I.T. Rourkela, Orissa, 769008, India","Dash, A.K., Department of Mechanical Engineering, I.T.E.R. Bhubaneswar, Orissa, 751030, India; Parhi, D.R., Department of Mechanical Engineering, N.I.T. Rourkela, Orissa, 769008, India",Conference Paper,"Final","",Scopus,2-s2.0-84897919833
"Parhi D.R., Dash A.K., Das H.C.","6603245659;36442107300;24480471700;","Formulation of a genetic algorithm based methodology for multiple crack detection in a beam structure",2012,"Australian Journal of Structural Engineering","12","2",,"127","140",,5,,"https://www.scopus.com/inward/record.uri?eid=2-s2.0-84856744547&partnerID=40&md5=d185e356f09d74075112f9a95446b087","Department of Mechanical Engineering, NIT Rourkela, Orissa, India; Department of Mechanical Engineering, S 'O' A University, ITER Bhubaneswar, Orissa, India","Parhi, D.R., Department of Mechanical Engineering, NIT Rourkela, Orissa, India; Dash, A.K., Department of Mechanical Engineering, S 'O' A University, ITER Bhubaneswar, Orissa, India; Das, H.C., Department of Mechanical Engineering, S 'O' A University, ITER Bhubaneswar, Orissa, India",Article,"Final","",Scopus,2-s2.0-84856744547
"Dash A.K., Parhi D.R.","36442107300;6603245659;","A vibration based inverse hybrid intelligent method for structural health monitoring",2011,"International Journal of Mechanical and Materials Engineering","6","2",,"212","230",,1,,"https://www.scopus.com/inward/record.uri?eid=2-s2.0-84856377602&partnerID=40&md5=756806545f14311ae21f3e8227a7ea54","Department of Mechanical Engineering, I.T.E.R, S 'O' A University, Bhubaneswar, India; Department of Mechanical Engineering, N.I.T Rourkela, India","Dash, A.K., Department of Mechanical Engineering, I.T.E.R, S 'O' A University, Bhubaneswar, India; Parhi, D.R., Department of Mechanical Engineering, N.I.T Rourkela, India",Article,"Final","",Scopus,2-s2.0-84856377602
"Parhi D.R., Dash A.K.","6603245659;36442107300;","Application of neural networks and finite elements for condition monitoring of structures",2011,"Proceedings of the Institution of Mechanical Engineers, Part C: Journal of Mechanical Engineering Science","225","6",,"1329","1339",,13,"10.1177/0954406210395883","https://www.scopus.com/inward/record.uri?eid=2-s2.0-79960345200&doi=10.1177%2f0954406210395883&partnerID=40&md5=84cfdf149ae07d2abf56a910f97f937a","Department of Mechanical Engineering, National Institute of Technology, C/14 NIT Campus, Rourkela 769008, Orissa, India; Department of Mechanical Engineering, Institute of Technical Education and Research, Bhubaneswar, Orissa, India","Parhi, D.R., Department of Mechanical Engineering, National Institute of Technology, C/14 NIT Campus, Rourkela 769008, Orissa, India; Dash, A.K., Department of Mechanical Engineering, Institute of Technical Education and Research, Bhubaneswar, Orissa, India",Conference Paper,"Final","",Scopus,2-s2.0-79960345200
"Dash A.K., Parhi D.R.K.","36442107300;6603245659;","Development of an inverse methodology for crack diagnosis using AI technique",2011,"International Journal of Computational Materials Science and Surface Engineering","4","2",,"143","167",,2,"10.1504/IJCMSSE.2011.039570","https://www.scopus.com/inward/record.uri?eid=2-s2.0-79953886281&doi=10.1504%2fIJCMSSE.2011.039570&partnerID=40&md5=9ee6eb2348a7181f705e60146373ea61","Department of Mechanical Engineering, Institute of Technical Education and Research, Khandagiri, Bhubaneswar - 751030, Orissa, India; Department of Mechanical Engineering, National Institute of Technology, Rourkela - 769008, Orissa, India","Dash, A.K., Department of Mechanical Engineering, Institute of Technical Education and Research, Khandagiri, Bhubaneswar - 751030, Orissa, India; Parhi, D.R.K., Department of Mechanical Engineering, National Institute of Technology, Rourkela - 769008, Orissa, India",Article,"Final","",Scopus,2-s2.0-79953886281
"Dash A.K., Thatoi D.N., Sarangi M.K.","36442107300;56585971800;55887489500;","Analysis of the mechanical characteristics of a red mud filled hybridized composite",2010,"Proceedings of the International Conference on Frontiers in Automobile and Mechanical Engineering - 2010, FAME-2010",,,"5714790","8","11",,7,"10.1109/FAME.2010.5714790","https://www.scopus.com/inward/record.uri?eid=2-s2.0-79952785271&doi=10.1109%2fFAME.2010.5714790&partnerID=40&md5=949635e49762d3f0e5130e37f4e8ccb5","ITER, Bhubaneswar, Orissa-751030, India","Dash, A.K., ITER, Bhubaneswar, Orissa-751030, India; Thatoi, D.N., ITER, Bhubaneswar, Orissa-751030, India; Sarangi, M.K., ITER, Bhubaneswar, Orissa-751030, India",Conference Paper,"Final","",Scopus,2-s2.0-79952785271
"Das H.C., Dash A.K., Parhi D.R., Thatoi D.N.","24480471700;36442107300;6603245659;56585971800;","Experimental validation of numerical and fuzzy analysis of a faulty structure",2010,"2010 5th International Conference on System of Systems Engineering, SoSE 2010",,,"5543955","","",,2,"10.1109/SYSOSE.2010.5543955","https://www.scopus.com/inward/record.uri?eid=2-s2.0-77956562142&doi=10.1109%2fSYSOSE.2010.5543955&partnerID=40&md5=907e228b6dba7d18da4f985560eb206d","Deptt. of Mechanical Engg. I.T.E.R., Bhubaneswar, India; Deptt. of Mechanical Engg. ITER, Bhubaneswar, India; Deptt. of Mechanical Engg. N.I.T., Rourkela, India","Das, H.C., Deptt. of Mechanical Engg. I.T.E.R., Bhubaneswar, India; Dash, A.K., Deptt. of Mechanical Engg. ITER, Bhubaneswar, India; Parhi, D.R., Deptt. of Mechanical Engg. N.I.T., Rourkela, India; Thatoi, D.N., Deptt. of Mechanical Engg. ITER, Bhubaneswar, India",Conference Paper,"Final","",Scopus,2-s2.0-77956562142
"Parhi D.R.K., Dash A.K.","6603245659;36442107300;","Faults detection by finite element analysis of a multi cracked beam using vibration signatures",2010,"International Journal of Vehicle Noise and Vibration","6","1",,"40","54",,7,"10.1504/IJVNV.2010.034810","https://www.scopus.com/inward/record.uri?eid=2-s2.0-77955978105&doi=10.1504%2fIJVNV.2010.034810&partnerID=40&md5=e55c3c9f4414db657a4c4803ea7330dc","Department of Mechanical Engineering, NIT Rourkela-769008, Orissa, India; Department of Mechanical Engineering, ITER, Khandagiri, Bhubaneswar-30, Orissa, India","Parhi, D.R.K., Department of Mechanical Engineering, NIT Rourkela-769008, Orissa, India; Dash, A.K., Department of Mechanical Engineering, ITER, Khandagiri, Bhubaneswar-30, Orissa, India",Article,"Final","",Scopus,2-s2.0-77955978105
