﻿Authors,Author(s) ID,Title,Year,Source title,Volume,Issue,Art. No.,Page start,Page end,Page count,Cited by,DOI,Link,Document Type,Publication Stage,Open Access,Source,EID
"Dar, A., Kannan, D.","54683631400;57729379000;","Introduction: Children, Youth, and Modernity in the ‘Everyday Urban’",2023,"Studies in Childhood and Youth","Part F1193",,,"1","30",,,"10.1007/978-3-031-31820-7_1","https://www.scopus.com/inward/record.uri?eid=2-s2.0-85167424054&doi=10.1007%2f978-3-031-31820-7_1&partnerID=40&md5=7a3cc6b70e6e7cc41b0f19b5416b0bfa",Book Chapter,"Final","",Scopus,2-s2.0-85167424054
"Abebe, T., Dar, A., Lyså, I.M.","16205190400;54683631400;57488236500;","Southern theories and decolonial childhood studies",2022,"Childhood","29","3",,"255","275",,4,"10.1177/09075682221111690","https://www.scopus.com/inward/record.uri?eid=2-s2.0-85133866797&doi=10.1177%2f09075682221111690&partnerID=40&md5=b33539c0fa032ac8858964bc608a1d15",Editorial,"Final","",Scopus,2-s2.0-85133866797
"Dar, A.","54683631400;","De-Colonizing Children’s Suffrage: Engagements with Dr B R Ambedkar’s Ideas on Democracy",2022,"Studies in Childhood and Youth",,,,"111","130",,,"10.1007/978-3-031-14541-4_6","https://www.scopus.com/inward/record.uri?eid=2-s2.0-85145833279&doi=10.1007%2f978-3-031-14541-4_6&partnerID=40&md5=6c4622322afb27acf3303dae0688c3c1",Book Chapter,"Final","",Scopus,2-s2.0-85145833279
"Dar, A.","54683631400;","Performative politics: South Asian children’s identities and political agency",2018,"Childhood","25","4",,"473","487",,1,"10.1177/0907568218793192","https://www.scopus.com/inward/record.uri?eid=2-s2.0-85053342478&doi=10.1177%2f0907568218793192&partnerID=40&md5=01d781fee79bf1c344d287f129d6194f",Article,"Final","",Scopus,2-s2.0-85053342478
"Wall, J., Dar, A.","23669522300;54683631400;","Children's political representation: The right to make a difference",2011,"International Journal of Children's Rights","19","4",,"595","612",,29,"10.1163/157181811X547263","https://www.scopus.com/inward/record.uri?eid=2-s2.0-83455242842&doi=10.1163%2f157181811X547263&partnerID=40&md5=10c79da42e34a450d1501e7f51f5d1ab",Article,"Final","",Scopus,2-s2.0-83455242842
