﻿Authors,Author(s) ID,Title,Year,Source title,Volume,Issue,Art. No.,Page start,Page end,Page count,Cited by,DOI,Link,Affiliations,Authors with affiliations,Document Type,Publication Stage,Open Access,Source,EID
"Kaushik N.C., Maitra A., Ajay Vamsi J., Sai Krishna T., Tarun Satya A.","57052424300;23088874300;57652963300;57655168100;57654070000;","Understanding elastic/plastic nature of phases in Fe–13Cr–1C hardfaced coating through accelerated property mapping technique",2022,"Materials Letters","320",,"132335","","",,1,"10.1016/j.matlet.2022.132335","https://www.scopus.com/inward/record.uri?eid=2-s2.0-85129024455&doi=10.1016%2fj.matlet.2022.132335&partnerID=40&md5=51daab1661b92300c207eca384737574","School of Engineering & Technology, BML Munjal University, Sidhrawali-Gurugram, Haryana, 122413, India","Kaushik, N.C., School of Engineering & Technology, BML Munjal University, Sidhrawali-Gurugram, Haryana, 122413, India; Maitra, A., School of Engineering & Technology, BML Munjal University, Sidhrawali-Gurugram, Haryana, 122413, India; Ajay Vamsi, J., School of Engineering & Technology, BML Munjal University, Sidhrawali-Gurugram, Haryana, 122413, India; Sai Krishna, T., School of Engineering & Technology, BML Munjal University, Sidhrawali-Gurugram, Haryana, 122413, India; Tarun Satya, A., School of Engineering & Technology, BML Munjal University, Sidhrawali-Gurugram, Haryana, 122413, India",Article,"Final","",Scopus,2-s2.0-85129024455
"Maitra A., Singh B.","23088874300;57212223496;","Interpreting force response patterns of a mechanically driven crystallographic phase transition",2022,"Physical Review Materials","6","4","043404","","",,,"10.1103/PhysRevMaterials.6.043404","https://www.scopus.com/inward/record.uri?eid=2-s2.0-85129928749&doi=10.1103%2fPhysRevMaterials.6.043404&partnerID=40&md5=614f5c9caa7f6cf7883d509aa5c858f4","Department of Applied Sciences, School of Engineering and Technology, BML Munjal University, NH 8, 67 KM Milestone, Haryana, Gurugram, 122413, India; School of Engineering and Applied Sciences, Bennett University, Uttar Pradesh 201310, Greater Noida, India","Maitra, A., Department of Applied Sciences, School of Engineering and Technology, BML Munjal University, NH 8, 67 KM Milestone, Haryana, Gurugram, 122413, India; Singh, B., Department of Applied Sciences, School of Engineering and Technology, BML Munjal University, NH 8, 67 KM Milestone, Haryana, Gurugram, 122413, India, School of Engineering and Applied Sciences, Bennett University, Uttar Pradesh 201310, Greater Noida, India",Article,"Final","All Open Access, Green",Scopus,2-s2.0-85129928749
"Maitra A., Dill K.A.","23088874300;35561132800;","Modeling the Overproduction of Ribosomes when Antibacterial Drugs Act on Cells",2016,"Biophysical Journal","110","3",,"743","748",,7,"10.1016/j.bpj.2015.12.016","https://www.scopus.com/inward/record.uri?eid=2-s2.0-84963785654&doi=10.1016%2fj.bpj.2015.12.016&partnerID=40&md5=a1c4aa578611751a25c18826f7cc2b56","Laufer Center for Physical and Quantitative Biology, Departments of Chemistry and Physics, Stony Brook University, Stony Brook, NY, United States","Maitra, A., Laufer Center for Physical and Quantitative Biology, Departments of Chemistry and Physics, Stony Brook University, Stony Brook, NY, United States; Dill, K.A., Laufer Center for Physical and Quantitative Biology, Departments of Chemistry and Physics, Stony Brook University, Stony Brook, NY, United States",Article,"Final","All Open Access, Hybrid Gold, Green",Scopus,2-s2.0-84963785654
"Maitra A., Dill K.A.","23088874300;35561132800;","Bacterial growth laws reflect the evolutionary importance of energy efficiency",2015,"Proceedings of the National Academy of Sciences of the United States of America","112","2",,"406","411",,110,"10.1073/pnas.1421138111","https://www.scopus.com/inward/record.uri?eid=2-s2.0-84949114770&doi=10.1073%2fpnas.1421138111&partnerID=40&md5=4d6eaff3d3ed5f9584d18800dde25c43","Laufer Center for Physical and Quantitative Biology, Departments of Chemistry and Physics, Stony Brook University, Stony Brook, NY  11794, United States","Maitra, A., Laufer Center for Physical and Quantitative Biology, Departments of Chemistry and Physics, Stony Brook University, Stony Brook, NY  11794, United States; Dill, K.A., Laufer Center for Physical and Quantitative Biology, Departments of Chemistry and Physics, Stony Brook University, Stony Brook, NY  11794, United States",Article,"Final","All Open Access, Bronze, Green",Scopus,2-s2.0-84949114770
"Maitra A., Arya G.","23088874300;57207523007;","Influence of pulling handles and device stiffness in single-molecule force spectroscopy",2011,"Physical Chemistry Chemical Physics","13","5",,"1836","1842",,24,"10.1039/c0cp01528h","https://www.scopus.com/inward/record.uri?eid=2-s2.0-78751670196&doi=10.1039%2fc0cp01528h&partnerID=40&md5=605e46c620e94b3f7ab9bd57607167b6","Department of NanoEngineering, University of California, San Diego, 9500 Gilman Dr., San Diego, CA 92093-0448, United States","Maitra, A., Department of NanoEngineering, University of California, San Diego, 9500 Gilman Dr., San Diego, CA 92093-0448, United States; Arya, G., Department of NanoEngineering, University of California, San Diego, 9500 Gilman Dr., San Diego, CA 92093-0448, United States",Article,"Final","All Open Access, Green",Scopus,2-s2.0-78751670196
"Maitra A., Arya G.","23088874300;57207523007;","Erratum: Model accounting for the effects of pulling-device stiffness in the analyses of single-molecule force measurements (Physical Review Letters (2010) 104 (108301) DOI: 10.1103/PhysRevLett.104.108301)",2010,"Physical Review Letters","105","25","259902","","",,,"10.1103/PhysRevLett.105.259902","https://www.scopus.com/inward/record.uri?eid=2-s2.0-78650285637&doi=10.1103%2fPhysRevLett.105.259902&partnerID=40&md5=6b406321b88bef220ff5bf193b99a606",,"Maitra, A.; Arya, G.",Erratum,"Final","All Open Access, Bronze",Scopus,2-s2.0-78650285637
"Maitra A., Arya G.","23088874300;57207523007;","Model accounting for the effects of pulling-device stiffness in the analyses of single-molecule force measurements",2010,"Physical Review Letters","104","10","108301","","",,56,"10.1103/PhysRevLett.104.108301","https://www.scopus.com/inward/record.uri?eid=2-s2.0-77949352957&doi=10.1103%2fPhysRevLett.104.108301&partnerID=40&md5=bff92451d7f52c60ce5b199f33651d19","Department of Nanoengineering, University of California, San Diego, 9500 Gilman Drive, San Diego, CA 92093-0448, United States","Maitra, A., Department of Nanoengineering, University of California, San Diego, 9500 Gilman Drive, San Diego, CA 92093-0448, United States; Arya, G., Department of Nanoengineering, University of California, San Diego, 9500 Gilman Drive, San Diego, CA 92093-0448, United States",Article,"Final","",Scopus,2-s2.0-77949352957
"Arya G., Maitra A., Grigoryev S.A.","57207523007;23088874300;6603991942;","A structural perspective on the where, how, why, and what of nucleosome positioning",2010,"Journal of Biomolecular Structure and Dynamics","27","6",,"803","820",,47,"10.1080/07391102.2010.10508585","https://www.scopus.com/inward/record.uri?eid=2-s2.0-77953305748&doi=10.1080%2f07391102.2010.10508585&partnerID=40&md5=1a5f00e71c8c42e6dc5d1c40515a931d","Department of NanoEngineering, University of California, 9500 Gilman Drive, La Jolla, CA, 92093, United States; Department of Biochemistry and Molecular Biology, Penn State University College of Medicine H171, Milton S. Hershey Medical Center, P.O. Box 850, 500 University Drive, Hershey, PA, 17033, United States","Arya, G., Department of NanoEngineering, University of California, 9500 Gilman Drive, La Jolla, CA, 92093, United States; Maitra, A., Department of NanoEngineering, University of California, 9500 Gilman Drive, La Jolla, CA, 92093, United States; Grigoryev, S.A., Department of Biochemistry and Molecular Biology, Penn State University College of Medicine H171, Milton S. Hershey Medical Center, P.O. Box 850, 500 University Drive, Hershey, PA, 17033, United States",Article,"Final","All Open Access, Bronze",Scopus,2-s2.0-77953305748
"Maitra A., Heuer A.","23088874300;35600662300;","Understanding correlation effects for ion conduction in polymer electrolytes",2008,"Journal of Physical Chemistry B","112","32",,"9641","9651",,25,"10.1021/jp711563a","https://www.scopus.com/inward/record.uri?eid=2-s2.0-50549099497&doi=10.1021%2fjp711563a&partnerID=40&md5=87e6dc9cabc34f9c01d7703033dc2df1","Westfälische Wilhelms-Universität Münster, Institut für Physikalische Chemie, Corrensstrasse 30, 48149 Münster, Germany; NRW Graduate School of Chemistry, Corrensstrasse 36, 48149 Münster, Germany","Maitra, A., NRW Graduate School of Chemistry, Corrensstrasse 36, 48149 Münster, Germany; Heuer, A., Westfälische Wilhelms-Universität Münster, Institut für Physikalische Chemie, Corrensstrasse 30, 48149 Münster, Germany",Article,"Final","All Open Access, Green",Scopus,2-s2.0-50549099497
"Maitra A., Heuer A.","23088874300;35600662300;","Understanding segmental dynamics in polymer electrolytes: A computer study",2007,"Macromolecular Chemistry and Physics","208","19-20",,"2215","2221",,13,"10.1002/macp.200700265","https://www.scopus.com/inward/record.uri?eid=2-s2.0-37149049556&doi=10.1002%2fmacp.200700265&partnerID=40&md5=8349bff26d887aba63696480d34240ac","Westfälische Wilhelms-Universität Münster, Institut für Physikalische Chemie, Corrensstr. 30, 48149 Münster, Germany; NRW Graduate School of Chemistry, Corrensstr. 36, 48149 Münster, Germany","Maitra, A., Westfälische Wilhelms-Universität Münster, Institut für Physikalische Chemie, Corrensstr. 30, 48149 Münster, Germany, NRW Graduate School of Chemistry, Corrensstr. 36, 48149 Münster, Germany; Heuer, A., Westfälische Wilhelms-Universität Münster, Institut für Physikalische Chemie, Corrensstr. 30, 48149 Münster, Germany, NRW Graduate School of Chemistry, Corrensstr. 36, 48149 Münster, Germany",Article,"Final","All Open Access, Green",Scopus,2-s2.0-37149049556
"Maitra A., Heuer A.","23088874300;35600662300;","Cation transport in polymer electrolytes: A microscopic approach",2007,"Physical Review Letters","98","22","227802","","",,110,"10.1103/PhysRevLett.98.227802","https://www.scopus.com/inward/record.uri?eid=2-s2.0-34547377300&doi=10.1103%2fPhysRevLett.98.227802&partnerID=40&md5=1acdc655119929b1d6dc40b065fb9954",,"Maitra, A.; Heuer, A.",Article,"Final","All Open Access, Green",Scopus,2-s2.0-34547377300
