﻿Authors,Author(s) ID,Title,Year,Source title,Volume,Issue,Art. No.,Page start,Page end,Page count,Cited by,DOI,Link,Affiliations,Authors with affiliations,Document Type,Publication Stage,Open Access,Source,EID
"Choudhary P., Bhargava L., Suhag A.K.","57213579334;14423942100;54916937000;","Designing of Energy-Efficient Approximate Multiplier Circuit for Processing Unit of IoT Devices",2023,"SN Computer Science","4","5","506","","",,,"10.1007/s42979-023-01864-4","https://www.scopus.com/inward/record.uri?eid=2-s2.0-85163724520&doi=10.1007%2fs42979-023-01864-4&partnerID=40&md5=2116c6860487c48edf04e1605f7553c3","Department of Electronics and Communication Engineering, Malaviya National Institute of Technology, Jaipur, 302017, India; Department of Electronics and Communication Engineering, Swami Keshvanand Institute of Technology Management & Gramothan, Jaipur, 302017, India; Department of Electronics and Communication Engineering, BML Munjal University, 122413, Gurugram, India","Choudhary, P., Department of Electronics and Communication Engineering, Malaviya National Institute of Technology, Jaipur, 302017, India, Department of Electronics and Communication Engineering, Swami Keshvanand Institute of Technology Management & Gramothan, Jaipur, 302017, India; Bhargava, L., Department of Electronics and Communication Engineering, Malaviya National Institute of Technology, Jaipur, 302017, India; Suhag, A.K., Department of Electronics and Communication Engineering, BML Munjal University, 122413, Gurugram, India",Article,"Final","",Scopus,2-s2.0-85163724520
"Roy A., Bandopadhaya S., Chandra S., Suhag A.","57014006000;55608418800;57223628879;54916937000;","Removal of impulse noise for multimedia-IoT applications at gateway level",2022,"Multimedia Tools and Applications","81","24",,"34463","34480",,2,"10.1007/s11042-021-11832-w","https://www.scopus.com/inward/record.uri?eid=2-s2.0-85122659418&doi=10.1007%2fs11042-021-11832-w&partnerID=40&md5=24e10f787632750145d05194a4fbee9f","Ghani Khan Choudhury Institute of Engineering & Technology, West Bengal, Malda, 732141, India; Banasthali Vidhyapith, Rajasthan, Tonk, 304022, India; IIM Ranchi, Jharkhand, Ranchi, 834008, India; BML Munjal University, Haryana, Gurgaon, 122413, India","Roy, A., Ghani Khan Choudhury Institute of Engineering & Technology, West Bengal, Malda, 732141, India; Bandopadhaya, S., Banasthali Vidhyapith, Rajasthan, Tonk, 304022, India; Chandra, S., IIM Ranchi, Jharkhand, Ranchi, 834008, India; Suhag, A., BML Munjal University, Haryana, Gurgaon, 122413, India",Article,"Final","",Scopus,2-s2.0-85122659418
"Dhoopar A., Sihag P., Kumar A., Suhag A.K.","57226612508;57211983339;57001679600;54916937000;","Organizational resilience and employee performance in COVID-19 pandemic: the mediating effect of emotional intelligence",2022,"International Journal of Organizational Analysis","30","1",,"130","155",,14,"10.1108/IJOA-06-2020-2261","https://www.scopus.com/inward/record.uri?eid=2-s2.0-85112026304&doi=10.1108%2fIJOA-06-2020-2261&partnerID=40&md5=8ab21bdf27f5d4891b340b449c7d22e4","Department of Management Studies, Malaviya National Institute of Technology, Jaipur, India; Department of Centre for Supply Chain Improvement, University of Derby, Derby, United Kingdom; BML Munjal University, Gurgaon, India","Dhoopar, A., Department of Management Studies, Malaviya National Institute of Technology, Jaipur, India; Sihag, P., Department of Management Studies, Malaviya National Institute of Technology, Jaipur, India; Kumar, A., Department of Centre for Supply Chain Improvement, University of Derby, Derby, United Kingdom; Suhag, A.K., BML Munjal University, Gurgaon, India",Article,"Final","All Open Access, Green",Scopus,2-s2.0-85112026304
"Choudhary P., Bhargava L., Suhag A.K., Choudhary M., Singh S.","57213579334;14423942100;54916937000;57219336815;58262736100;","An Era of Internet of Things Leads to Smart Cities Initiatives Towards Urbanization",2021,"Digital Cities Roadmap: IoT-Based Architecture and Sustainable Buildings",,,,"319","350",,6,"10.1002/9781119792079.ch10","https://www.scopus.com/inward/record.uri?eid=2-s2.0-85115376091&doi=10.1002%2f9781119792079.ch10&partnerID=40&md5=7ee20f424f7fd1ba49ea8015ff4ffb33","Department of Electronics and Communication Engineering, MNIT, Jaipur, India; Department of Electronics and Communication Engineering, Swami Keshvanand Institute of Technology Management and Gramothan, Jaipur, India; Department of Electronics and Communication Engineering, BML Munjal University, Gurgaon, India; Department of Mechanical Engineering, Vivekananda Global University, Jaipur, India","Choudhary, P., Department of Electronics and Communication Engineering, MNIT, Jaipur, India, Department of Electronics and Communication Engineering, Swami Keshvanand Institute of Technology Management and Gramothan, Jaipur, India; Bhargava, L., Department of Electronics and Communication Engineering, MNIT, Jaipur, India; Suhag, A.K., Department of Electronics and Communication Engineering, BML Munjal University, Gurgaon, India; Choudhary, M., Department of Electronics and Communication Engineering, MNIT, Jaipur, India, Department of Electronics and Communication Engineering, Swami Keshvanand Institute of Technology Management and Gramothan, Jaipur, India; Singh, S., Department of Mechanical Engineering, Vivekananda Global University, Jaipur, India",Book Chapter,"Final","",Scopus,2-s2.0-85115376091
"Shrivastava V., Suhag A.K.","10739021800;54916937000;","Leveraging controllability measures for high transition delay test coverage in DTESFF based partial enhanced scan design",2020,"International Journal of System Assurance Engineering and Management","11","3",,"655","661",,,"10.1007/s13198-020-00975-y","https://www.scopus.com/inward/record.uri?eid=2-s2.0-85085131613&doi=10.1007%2fs13198-020-00975-y&partnerID=40&md5=24cbdf1c5588ecfbc9fbac65bb5b4045","Departtment of Electrical and Electronics Engineering, National Institute of Technology, Delhi, India; School of Engineering and Technology, BML Munjal University, Gurgaon, India","Shrivastava, V., Departtment of Electrical and Electronics Engineering, National Institute of Technology, Delhi, India; Suhag, A.K., School of Engineering and Technology, BML Munjal University, Gurgaon, India",Article,"Final","",Scopus,2-s2.0-85085131613
"Bandopadhaya S., Dey R., Suhag A.","55608418800;57192542474;54916937000;","Integrated healthcare monitoring solutions for soldier using the internet of things with distributed computing",2020,"Sustainable Computing: Informatics and Systems","26",,"100378","","",,19,"10.1016/j.suscom.2020.100378","https://www.scopus.com/inward/record.uri?eid=2-s2.0-85082598991&doi=10.1016%2fj.suscom.2020.100378&partnerID=40&md5=d826532c30624554a51070e463d98ff4","School of Engineering and Technology, BML Munjal University, Gurugram, India","Bandopadhaya, S., School of Engineering and Technology, BML Munjal University, Gurugram, India; Dey, R., School of Engineering and Technology, BML Munjal University, Gurugram, India; Suhag, A., School of Engineering and Technology, BML Munjal University, Gurugram, India",Article,"Final","",Scopus,2-s2.0-85082598991
"Choudhary P., Bhargava L., Singh V., Choudhary M., Suhag A.K.","57213579334;14423942100;57199647323;57219336815;54916937000;","A survey - Energy harvesting sources and techniques for internet of things devices",2020,"Materials Today: Proceedings","30",,,"52","56",,23,"10.1016/j.matpr.2020.04.115","https://www.scopus.com/inward/record.uri?eid=2-s2.0-85090948620&doi=10.1016%2fj.matpr.2020.04.115&partnerID=40&md5=888da82a3c4f4c6e830dd1e6fed82fa5","Department of Electronics and Communication Engineering, MNIT, Jaipur, 302017, India; Department of Electrical Engineering, IIT Bombay400076, India; Department of Electronics and Communication Engineering, BML Munjal University122413, India","Choudhary, P., Department of Electronics and Communication Engineering, MNIT, Jaipur, 302017, India; Bhargava, L., Department of Electronics and Communication Engineering, MNIT, Jaipur, 302017, India; Singh, V., Department of Electrical Engineering, IIT Bombay400076, India; Choudhary, M., Department of Electronics and Communication Engineering, MNIT, Jaipur, 302017, India; Suhag, A.K., Department of Electronics and Communication Engineering, BML Munjal University122413, India",Conference Paper,"Final","",Scopus,2-s2.0-85090948620
"Suhag A.K.","54916937000;","Reduction of test data volume using DTESFF-based partial enhanced scan method",2019,"Advances in Intelligent Systems and Computing","741",,,"521","526",,2,"10.1007/978-981-13-0761-4_50","https://www.scopus.com/inward/record.uri?eid=2-s2.0-85053248641&doi=10.1007%2f978-981-13-0761-4_50&partnerID=40&md5=96d4cd557b34ac06e24047f6ea604e40","School of Engineering and Technology, BML Munjal University, Gurgaon, 122413, India","Suhag, A.K., School of Engineering and Technology, BML Munjal University, Gurgaon, 122413, India",Conference Paper,"Final","",Scopus,2-s2.0-85053248641
"Reddy K.V., Bharath M.V., Suhag A.K., Sinha M.","57215296198;57210344120;54916937000;57215295233;","Test vector reordering by using hybrid genetic algorithm-simulated annealing for lower switching activity",2018,"2018 4th International Conference on Computing Communication and Automation, ICCCA 2018",,,"8777638","","",,5,"10.1109/CCAA.2018.8777638","https://www.scopus.com/inward/record.uri?eid=2-s2.0-85070409893&doi=10.1109%2fCCAA.2018.8777638&partnerID=40&md5=85b5d41e8765ca16fed5e286385e9533","Department of Electronics and Communication, BML Munjal University, Gurgaon, India","Reddy, K.V., Department of Electronics and Communication, BML Munjal University, Gurgaon, India; Bharath, M.V., Department of Electronics and Communication, BML Munjal University, Gurgaon, India; Suhag, A.K., Department of Electronics and Communication, BML Munjal University, Gurgaon, India; Sinha, M., Department of Electronics and Communication, BML Munjal University, Gurgaon, India",Conference Paper,"Final","",Scopus,2-s2.0-85070409893
"Jha S., Sihag A.","57212421412;54916937000;","Study of Effect of Strain, Quantum Well Width, and Temperature on Optical Gain in Nano-Heterostructures",2018,"Advances in Intelligent Systems and Computing","718",,,"45","50",,1,"10.1007/978-981-10-7656-5_6","https://www.scopus.com/inward/record.uri?eid=2-s2.0-85040109353&doi=10.1007%2f978-981-10-7656-5_6&partnerID=40&md5=369806a9beb34ab16fa12d6a8fa3e91c","BML Munjal University, Gurgaon, India","Jha, S., BML Munjal University, Gurgaon, India; Sihag, A., BML Munjal University, Gurgaon, India",Conference Paper,"Final","",Scopus,2-s2.0-85040109353
"Ahlawat S., Vaghani D., Tudu J., Suhag A.","57188811237;57193616502;35147214200;54916937000;","A cost effective technique for diagnosis of scan chain faults",2017,"Communications in Computer and Information Science","711",,,"191","204",,4,"10.1007/978-981-10-7470-7_20","https://www.scopus.com/inward/record.uri?eid=2-s2.0-85039420763&doi=10.1007%2f978-981-10-7470-7_20&partnerID=40&md5=0ec1e4d1d0153a809c6297f9b26f4e94","Computer Architecture and Dependable Systems Labaratory, Department of Electrical Engineering, Indian Institute of Technology Bombay, Mumbai, India; Department of Computer Science and Automation, Indian Institute of Science, Bengaluru, India; School of Engineering and Technology, BML Munjal University, Gurgaon, India","Ahlawat, S., Computer Architecture and Dependable Systems Labaratory, Department of Electrical Engineering, Indian Institute of Technology Bombay, Mumbai, India; Vaghani, D., Computer Architecture and Dependable Systems Labaratory, Department of Electrical Engineering, Indian Institute of Technology Bombay, Mumbai, India; Tudu, J., Department of Computer Science and Automation, Indian Institute of Science, Bengaluru, India; Suhag, A., School of Engineering and Technology, BML Munjal University, Gurgaon, India",Conference Paper,"Final","",Scopus,2-s2.0-85039420763
"Suhag A.K., Ahlawat S., Shrivastava V., Choudhary R.R.","54916937000;57188811237;10739021800;54881727800;","Output gating performance overhead elimination for scan test",2015,"International Journal of Electronics","102","7",,"1244","1252",,4,"10.1080/00207217.2014.977357","https://www.scopus.com/inward/record.uri?eid=2-s2.0-84928598515&doi=10.1080%2f00207217.2014.977357&partnerID=40&md5=966a89baf4299e76ca78590f6117edb4","School of Engineering, Gautam Buddha University, Greater Noida, India; Department of Electronic Science, Kurukshetra University, Kurukshetra, India; Department of Electrical Engineering, Rajasthan Technical University, Kota, India; Department Electronic Instrumentation and Control Engineering, Government Engineering College, Bikaner, India","Suhag, A.K., School of Engineering, Gautam Buddha University, Greater Noida, India; Ahlawat, S., Department of Electronic Science, Kurukshetra University, Kurukshetra, India; Shrivastava, V., Department of Electrical Engineering, Rajasthan Technical University, Kota, India; Choudhary, R.R., Department Electronic Instrumentation and Control Engineering, Government Engineering College, Bikaner, India",Article,"Final","",Scopus,2-s2.0-84928598515
"Kumar A., Suhag A.K., Singh A., Sharma S.K., Kumar M., Kumar D.","56372610200;54916937000;55419037300;55734227300;55367259000;57072340500;","Deposition and characterization of amorphous electroless Ni-Co-P alloy thin film for ULSI application",2014,"Materials Research Express","1","3","035007","","",,3,"10.1088/2053-1591/1/3/035007","https://www.scopus.com/inward/record.uri?eid=2-s2.0-84953319425&doi=10.1088%2f2053-1591%2f1%2f3%2f035007&partnerID=40&md5=05aa9b6d00bc07bee4d43396cccc4552","Indian Institute of Technology, Delhi, (IIT Delhi), India; School of Engineering, Gautam Buddha University, Greater Noida, 201312, India; Electronic Science Department, Kurukshetra University, Kurukshetra, 136119, India; School of Computing and Electrical Engineering, Indian Institute of Technology, Mandi (IIT Mandi), Mandi, 175001, India; Department of Physics, University of Rajasthan, Jaipur, 302004, India","Kumar, A., Indian Institute of Technology, Delhi, (IIT Delhi), India; Suhag, A.K., School of Engineering, Gautam Buddha University, Greater Noida, 201312, India; Singh, A., Department of Physics, University of Rajasthan, Jaipur, 302004, India; Sharma, S.K., School of Computing and Electrical Engineering, Indian Institute of Technology, Mandi (IIT Mandi), Mandi, 175001, India; Kumar, M., Electronic Science Department, Kurukshetra University, Kurukshetra, 136119, India; Kumar, D., Electronic Science Department, Kurukshetra University, Kurukshetra, 136119, India",Article,"Final","",Scopus,2-s2.0-84953319425
"Suhag A.K., Shrivastava V., Singh N.","54916937000;10739021800;57212598438;","Flip-flop selection for partial enhance scan chain using DTESFF for high transition delay fault coverage",2013,"International Journal of System Assurance Engineering and Management","4","3",,"303","311",,3,"10.1007/s13198-013-0170-9","https://www.scopus.com/inward/record.uri?eid=2-s2.0-84883501136&doi=10.1007%2fs13198-013-0170-9&partnerID=40&md5=c9c636aba24a7daed5d3ce583bf3e751","Gautam Buddha University, Greater Noida, India; National Institute of Technology Delhi, Delhi, India","Suhag, A.K., Gautam Buddha University, Greater Noida, India; Shrivastava, V., National Institute of Technology Delhi, Delhi, India; Singh, N., Gautam Buddha University, Greater Noida, India",Article,"Final","",Scopus,2-s2.0-84883501136
"Suhag A.K., Shrivastava V.","54916937000;10739021800;","Performance evaluation of delay testable enhanced scan flip-flop",2012,"International Journal of System Assurance Engineering and Management","3","3",,"169","174",,4,"10.1007/s13198-012-0124-7","https://www.scopus.com/inward/record.uri?eid=2-s2.0-84868618119&doi=10.1007%2fs13198-012-0124-7&partnerID=40&md5=ae26da828c2a69ecf2c230ffefb5f7ab","Gautam Buddha University, Greater Noida, India","Suhag, A.K., Gautam Buddha University, Greater Noida, India; Shrivastava, V., Gautam Buddha University, Greater Noida, India",Article,"Final","",Scopus,2-s2.0-84868618119
"Suhag A.K., Shrivastava V.","54916937000;10739021800;","Delay testable enhanced scan flip-flop: DFT for high fault coverage",2011,"Proceedings - 2011 International Symposium on Electronic System Design, ISED 2011",,,"6117339","129","133",,6,"10.1109/ISED.2011.25","https://www.scopus.com/inward/record.uri?eid=2-s2.0-84856183547&doi=10.1109%2fISED.2011.25&partnerID=40&md5=4e204e8862acb7fbd936b37063408fc8","Department of Electrical Engineering, School of Engineering, Gautam Buddha University, Greater Noida, India","Suhag, A.K., Department of Electrical Engineering, School of Engineering, Gautam Buddha University, Greater Noida, India; Shrivastava, V., Department of Electrical Engineering, School of Engineering, Gautam Buddha University, Greater Noida, India",Conference Paper,"Final","",Scopus,2-s2.0-84856183547
