﻿Authors,Author(s) ID,Title,Year,Source title,Volume,Issue,Art. No.,Page start,Page end,Page count,Cited by,DOI,Link,Affiliations,Authors with affiliations,Document Type,Publication Stage,Open Access,Source,EID
"Relan D., Mokan M., Relan R.","55662038700;58141506500;56770023200;","An automatic AVR biomarker assessment system in retinal imaging",2023,"Multimedia Tools and Applications","82","23",,"36553","36575",,,"10.1007/s11042-023-14865-5","https://www.scopus.com/inward/record.uri?eid=2-s2.0-85150065164&doi=10.1007%2fs11042-023-14865-5&partnerID=40&md5=453cadcf8605fb4c165704e150458155","BML Munjal University, Kapriwas, India; Siemens Limited, Mumbai, India; Technical University of Denmark, Kongens Lyngby, Denmark","Relan, D., BML Munjal University, Kapriwas, India; Mokan, M., BML Munjal University, Kapriwas, India; Relan, R., Siemens Limited, Mumbai, India, Technical University of Denmark, Kongens Lyngby, Denmark",Article,"Final","",Scopus,2-s2.0-85150065164
"Relan D., Khatter K., Nagpal N.","55662038700;54787827500;57193699900;","Blockchain based solution for electricity supply chain in smart grids",2023,"Applications of Big Data and Artificial Intelligence in Smart Energy Systems","2",,,"127","141",,,,"https://www.scopus.com/inward/record.uri?eid=2-s2.0-85166146406&partnerID=40&md5=e0e763de58fdbc76f78488c85c8a1b31","BML Munjal University, Gurgaon, Haryana, India; Maharaja Agrasen Institute of Technology, Rohini, Delhi, India","Relan, D., BML Munjal University, Gurgaon, Haryana, India; Khatter, K., BML Munjal University, Gurgaon, Haryana, India; Nagpal, N., Maharaja Agrasen Institute of Technology, Rohini, Delhi, India",Book Chapter,"Final","",Scopus,2-s2.0-85166146406
"Mokan M., Shaikh S.H., Relan D., Gabrani G.","58141506500;36761579500;55662038700;6602608380;","Fundus image classification for diabetic retinopathy using deep learning",2023,"Computational Intelligence Aided Systems for Healthcare Domain",,,,"295","312",,,"10.1201/9781003368342-13","https://www.scopus.com/inward/record.uri?eid=2-s2.0-85161165966&doi=10.1201%2f9781003368342-13&partnerID=40&md5=e5f9e14474635b353a58759c365bbfda","Department of Computer Science and Engineering, BML Munjal University, Gurgaon, India; VIPS-TC College of Engineering, Delhi, India","Mokan, M., Department of Computer Science and Engineering, BML Munjal University, Gurgaon, India; Shaikh, S.H., Department of Computer Science and Engineering, BML Munjal University, Gurgaon, India; Relan, D., Department of Computer Science and Engineering, BML Munjal University, Gurgaon, India; Gabrani, G., VIPS-TC College of Engineering, Delhi, India",Book Chapter,"Final","",Scopus,2-s2.0-85161165966
"Santhosh S., Khatter K., Relan D.","58202801600;54787827500;55662038700;","Software Fault Prediction Using Particle Swarm Optimization and Random Forest",2023,"Lecture Notes in Networks and Systems","551",,,"843","851",,,"10.1007/978-981-19-6631-6_58","https://www.scopus.com/inward/record.uri?eid=2-s2.0-85153106775&doi=10.1007%2f978-981-19-6631-6_58&partnerID=40&md5=d5fb3061e33942a4374391f740ddb0ab","BML Munjal University, Kapriwas, India","Santhosh, S., BML Munjal University, Kapriwas, India; Khatter, K., BML Munjal University, Kapriwas, India; Relan, D., BML Munjal University, Kapriwas, India",Book Chapter,"Final","",Scopus,2-s2.0-85153106775
"Phutela N., Relan D., Gabrani G., Kumaraguru P., Samuel M.","57193687658;55662038700;6602608380;14042000100;57675926500;","Stress Classification Using Brain Signals Based on LSTM Network",2022,"Computational Intelligence and Neuroscience","2022",,"7607592","","",,10,"10.1155/2022/7607592","https://www.scopus.com/inward/record.uri?eid=2-s2.0-85129780994&doi=10.1155%2f2022%2f7607592&partnerID=40&md5=1572ff9dbd11e9fc2401eb117201437f","Department of Computer Science and Engineering, BML Munjal University, Gurugram, India; College of Engineering, Vivekananda Institute of Professional Studies Technical Campus, New Delhi, India; Department of Computer Science, International Institute of Information Technology, Hyderabad, India; Computing and Software Engineering, Arba Minch University, Arba Minch, Ethiopia","Phutela, N., Department of Computer Science and Engineering, BML Munjal University, Gurugram, India; Relan, D., Department of Computer Science and Engineering, BML Munjal University, Gurugram, India; Gabrani, G., College of Engineering, Vivekananda Institute of Professional Studies Technical Campus, New Delhi, India; Kumaraguru, P., Department of Computer Science, International Institute of Information Technology, Hyderabad, India; Samuel, M., Computing and Software Engineering, Arba Minch University, Arba Minch, Ethiopia",Article,"Final","All Open Access, Gold, Green",Scopus,2-s2.0-85129780994
"Phutela N., Relan D., Gabrani G., Kumaraguru P.","57193687658;55662038700;6602608380;14042000100;","EEG Based Stress Classification in Response to Stress Stimulus",2022,"Communications in Computer and Information Science","1546 CCIS",,,"354","362",,1,"10.1007/978-3-030-95711-7_30","https://www.scopus.com/inward/record.uri?eid=2-s2.0-85124673504&doi=10.1007%2f978-3-030-95711-7_30&partnerID=40&md5=a9c095a37da0eaf5fa689b25d35ad64e","Computer Science and Engineering Department, BML Munjal University, Haryana, Gurugram, India; College of Engineering, Vivekananda Institute of Professional Studies, Pitampura, New Delhi, India; Computer Science Department, IIIT Hyderabad, Hyderabad, Gachibowli, India","Phutela, N., Computer Science and Engineering Department, BML Munjal University, Haryana, Gurugram, India; Relan, D., Computer Science and Engineering Department, BML Munjal University, Haryana, Gurugram, India; Gabrani, G., College of Engineering, Vivekananda Institute of Professional Studies, Pitampura, New Delhi, India; Kumaraguru, P., Computer Science Department, IIIT Hyderabad, Hyderabad, Gachibowli, India",Conference Paper,"Final","",Scopus,2-s2.0-85124673504
"Palani S.S., Dev M., Mogili G., Relan D., Dey R.","57224580927;55819919200;57224572121;55662038700;57192542474;","Face mask detector using deep transfer learning and fine-tuning",2021,"Proceedings of the 2021 8th International Conference on Computing for Sustainable Global Development, INDIACom 2021",,,"9441193","695","698",,3,"10.1109/INDIACom51348.2021.00123","https://www.scopus.com/inward/record.uri?eid=2-s2.0-85107908434&doi=10.1109%2fINDIACom51348.2021.00123&partnerID=40&md5=69d33fd0b755f812ae004ecd293a970d","BML Munjal University, Department of Computer Science, Gurgaon, India; BML Munjal University, Department of Electronics and Communication, Gurgaon, India","Palani, S.S., BML Munjal University, Department of Computer Science, Gurgaon, India; Dev, M., BML Munjal University, Department of Electronics and Communication, Gurgaon, India; Mogili, G., BML Munjal University, Department of Electronics and Communication, Gurgaon, India; Relan, D., BML Munjal University, Department of Computer Science, Gurgaon, India; Dey, R., BML Munjal University, Department of Electronics and Communication, Gurgaon, India",Conference Paper,"Final","",Scopus,2-s2.0-85107908434
"Agarwal S., Khatter K., Relan D.","57224566678;54787827500;55662038700;","Security threat sounds classification using neural network",2021,"Proceedings of the 2021 8th International Conference on Computing for Sustainable Global Development, INDIACom 2021",,,"9441446","690","694",,2,"10.1109/INDIACom51348.2021.00122","https://www.scopus.com/inward/record.uri?eid=2-s2.0-85107904170&doi=10.1109%2fINDIACom51348.2021.00122&partnerID=40&md5=db4bd8b8fcae0c5c96a203bfcd1eb74e","BML Munjal University, School of Engineering Technology, Gurgaon, India","Agarwal, S., BML Munjal University, School of Engineering Technology, Gurgaon, India; Khatter, K., BML Munjal University, School of Engineering Technology, Gurgaon, India; Relan, D., BML Munjal University, School of Engineering Technology, Gurgaon, India",Conference Paper,"Final","",Scopus,2-s2.0-85107904170
"Relan D., Relan R.","55662038700;56770023200;","Unsupervised sorting of retinal vessels using locally consistent Gaussian mixtures",2021,"Computer Methods and Programs in Biomedicine","199",,"105894","","",,10,"10.1016/j.cmpb.2020.105894","https://www.scopus.com/inward/record.uri?eid=2-s2.0-85098452658&doi=10.1016%2fj.cmpb.2020.105894&partnerID=40&md5=d937dd27be25af415397979d89c1cd9a","Department of Computer Science, BML Munjal University, Gurgaon, India; Department of Applied Mathematics and Computer Science (DTU Compute), Technical University of Denmark, Kongens Lyngby, Denmark; Siemens Energy, Gurgaon, India","Relan, D., Department of Computer Science, BML Munjal University, Gurgaon, India; Relan, R., Department of Applied Mathematics and Computer Science (DTU Compute), Technical University of Denmark, Kongens Lyngby, Denmark, Siemens Energy, Gurgaon, India",Article,"Final","All Open Access, Green",Scopus,2-s2.0-85098452658
"Relan D., Khatter K.","55662038700;54787827500;","Effectiveness of Multi-fractal Analysis in Differentiating Subgroups of Retinal Images",2020,"2020 IEEE 17th India Council International Conference, INDICON 2020",,,"9342576","","",,1,"10.1109/INDICON49873.2020.9342576","https://www.scopus.com/inward/record.uri?eid=2-s2.0-85101582193&doi=10.1109%2fINDICON49873.2020.9342576&partnerID=40&md5=dbd084345773b0396046b41c319c566c","Bml Munjal University, Gurgaon, Haryana, India","Relan, D., Bml Munjal University, Gurgaon, Haryana, India; Khatter, K., Bml Munjal University, Gurgaon, Haryana, India",Conference Paper,"Final","",Scopus,2-s2.0-85101582193
"Khatter K., Relan D., Mishra A.","54787827500;55662038700;57214672356;","Retinal Vessel Segmentation using Robinson Compass Mask and Fuzzy C-Means",2020,"2020 IEEE 17th India Council International Conference, INDICON 2020",,,"9342216","","",,2,"10.1109/INDICON49873.2020.9342216","https://www.scopus.com/inward/record.uri?eid=2-s2.0-85101540993&doi=10.1109%2fINDICON49873.2020.9342216&partnerID=40&md5=670309b8045afc55b7d4353aa5fa4b32","Bml Munjal University, Gurgaon, India","Khatter, K., Bml Munjal University, Gurgaon, India; Relan, D., Bml Munjal University, Gurgaon, India; Mishra, A., Bml Munjal University, Gurgaon, India",Conference Paper,"Final","",Scopus,2-s2.0-85101540993
"Veluchamy A., Ballerini L., Vitart V., Schraut K.E., Kirin M., Campbell H., Joshi P.K., Relan D., Harris S., Brown E., Vaidya S.S., Dhillon B., Zhou K., Pearson E.R., Hayward C., Polasek O., Deary I.J., Macgillivray T., Wilson J.F., Trucco E., Palmer C.N.A., Doney A.S.F.","57189376243;7005287589;57202570156;57211721006;34876973900;7202318417;57216109700;55662038700;7403484635;57212057356;57212056033;35406977300;55503294300;56899266200;35369845200;8232027400;57193752767;57207503523;56920724500;57201786780;57203644795;6602412421;","Novel Genetic Locus Influencing Retinal Venular Tortuosity Is Also Associated with Risk of Coronary Artery Disease",2019,"Arteriosclerosis, Thrombosis, and Vascular Biology","39","12",,"2542","2552",,18,"10.1161/ATVBAHA.119.312552","https://www.scopus.com/inward/record.uri?eid=2-s2.0-85075814549&doi=10.1161%2fATVBAHA.119.312552&partnerID=40&md5=03e457d604a25476cad7b365bd7f6d63","Division of Population Health and Genomics, University of Dundee, Ninewells Hospital and Medical School, Dundee, DD1 9SY, United Kingdom; Ninewells Hospital and Medical School and VAMPIRE Project, Computer Vision and Image Processing Group, School of Science and Engineering (Computing), University of Dundee, United Kingdom; MRC Human Genetics Unit, MRC Institute of Genetics and Molecular Medicine, University of Edinburgh, Western General Hospital, United Kingdom; Medical Genetics Section, Centre for Genomic and Experimental Medicine, MRC Institute of Genetics and Molecular Medicine, University of Edinburgh, Western General Hospital, United Kingdom; Centre for Global Health Research, Usher Institute of Population Health Sciences and Informatics, University of Edinburgh, United Kingdom; Centre for Cardiovascular Science, Queen's Medical Research Institute, University of Edinburgh, Royal Infirmary of Edinburgh, United Kingdom; Clinical Research Imaging Centre, Queen's Medical Research Institute, University of Edinburgh, Royal Infirmary of Edinburgh, United Kingdom; VAMPIRE Project, Centre for Clinical Brain Sciences, Chancellor's Building, Royal Infirmary of Edinburgh, United Kingdom; Department of Psychology, University of Edinburgh, United Kingdom; Centre for Cognitive Ageing and Cognitive Epidemiology, University of Edinburgh, United Kingdom; Department of Public Health, University of Split, School of Medicine, Croatia; Renji Hospital, University of Chinese Academy of Sciences, Chongqing, China; Department of Computer Science, BML Munjal University, Gurgaon, Haryana, India","Veluchamy, A., Division of Population Health and Genomics, University of Dundee, Ninewells Hospital and Medical School, Dundee, DD1 9SY, United Kingdom; Ballerini, L., Ninewells Hospital and Medical School and VAMPIRE Project, Computer Vision and Image Processing Group, School of Science and Engineering (Computing), University of Dundee, United Kingdom, VAMPIRE Project, Centre for Clinical Brain Sciences, Chancellor's Building, Royal Infirmary of Edinburgh, United Kingdom; Vitart, V., MRC Human Genetics Unit, MRC Institute of Genetics and Molecular Medicine, University of Edinburgh, Western General Hospital, United Kingdom; Schraut, K.E., Centre for Global Health Research, Usher Institute of Population Health Sciences and Informatics, University of Edinburgh, United Kingdom, Centre for Cardiovascular Science, Queen's Medical Research Institute, University of Edinburgh, Royal Infirmary of Edinburgh, United Kingdom; Kirin, M., Centre for Global Health Research, Usher Institute of Population Health Sciences and Informatics, University of Edinburgh, United Kingdom, Department of Public Health, University of Split, School of Medicine, Croatia; Campbell, H., Centre for Global Health Research, Usher Institute of Population Health Sciences and Informatics, University of Edinburgh, United Kingdom; Joshi, P.K., Centre for Global Health Research, Usher Institute of Population Health Sciences and Informatics, University of Edinburgh, United Kingdom; Relan, D., VAMPIRE Project, Centre for Clinical Brain Sciences, Chancellor's Building, Royal Infirmary of Edinburgh, United Kingdom, Department of Computer Science, BML Munjal University, Gurgaon, Haryana, India; Harris, S., Medical Genetics Section, Centre for Genomic and Experimental Medicine, MRC Institute of Genetics and Molecular Medicine, University of Edinburgh, Western General Hospital, United Kingdom, Department of Psychology, University of Edinburgh, United Kingdom, Centre for Cognitive Ageing and Cognitive Epidemiology, University of Edinburgh, United Kingdom; Brown, E., Clinical Research Imaging Centre, Queen's Medical Research Institute, University of Edinburgh, Royal Infirmary of Edinburgh, United Kingdom; Vaidya, S.S., Clinical Research Imaging Centre, Queen's Medical Research Institute, University of Edinburgh, Royal Infirmary of Edinburgh, United Kingdom; Dhillon, B., VAMPIRE Project, Centre for Clinical Brain Sciences, Chancellor's Building, Royal Infirmary of Edinburgh, United Kingdom; Zhou, K., Renji Hospital, University of Chinese Academy of Sciences, Chongqing, China; Pearson, E.R., Division of Population Health and Genomics, University of Dundee, Ninewells Hospital and Medical School, Dundee, DD1 9SY, United Kingdom; Hayward, C., MRC Human Genetics Unit, MRC Institute of Genetics and Molecular Medicine, University of Edinburgh, Western General Hospital, United Kingdom; Polasek, O., Department of Public Health, University of Split, School of Medicine, Croatia; Deary, I.J., Department of Psychology, University of Edinburgh, United Kingdom; Macgillivray, T., VAMPIRE Project, Centre for Clinical Brain Sciences, Chancellor's Building, Royal Infirmary of Edinburgh, United Kingdom; Wilson, J.F., MRC Human Genetics Unit, MRC Institute of Genetics and Molecular Medicine, University of Edinburgh, Western General Hospital, United Kingdom, Centre for Global Health Research, Usher Institute of Population Health Sciences and Informatics, University of Edinburgh, United Kingdom; Trucco, E., Ninewells Hospital and Medical School and VAMPIRE Project, Computer Vision and Image Processing Group, School of Science and Engineering (Computing), University of Dundee, United Kingdom; Palmer, C.N.A., Division of Population Health and Genomics, University of Dundee, Ninewells Hospital and Medical School, Dundee, DD1 9SY, United Kingdom; Doney, A.S.F., Division of Population Health and Genomics, University of Dundee, Ninewells Hospital and Medical School, Dundee, DD1 9SY, United Kingdom",Article,"Final","All Open Access, Hybrid Gold, Green",Scopus,2-s2.0-85075814549
"Relan D., Ballerini L., Trucco E., MacGillivray T.","55662038700;7005287589;57201786780;57207503523;","Using orthogonal locality preserving projections to find dominant features for classifying retinal blood vessels",2019,"Multimedia Tools and Applications","78","10",,"12783","12803",,6,"10.1007/s11042-018-6474-7","https://www.scopus.com/inward/record.uri?eid=2-s2.0-85051637001&doi=10.1007%2fs11042-018-6474-7&partnerID=40&md5=7dd9a3fd36fd886dcb89def65c7aabb1","Centre for Clinical Brain Sciences, University of Edinburgh, Edinburgh, United Kingdom; Computing, School of Science and Engineering, University of Dundee, Dundee, United Kingdom","Relan, D., Centre for Clinical Brain Sciences, University of Edinburgh, Edinburgh, United Kingdom; Ballerini, L., Centre for Clinical Brain Sciences, University of Edinburgh, Edinburgh, United Kingdom; Trucco, E., Computing, School of Science and Engineering, University of Dundee, Dundee, United Kingdom; MacGillivray, T., Centre for Clinical Brain Sciences, University of Edinburgh, Edinburgh, United Kingdom",Article,"Final","All Open Access, Green",Scopus,2-s2.0-85051637001
"Relan D., Jain D., Mittal V.","55662038700;58465597600;57615018900;","Robustness of Fourier fractal analysis in differentiating subgroups of retinal images",2019,"Journal of Discrete Mathematical Sciences and Cryptography","22","2",,"101","111",,2,"10.1080/09720529.2019.1576332","https://www.scopus.com/inward/record.uri?eid=2-s2.0-85062663847&doi=10.1080%2f09720529.2019.1576332&partnerID=40&md5=5cfe26fcec8d28f78c6a2a37801c2ec0","Bhagwan Parshuram Institute of Technology, Rohini, Sector 17, New Delhi, 110089, India; Bhagwan Parshuram Institute of Technology, Rohini, Sector 17, New Delhi, 110089, India; Bhagwan Parshuram Institute of Technology, Rohini, Sector 17, New Delhi, 110089, India","Relan, D., Bhagwan Parshuram Institute of Technology, Rohini, Sector 17, New Delhi, 110089, India; Jain, D., Bhagwan Parshuram Institute of Technology, Rohini, Sector 17, New Delhi, 110089, India; Mittal, V., Bhagwan Parshuram Institute of Technology, Rohini, Sector 17, New Delhi, 110089, India",Article,"Final","",Scopus,2-s2.0-85062663847
"Relan D., Relan R.","55662038700;56770023200;","Multiscale self-quotient filtering for an improved unsupervised retinal blood vessels characterisation",2018,"Biomedical Engineering Letters","8","1",,"59","68",,4,"10.1007/s13534-017-0040-5","https://www.scopus.com/inward/record.uri?eid=2-s2.0-85042730301&doi=10.1007%2fs13534-017-0040-5&partnerID=40&md5=9bbde3b2315272e803aaa93ffd8bde08","Centre for Clinical Brain Sciences, University of Edinburgh, Edinburgh, United Kingdom; Department of Fundamental Electricity and Instrumentation (ELEC), Vrije Universiteit Brussel, Brussels, Belgium","Relan, D., Centre for Clinical Brain Sciences, University of Edinburgh, Edinburgh, United Kingdom; Relan, R., Department of Fundamental Electricity and Instrumentation (ELEC), Vrije Universiteit Brussel, Brussels, Belgium",Article,"Final","All Open Access, Green",Scopus,2-s2.0-85042730301
"Relan D., Ballerini L., Trucco E., MacGillivray T.","55662038700;7005287589;57201786780;57207503523;","Retinal vessel classification based on maximization of squared-loss mutual information",2016,"Advances in Intelligent Systems and Computing","390",,,"77","84",,14,"10.1007/978-81-322-2625-3_7","https://www.scopus.com/inward/record.uri?eid=2-s2.0-84943303063&doi=10.1007%2f978-81-322-2625-3_7&partnerID=40&md5=68a2045f9c8d8bcb9659919f1a003617","Centre for Clinical Brain Sciences, Edinburgh, United Kingdom; School of Computing, University of Dundee, Dundee, United Kingdom; Clinical Research Imaging Centre, University of Edinburgh, Edinburgh, United Kingdom; Clinical Research Facility, University of Edinburgh, Edinburgh, United Kingdom","Relan, D., Centre for Clinical Brain Sciences, Edinburgh, United Kingdom; Ballerini, L., School of Computing, University of Dundee, Dundee, United Kingdom; Trucco, E., School of Computing, University of Dundee, Dundee, United Kingdom; MacGillivray, T., Centre for Clinical Brain Sciences, Edinburgh, United Kingdom, Clinical Research Imaging Centre, University of Edinburgh, Edinburgh, United Kingdom, Clinical Research Facility, University of Edinburgh, Edinburgh, United Kingdom",Book Chapter,"Final","",Scopus,2-s2.0-84943303063
"Trucco E., Giachetti A., Ballerini L., Relan D., Cavinato A., MacGillivray T.","57201786780;7005064880;7005287589;55662038700;55823940800;57207503523;","Morphometric Measurements of The Retinal Vasculature in Fundus Images with Vampire",2015,"Biomedical Image Understanding: Methods and Applications",,,,"91","111",,23,"10.1002/9781118715321.ch3","https://www.scopus.com/inward/record.uri?eid=2-s2.0-85015570628&doi=10.1002%2f9781118715321.ch3&partnerID=40&md5=92440e2885a715397c31296cba9d9972","VAMPIRE/CVIP, School of Computing, University of Dundee, Dundee, United Kingdom; Department of Computer Science, University of Verona, Verona, Italy; Clinical Research Imaging Centre, University of Edinburgh, Edinburgh, United Kingdom","Trucco, E., VAMPIRE/CVIP, School of Computing, University of Dundee, Dundee, United Kingdom; Giachetti, A., Department of Computer Science, University of Verona, Verona, Italy; Ballerini, L., VAMPIRE/CVIP, School of Computing, University of Dundee, Dundee, United Kingdom; Relan, D., Clinical Research Imaging Centre, University of Edinburgh, Edinburgh, United Kingdom; Cavinato, A., VAMPIRE/CVIP, School of Computing, University of Dundee, Dundee, United Kingdom; MacGillivray, T., Clinical Research Imaging Centre, University of Edinburgh, Edinburgh, United Kingdom",Book Chapter,"Final","",Scopus,2-s2.0-85015570628
"Relan D., MacGillivray T., Ballerini L., Trucco E.","55662038700;57207503523;7005287589;57201786780;","Automatic retinal vessel classification using a Least Square-Support Vector Machine in VAMPIRE",2014,"2014 36th Annual International Conference of the IEEE Engineering in Medicine and Biology Society, EMBC 2014",,,"6943549","142","145",,26,"10.1109/EMBC.2014.6943549","https://www.scopus.com/inward/record.uri?eid=2-s2.0-84929455252&doi=10.1109%2fEMBC.2014.6943549&partnerID=40&md5=50c0756cc54cad27b242f85f0fc2d218","Clinical Research Imaging Centre, University of Edinburgh, United Kingdom; Wellcome Trust Clinical Research Facility, University of Edinburgh, United Kingdom; School of Computing, University of Dundee, United Kingdom","Relan, D., Clinical Research Imaging Centre, University of Edinburgh, United Kingdom; MacGillivray, T., Clinical Research Imaging Centre, University of Edinburgh, United Kingdom, Wellcome Trust Clinical Research Facility, University of Edinburgh, United Kingdom; Ballerini, L., School of Computing, University of Dundee, United Kingdom; Trucco, E., School of Computing, University of Dundee, United Kingdom",Conference Paper,"Final","",Scopus,2-s2.0-84929455252
"Relan D., Macgillivray T., Ballerini L., Trucco E.","55662038700;57207503523;7005287589;57201786780;","Retinal vessel classification: Sorting arteries and veins",2013,"Proceedings of the Annual International Conference of the IEEE Engineering in Medicine and Biology Society, EMBS",,,"6611267","7396","7399",,53,"10.1109/EMBC.2013.6611267","https://www.scopus.com/inward/record.uri?eid=2-s2.0-84886532429&doi=10.1109%2fEMBC.2013.6611267&partnerID=40&md5=1649bcd92cec8d204f3183b6a8248a2a","Clinical Research Imaging Centre, University of Edinburgh, United Kingdom; School of Computing, University of Dundee, United Kingdom","Relan, D., Clinical Research Imaging Centre, University of Edinburgh, United Kingdom; Macgillivray, T., Clinical Research Imaging Centre, University of Edinburgh, United Kingdom; Ballerini, L., School of Computing, University of Dundee, United Kingdom; Trucco, E., School of Computing, University of Dundee, United Kingdom",Conference Paper,"Final","",Scopus,2-s2.0-84886532429
"Trucco E., Ballerini L., Relan D., Giachetti A., MacGillivray T., Zutis K., Lupascu C., Tegolo D., Pellegrini E., Robertson G., Wilson P.J., Doney A., Dhillon B.","57201786780;7005287589;55662038700;7005064880;57207503523;35209265600;24824827900;6506475631;55662337800;55662615800;56784920400;6602412421;35406977300;","Novel VAMPIRE algorithms for quantitative analysis of the retinal vasculature",2013,"ISSNIP Biosignals and Biorobotics Conference, BRC",,,"6487552","","",,38,"10.1109/BRC.2013.6487552","https://www.scopus.com/inward/record.uri?eid=2-s2.0-84876760460&doi=10.1109%2fBRC.2013.6487552&partnerID=40&md5=5eeb1cccc091b77d26c24e0916ba03f4","CVIP, School of Computing, University of Dundee, United Kingdom; CRIC, University of Edinburgh, United Kingdom; Dipartimento di Informatica, University of Verona, Italy; Dipartimento di Matematica e Informatica, University of Palermo, Italy; Dept of Ophthalmology, Ninewells Hospital, Dundee, United Kingdom; Biomedical Research Centre, Ninewells Hospital, Dundee, United Kingdom; Princess Alexandra Eye Pavilion, University of Edinburgh, United Kingdom","Trucco, E., CVIP, School of Computing, University of Dundee, United Kingdom; Ballerini, L., CVIP, School of Computing, University of Dundee, United Kingdom; Relan, D., CRIC, University of Edinburgh, United Kingdom; Giachetti, A., Dipartimento di Informatica, University of Verona, Italy; MacGillivray, T., CRIC, University of Edinburgh, United Kingdom; Zutis, K., CVIP, School of Computing, University of Dundee, United Kingdom; Lupascu, C., Dipartimento di Matematica e Informatica, University of Palermo, Italy; Tegolo, D., Dipartimento di Matematica e Informatica, University of Palermo, Italy; Pellegrini, E., CVIP, School of Computing, University of Dundee, United Kingdom; Robertson, G., CRIC, University of Edinburgh, United Kingdom; Wilson, P.J., Dept of Ophthalmology, Ninewells Hospital, Dundee, United Kingdom; Doney, A., Biomedical Research Centre, Ninewells Hospital, Dundee, United Kingdom; Dhillon, B., Princess Alexandra Eye Pavilion, University of Edinburgh, United Kingdom",Conference Paper,"Final","",Scopus,2-s2.0-84876760460
"Kumar P., Agnihotri D.","56419141700;55662038700;","Biosignal Denoising via wavelet thresholds",2010,"IETE Journal of Research","56","3",,"132","138",,17,"10.4103/0377-2063.67097","https://www.scopus.com/inward/record.uri?eid=2-s2.0-77956028044&doi=10.4103%2f0377-2063.67097&partnerID=40&md5=13356396dc6c215c6c775bf7685b3ee0","Department of Electrical Engineering, Delhi Technological University, Bawana Road, Delhi, India; Maharaja Agrasen Institute of Technology, PSP Area, Rohini, New Delhi, India","Kumar, P., Department of Electrical Engineering, Delhi Technological University, Bawana Road, Delhi, India; Agnihotri, D., Maharaja Agrasen Institute of Technology, PSP Area, Rohini, New Delhi, India",Article,"Final","",Scopus,2-s2.0-77956028044
