﻿Authors,Author(s) ID,Title,Year,Source title,Volume,Issue,Art. No.,Page start,Page end,Page count,Cited by,DOI,Link,Document Type,Publication Stage,Open Access,Source,EID
"Rao, A., Lucey, B., Kumar, S., Lim, W.M.","57344924300;57201834706;57992552600;57193912670;","Do green energy markets catch cold when conventional energy markets sneeze?",2023,"Energy Economics","127",,"107035","","",,,"10.1016/j.eneco.2023.107035","https://www.scopus.com/inward/record.uri?eid=2-s2.0-85173803441&doi=10.1016%2fj.eneco.2023.107035&partnerID=40&md5=d85ded3f83c81f58b4050318dd88acbf",Article,"Final","",Scopus,2-s2.0-85173803441
"Chahal, J., Dagar, V., Dagher, L., Rao, A., Udemba, E.N.","57719703100;57218885592;35112878100;57344924300;57209599041;","The crisis effect in TPB as a moderator for post-pandemic entrepreneurial intentions among higher education students: PLS-SEM and ANN approach",2023,"International Journal of Management Education","21","3","100878","","",,,"10.1016/j.ijme.2023.100878","https://www.scopus.com/inward/record.uri?eid=2-s2.0-85172460416&doi=10.1016%2fj.ijme.2023.100878&partnerID=40&md5=58fe7ca3e23c5710c35808346448c617",Article,"Final","",Scopus,2-s2.0-85172460416
"Rao, A., Lucey, B., Kumar, S.","57344924300;57201834706;57992552600;","Climate risk and carbon emissions: Examining their impact on key energy markets through asymmetric spillovers",2023,"Energy Economics","126",,"106970","","",,,"10.1016/j.eneco.2023.106970","https://www.scopus.com/inward/record.uri?eid=2-s2.0-85171322497&doi=10.1016%2fj.eneco.2023.106970&partnerID=40&md5=66e147f834ef722620aeec6e1f882891",Article,"Final","",Scopus,2-s2.0-85171322497
"Agrawal, A., Chopra, R., Sharma, G.D., Rao, A., Vasa, L., Budhwar, P.","57199398500;57216964669;53064562000;57344924300;16317891500;6701694690;","Work from home practices as corporate strategy- an integrative review",2023,"Heliyon","9","9","e19894","","",,,"10.1016/j.heliyon.2023.e19894","https://www.scopus.com/inward/record.uri?eid=2-s2.0-85171466958&doi=10.1016%2fj.heliyon.2023.e19894&partnerID=40&md5=e352af5344a7a12ba6a1509e40adecfa",Article,"Final","All Open Access, Gold",Scopus,2-s2.0-85171466958
"Rao, A., Dagar, V., Sohag, K., Dagher, L., Tanin, T.I.","57344924300;57218885592;56210712000;35112878100;57209204081;","Good for the planet, good for the wallet: The ESG impact on financial performance in India",2023,"Finance Research Letters","56",,"104093","","",,9,"10.1016/j.frl.2023.104093","https://www.scopus.com/inward/record.uri?eid=2-s2.0-85162172896&doi=10.1016%2fj.frl.2023.104093&partnerID=40&md5=6de58329e9aedb8a6bdffeccef82ed18",Article,"Final","",Scopus,2-s2.0-85162172896
"Doğan, B., Rao, A., Ferraz, D., Sharma, G.D., Shahzadi, I.","57191664500;57344924300;57189237978;53064562000;58436813300;","What do we learn from Nexus between trade diversification and structural change: informing the future about climate action and Sustainability",2023,"Environmental Science and Pollution Research","30","40",,"92162","92181",,2,"10.1007/s11356-023-28770-9","https://www.scopus.com/inward/record.uri?eid=2-s2.0-85165432004&doi=10.1007%2fs11356-023-28770-9&partnerID=40&md5=04e13f106502eef30678c650b5832534",Article,"Final","",Scopus,2-s2.0-85165432004
"Yadav, M.P., Rao, A., Abedin, M.Z., Tabassum, S., Lucey, B.","57214153198;57344924300;57193336983;58202509500;57201834706;","The domino effect: Analyzing the impact of Silicon Valley Bank's fall on top equity indices around the world",2023,"Finance Research Letters","55",,"103952","","",,9,"10.1016/j.frl.2023.103952","https://www.scopus.com/inward/record.uri?eid=2-s2.0-85153863453&doi=10.1016%2fj.frl.2023.103952&partnerID=40&md5=78cfe626f50345a18571c7a575de30d6",Article,"Final","All Open Access, Hybrid Gold",Scopus,2-s2.0-85153863453
"Rao, A., Talan, A., Abbas, S., Dev, D., Taghizadeh-Hesary, F.","57344924300;57196037574;56438900000;57916029400;56291956400;","The role of natural resources in the management of environmental sustainability: Machine learning approach",2023,"Resources Policy","82",,"103548","","",,7,"10.1016/j.resourpol.2023.103548","https://www.scopus.com/inward/record.uri?eid=2-s2.0-85153037136&doi=10.1016%2fj.resourpol.2023.103548&partnerID=40&md5=348751a99ceface6d022b0f1ab8d168a",Article,"Final","",Scopus,2-s2.0-85153037136
"Chopra, R., Magazzino, C., Shah, M.I., Sharma, G.D., Rao, A., Shahzad, U.","57216964669;54405918800;57210115511;53064562000;57344924300;57206773899;","Corrigendum to “The role of renewable energy and natural resources for sustainable agriculture in ASEAN countries: Do carbon emissions and deforestation affect agriculture productivity?” [Resour. Pol. (2022) 102578](S0301420722000290)(10.1016/j.resourpol.2022.102578)",2023,"Resources Policy","82",,"103526","","",,,"10.1016/j.resourpol.2023.103526","https://www.scopus.com/inward/record.uri?eid=2-s2.0-85151426208&doi=10.1016%2fj.resourpol.2023.103526&partnerID=40&md5=41fcd6622f33adae71c861381c3368f3",Erratum,"Final","All Open Access, Bronze",Scopus,2-s2.0-85151426208
"Talan, A., Rao, A., Sharma, G.D., Apostu, S.-A., Abbas, S.","57196037574;57344924300;53064562000;57202512328;56438900000;","Transition towards clean energy consumption in G7: Can financial sector, ICT and democracy help?",2023,"Resources Policy","82",,"103447","","",,4,"10.1016/j.resourpol.2023.103447","https://www.scopus.com/inward/record.uri?eid=2-s2.0-85149439918&doi=10.1016%2fj.resourpol.2023.103447&partnerID=40&md5=b8d47342825d18035b4dc67937759aaf",Article,"Final","",Scopus,2-s2.0-85149439918
"Rao, A., Kumar, S.","57344924300;57992552600;","Are environment-related technologies key to unlock the path towards sustainable development: An econometric analysis",2023,"Geoscience Frontiers",,,"101702","","",,,"10.1016/j.gsf.2023.101702","https://www.scopus.com/inward/record.uri?eid=2-s2.0-85171188798&doi=10.1016%2fj.gsf.2023.101702&partnerID=40&md5=756269fcbcab94aa15b0adcb27464f69",Article,"Article in Press","All Open Access, Gold",Scopus,2-s2.0-85171188798
"Shahzad, U., Sengupta, T., Rao, A., Cui, L.","57206773899;57202093315;57344924300;56582813400;","Forecasting carbon emissions future prices using the machine learning methods",2023,"Annals of Operations Research",,,,"","",,5,"10.1007/s10479-023-05188-7","https://www.scopus.com/inward/record.uri?eid=2-s2.0-85147525834&doi=10.1007%2fs10479-023-05188-7&partnerID=40&md5=fc7879c2062a7e35f83829f33ae5bab1",Article,"Article in Press","All Open Access, Bronze, Green",Scopus,2-s2.0-85147525834
"Srivastava, M., Rao, A., Parihar, J.S., Chavriya, S., Singh, S.","57213217612;57344924300;57973141000;57973567800;57217481508;","What do the AI methods tell us about predicting price volatility of key natural resources: Evidence from hyperparameter tuning",2023,"Resources Policy","80",,"103249","","",,6,"10.1016/j.resourpol.2022.103249","https://www.scopus.com/inward/record.uri?eid=2-s2.0-85145018982&doi=10.1016%2fj.resourpol.2022.103249&partnerID=40&md5=1b4424d768e3784d328c67bd707d966b",Article,"Final","",Scopus,2-s2.0-85145018982
"Ameen, N., Sharma, G.D., Tarba, S., Rao, A., Chopra, R.","57192080707;53064562000;6503974503;57344924300;57216964669;","Toward advancing theory on creativity in marketing and artificial intelligence",2022,"Psychology and Marketing","39","9",,"1802","1825",,22,"10.1002/mar.21699","https://www.scopus.com/inward/record.uri?eid=2-s2.0-85131190986&doi=10.1002%2fmar.21699&partnerID=40&md5=3d90aafef8e5b04ded0ce343e2dabe5a",Review,"Final","All Open Access, Hybrid Gold",Scopus,2-s2.0-85131190986
"Shahzad, U., Gupta, M., Sharma, G.D., Rao, A., Chopra, R.","57206773899;57206485898;53064562000;57344924300;57216964669;","Resolving energy poverty for social change: Research directions and agenda",2022,"Technological Forecasting and Social Change","181",,"121777","","",,29,"10.1016/j.techfore.2022.121777","https://www.scopus.com/inward/record.uri?eid=2-s2.0-85131373881&doi=10.1016%2fj.techfore.2022.121777&partnerID=40&md5=87c4c1da6d090c530631f9e3a69ed48d",Article,"Final","",Scopus,2-s2.0-85131373881
"Rao, A., Gupta, M., Sharma, G.D., Mahendru, M., Agrawal, A.","57344924300;57206485898;53064562000;55769774700;57199398500;","Revisiting the financial market interdependence during COVID-19 times: a study of green bonds, cryptocurrency, commodities and other financial markets",2022,"International Journal of Managerial Finance","18","4",,"725","755",,21,"10.1108/IJMF-04-2022-0165","https://www.scopus.com/inward/record.uri?eid=2-s2.0-85132890985&doi=10.1108%2fIJMF-04-2022-0165&partnerID=40&md5=0f7252727a4c5cd280036db2c717f935",Article,"Final","",Scopus,2-s2.0-85132890985
"Chopra, R., Magazzino, C., Shah, M.I., Sharma, G.D., Rao, A., Shahzad, U.","57216964669;54405918800;57210115511;53064562000;57344924300;57206773899;","The role of renewable energy and natural resources for sustainable agriculture in ASEAN countries: Do carbon emissions and deforestation affect agriculture productivity?",2022,"Resources Policy","76",,"102578","","",,96,"10.1016/j.resourpol.2022.102578","https://www.scopus.com/inward/record.uri?eid=2-s2.0-85125396235&doi=10.1016%2fj.resourpol.2022.102578&partnerID=40&md5=5d41e4ff6de54f009617e631719af360",Article,"Final","",Scopus,2-s2.0-85125396235
"Cai, X., Wang, W., Rao, A., Rahim, S., Zhao, X.","57300490300;57540040300;57344924300;57219007687;57210285679;","Regional Sustainable Development and Spatial Effects From the Perspective of Renewable Energy",2022,"Frontiers in Environmental Science","10",,"859523","","",,46,"10.3389/fenvs.2022.859523","https://www.scopus.com/inward/record.uri?eid=2-s2.0-85126779855&doi=10.3389%2ffenvs.2022.859523&partnerID=40&md5=226c0355fe7286a00f0a791a824f4c49",Article,"Final","All Open Access, Gold",Scopus,2-s2.0-85126779855
"Zhao, X., Mahendru, M., Ma, X., Rao, A., Shang, Y.","57210285679;55769774700;57607522800;57344924300;57219655095;","Impacts of environmental regulations on green economic growth in China: New guidelines regarding renewable energy and energy efficiency",2022,"Renewable Energy","187",,,"728","742",,114,"10.1016/j.renene.2022.01.076","https://www.scopus.com/inward/record.uri?eid=2-s2.0-85124215506&doi=10.1016%2fj.renene.2022.01.076&partnerID=40&md5=770a0b04e0281d4553f87cdff8b5884a",Article,"Final","",Scopus,2-s2.0-85124215506
"Sharma, G.D., Sarker, T., Rao, A., Talan, G., Jain, M.","53064562000;55744729400;57344924300;57205389798;57206485898;","Revisting conventional and green finance spillover in post-COVID world: Evidence from robust econometric models",2022,"Global Finance Journal","51",,"100691","","",,35,"10.1016/j.gfj.2021.100691","https://www.scopus.com/inward/record.uri?eid=2-s2.0-85119368737&doi=10.1016%2fj.gfj.2021.100691&partnerID=40&md5=2777566b243c1944f511eae58289ca7c",Article,"Final","",Scopus,2-s2.0-85119368737
"Rao, A., Sharma, G., Pereira, V., Shahzad, U., Jabeen, F.","57344924300;53064562000;37108422900;57206773899;56278846200;","Analyzing Cyberchondriac Google Trends Data to Forecast Waves and Avoid Friction: Lessons From COVID-19 in India",2022,"IEEE Transactions on Engineering Management",,,,"","",,2,"10.1109/TEM.2022.3147375","https://www.scopus.com/inward/record.uri?eid=2-s2.0-85125331176&doi=10.1109%2fTEM.2022.3147375&partnerID=40&md5=121dbe32b43e0bc829220aa4e6da3d18",Article,"Article in Press","",Scopus,2-s2.0-85125331176
