﻿Authors,Author(s) ID,Title,Year,Source title,Volume,Issue,Art. No.,Page start,Page end,Page count,Cited by,DOI,Link,Document Type,Publication Stage,Open Access,Source,EID
"Gupta, V., Upadhyay, S.K., Malik, C.","58198895500;58221642000;57194713255;","Rescuers Need To Be Rescued: Multi-pronged Strategies to Ensure Mental Well-Being Among Police Personnel",2023,"Journal of Police and Criminal Psychology","38","3",,"643","665",,,"10.1007/s11896-023-09590-6","https://www.scopus.com/inward/record.uri?eid=2-s2.0-85156117855&doi=10.1007%2fs11896-023-09590-6&partnerID=40&md5=846a3655908cd8a83cd0ce42f38b1de0",Article,"Final","",Scopus,2-s2.0-85156117855
"Karnatak, U., Malik, C.","57306300300;57194713255;","Wednesdays obtain herd immunity? Examining the effect of the day of the week on the NSE sectoral market during COVID-19",2021,"Investment Analysts Journal","50","4",,"227","241",,1,"10.1080/10293523.2021.2010374","https://www.scopus.com/inward/record.uri?eid=2-s2.0-85121547607&doi=10.1080%2f10293523.2021.2010374&partnerID=40&md5=2fd4dd895db980057cfc29aa3f7f514f",Article,"Final","",Scopus,2-s2.0-85121547607
"Malik, C., Singhal, N.","57194713255;57194166019;","Consumer Environmental Attitude and Willingness to Purchase Environmentally Friendly Products: An SEM Approach",2017,"Vision","21","2",,"152","161",,31,"10.1177/0972262917700991","https://www.scopus.com/inward/record.uri?eid=2-s2.0-85021762519&doi=10.1177%2f0972262917700991&partnerID=40&md5=2e192fe2ed002050ab7b2cfa28f93174",Article,"Final","",Scopus,2-s2.0-85021762519
"Malik, C., Singhal, N., Tiwari, S.","57194713255;57194166019;57201740204;","Antecedents of consumer environmental attitude and intention to purchase green products: Moderating role of perceived product necessity",2017,"International Journal of Environmental Technology and Management","20","5-6",,"259","279",,10,"10.1504/IJETM.2017.091290","https://www.scopus.com/inward/record.uri?eid=2-s2.0-85046015264&doi=10.1504%2fIJETM.2017.091290&partnerID=40&md5=fe102616f19053a83fecf39dea56b915",Article,"Final","",Scopus,2-s2.0-85046015264
