﻿"Authors","Author full names","Author(s) ID","Title","Year","Source title","Volume","Issue","Art. No.","Page start","Page end","Page count","Cited by","DOI","Link","Document Type","Publication Stage","Open Access","Source","EID"
"Singh S.; Biswas C.","Singh, Sandeep (58597278200); Biswas, C. (57191480186)","58597278200; 57191480186","Disorder induced resistivity changes in Ni2Mn 1+xSn1-x","2011","AIP Conference Proceedings","1349","PART A","","1005","1006","1","1","10.1063/1.3606200","https://www.scopus.com/inward/record.uri?eid=2-s2.0-80052439024&doi=10.1063%2f1.3606200&partnerID=40&md5=f599db2155423d5b3be4f17e8d0affa5","Conference paper","Final","","Scopus","2-s2.0-80052439024"
"Singh S.; Pal S.; Biswas C.","Singh, Sandeep (58597278200); Pal, Soumyadipta (55633013700); Biswas, C. (57191480186)","58597278200; 55633013700; 57191480186","Disorder induced resistivity anomaly in Ni2Mn 1+xSn1-x","2014","Journal of Alloys and Compounds","616","","","110","115","5","15","10.1016/j.jallcom.2014.07.072","https://www.scopus.com/inward/record.uri?eid=2-s2.0-84905565983&doi=10.1016%2fj.jallcom.2014.07.072&partnerID=40&md5=da93f63577aafca76eee2260e47f5b3e","Article","Final","","Scopus","2-s2.0-84905565983"
"Singh S.; Glavatskyy I.; Biswas C.","Singh, Sandeep (58597278200); Glavatskyy, Illya (12791568700); Biswas, C. (57191480186)","58597278200; 12791568700; 57191480186","Field-cooled and zero-field cooled magnetoresistance behavior of Ni 2Mn1+xIn1-x alloys","2014","Journal of Alloys and Compounds","615","","","994","997","3","7","10.1016/j.jallcom.2014.07.012","https://www.scopus.com/inward/record.uri?eid=2-s2.0-84905564103&doi=10.1016%2fj.jallcom.2014.07.012&partnerID=40&md5=62e79f381a8bbbcec23134f58be3e089","Article","Final","","Scopus","2-s2.0-84905564103"
"Singh S.; Biswas C.","Singh, Sandeep (58597278200); Biswas, C. (57191480186)","58597278200; 57191480186","Magnetoresistance origin in martensitic and austenitic phases of Ni 2 Mn1+x Sn1-x","2011","Applied Physics Letters","98","21","212101","","","","26","10.1063/1.3592853","https://www.scopus.com/inward/record.uri?eid=2-s2.0-79959440696&doi=10.1063%2f1.3592853&partnerID=40&md5=5aa272b9007059618a68ec584485d223","Article","Final","","Scopus","2-s2.0-79959440696"
"Maji C.","Maji, Chhayabrita (57191480186)","57191480186","Heusler Alloys: Sustainable Material for Sustainable Magnetic Refrigeration","2023","Handbook of Sustainable Materials: Modelling, Characterization, and Optimization","","","","323","339","16","0","10.1201/9781003297772-17","https://www.scopus.com/inward/record.uri?eid=2-s2.0-85159015999&doi=10.1201%2f9781003297772-17&partnerID=40&md5=f4d729f2a32c5e60af5796824bcd24d6","Book chapter","Final","","Scopus","2-s2.0-85159015999"
"Maniraj M.; D'Souza S.W.; Singh S.; Biswas C.; Majumdar S.; Barman S.R.","Maniraj, M. (26536176600); D'Souza, S.W. (56277002600); Singh, Sandeep (58597278200); Biswas, C. (57191480186); Majumdar, S. (58580048000); Barman, S.R. (7102545560)","26536176600; 56277002600; 58597278200; 57191480186; 58580048000; 7102545560","Inverse photoemission and photoemission spectroscopic studies on sputter-annealed Ni-Mn-Sn and Ni-Mn-In surfaces","2014","Journal of Electron Spectroscopy and Related Phenomena","197","","","106","111","5","5","10.1016/j.elspec.2014.10.006","https://www.scopus.com/inward/record.uri?eid=2-s2.0-84910050722&doi=10.1016%2fj.elspec.2014.10.006&partnerID=40&md5=b5093179df0be1bbc5cac4457ce9ada5","Article","Final","","Scopus","2-s2.0-84910050722"
"Singh S.; Pal S.; Maji C.","Singh, Sandeep (58597278200); Pal, Soumyadipta (55633013700); Maji, Chhayabrita (57191480186)","58597278200; 55633013700; 57191480186","The resistivity upturn in Ni–Mn–In alloys exhibiting magnetic field induced shift in martensitic transition with and without Co doping","2021","Journal of Alloys and Compounds","856","","157405","","","","1","10.1016/j.jallcom.2020.157405","https://www.scopus.com/inward/record.uri?eid=2-s2.0-85093954230&doi=10.1016%2fj.jallcom.2020.157405&partnerID=40&md5=9167928a47586f742980229119c77963","Article","Final","","Scopus","2-s2.0-85093954230"
"Singh S.; Glavatskyy I.; Biswas C.","Singh, Sandeep (58597278200); Glavatskyy, Illya (12791568700); Biswas, C. (57191480186)","58597278200; 12791568700; 57191480186","The influence of quench atomic disorder on the magnetocaloric properties of Ni-Co-Mn-In alloys","2014","Journal of Alloys and Compounds","601","","","108","111","3","13","10.1016/j.jallcom.2014.02.069","https://www.scopus.com/inward/record.uri?eid=2-s2.0-84896526367&doi=10.1016%2fj.jallcom.2014.02.069&partnerID=40&md5=ec4935046de27e6b3b7b7c12d2f0becf","Article","Final","","Scopus","2-s2.0-84896526367"
"Pal S.; Mahadevan P.; Biswas C.","Pal, Soumyadipta (55633013700); Mahadevan, Priya (7006040909); Biswas, C. (57191480186)","55633013700; 7006040909; 57191480186","Role of excess Mn for martensitic transformation in Ni2Mn 1+xSn1-x: Ab initio approach","2014","AIP Conference Proceedings","1591","","","58","59","1","2","10.1063/1.4872489","https://www.scopus.com/inward/record.uri?eid=2-s2.0-84903124732&doi=10.1063%2f1.4872489&partnerID=40&md5=a335a1b8683489329c5e5c413376d544","Conference paper","Final","","Scopus","2-s2.0-84903124732"
"Singh S.; Adhikary G.; Biswas D.; Maiti K.; Maji C.","Singh, Sandeep (58597278200); Adhikary, Ganesh (35770297700); Biswas, D. (55620799500); Maiti, Kalobaran (56251038900); Maji, Chhayabrita (57191480186)","58597278200; 35770297700; 55620799500; 56251038900; 57191480186","Electronic structure of Ni2Mn1+xSn1-x as a function of composition","2017","AIP Conference Proceedings","1832","","090008","","","","1","10.1063/1.4980561","https://www.scopus.com/inward/record.uri?eid=2-s2.0-85017357472&doi=10.1063%2f1.4980561&partnerID=40&md5=17cc4446a3e6af133ce1842f225b44b8","Conference paper","Final","","Scopus","2-s2.0-85017357472"
"Maji C.","Maji, Chhayabrita (57191480186)","57191480186","Properties of magnetic shape memory alloys in martensitic phase","2017","Current Science","112","7","","1390","1401","11","6","10.18520/cs/v112/i07/1390-1401","https://www.scopus.com/inward/record.uri?eid=2-s2.0-85017363421&doi=10.18520%2fcs%2fv112%2fi07%2f1390-1401&partnerID=40&md5=71d039f1fd32e471155fc7092f2af8a3","Article","Final","All Open Access; Bronze Open Access","Scopus","2-s2.0-85017363421"
"Pal S.; Sarkar S.; Pandey S.K.; Maji C.; Mahadevan P.","Pal, Soumyadipta (55633013700); Sarkar, Sagar (57190858467); Pandey, S.K. (57212978400); Maji, Chhayabrita (57191480186); Mahadevan, Priya (7006040909)","55633013700; 57190858467; 57212978400; 57191480186; 7006040909","Driving force for martensitic transformation in Ni2Mn1+xSn1-x","2016","Physical Review B","94","11","115143","","","","5","10.1103/PhysRevB.94.115143","https://www.scopus.com/inward/record.uri?eid=2-s2.0-84990990203&doi=10.1103%2fPhysRevB.94.115143&partnerID=40&md5=9484fea013020e2e89232437f8332542","Article","Final","All Open Access; Green Open Access","Scopus","2-s2.0-84990990203"
"Pal S.; Mahadevan P.; Biswas C.","Pal, Soumyadipta (55633013700); Mahadevan, Priya (7006040909); Biswas, C. (57191480186)","55633013700; 7006040909; 57191480186","                         Site occupancy trend of Co in Ni                         2                         MnIn: Ab initio approach                     ","2015","AIP Conference Proceedings","1665","","090020","","","","2","10.1063/1.4918000","https://www.scopus.com/inward/record.uri?eid=2-s2.0-85017401046&doi=10.1063%2f1.4918000&partnerID=40&md5=4bcc262fd82687c5f99a5f8840d394b3","Conference paper","Final","","Scopus","2-s2.0-85017401046"
