﻿"Authors","Author full names","Author(s) ID","Title","Year","Source title","Volume","Issue","Art. No.","Page start","Page end","Page count","Cited by","DOI","Link","Document Type","Publication Stage","Open Access","Source","EID"
"Chakraborti A.; Sharma K.; Pharasi H.K.; Bakar K.S.; Das S.; Seligman T.H.","Chakraborti, Anirban (7005107556); Sharma, Kiran (57192438995); Pharasi, Hirdesh K (54383886700); Bakar, K Shuvo (36611379500); Das, Sourish (57206573748); Seligman, Thomas H (7003849324)","7005107556; 57192438995; 54383886700; 36611379500; 57206573748; 7003849324","Emerging spectra characterization of catastrophic instabilities in complex systems","2020","New Journal of Physics","22","6","063043","","","","10","10.1088/1367-2630/ab90d4","https://www.scopus.com/inward/record.uri?eid=2-s2.0-85088873681&doi=10.1088%2f1367-2630%2fab90d4&partnerID=40&md5=9d6939c88aaf94ff84fed7724805f393","Article","Final","All Open Access; Gold Open Access","Scopus","2-s2.0-85088873681"
"Kukreti V.; Pharasi H.K.; Gupta P.; Kumar S.","Kukreti, Vishwas (57211447058); Pharasi, Hirdesh K. (54383886700); Gupta, Priya (57207922786); Kumar, Sunil (55547118281)","57211447058; 54383886700; 57207922786; 55547118281","A Perspective on Correlation-Based Financial Networks and Entropy Measures","2020","Frontiers in Physics","8","","323","","","","9","10.3389/fphy.2020.00323","https://www.scopus.com/inward/record.uri?eid=2-s2.0-85090498524&doi=10.3389%2ffphy.2020.00323&partnerID=40&md5=6ed0eb21714044f8a9324626502b73c2","Review","Final","All Open Access; Gold Open Access; Green Open Access","Scopus","2-s2.0-85090498524"
"Chakraborti A.; Hrishidev; Sharma K.; Pharasi H.K.","Chakraborti, Anirban (7005107556); Hrishidev (57219688703); Sharma, Kiran (57192438995); Pharasi, Hirdesh K. (54383886700)","7005107556; 57219688703; 57192438995; 54383886700","Phase separation and scaling in correlation structures of financial markets","2021","Journal of Physics: Complexity","2","1","015002","","","","8","10.1088/2632-072X/abbed1","https://www.scopus.com/inward/record.uri?eid=2-s2.0-85101810211&doi=10.1088%2f2632-072X%2fabbed1&partnerID=40&md5=f6574de0c53cefd43b810684a9eaeb05","Article","Final","All Open Access; Gold Open Access; Green Open Access","Scopus","2-s2.0-85101810211"
"Pharasi H.K.; Kannan R.; Kumar K.; Bhattacharjee J.K.","Pharasi, Hirdesh K. (54383886700); Kannan, Rahul (57220650598); Kumar, Krishna (7402676098); Bhattacharjee, Jayanta K. (7005518411)","54383886700; 57220650598; 7402676098; 7005518411","Turbulence in rotating Rayleigh-Bénard convection in low-Prandtl-number fluids","2011","Physical Review E - Statistical, Nonlinear, and Soft Matter Physics","84","4","047301","","","","11","10.1103/PhysRevE.84.047301","https://www.scopus.com/inward/record.uri?eid=2-s2.0-80054860033&doi=10.1103%2fPhysRevE.84.047301&partnerID=40&md5=3d7b949370bb8e6107b419bf47a3678a","Article","Final","","Scopus","2-s2.0-80054860033"
"Pharasi H.K.; Kumar K.; Bhattacharjee J.K.","Pharasi, Hirdesh K. (54383886700); Kumar, Krishna (7402676098); Bhattacharjee, Jayanta K. (7005518411)","54383886700; 7402676098; 7005518411","Entropy and energy spectra in low-Prandtl-number convection with rotation","2014","Physical Review E - Statistical, Nonlinear, and Soft Matter Physics","89","2","023009","","","","8","10.1103/PhysRevE.89.023009","https://www.scopus.com/inward/record.uri?eid=2-s2.0-84896935565&doi=10.1103%2fPhysRevE.89.023009&partnerID=40&md5=4d0c61613efff2529e37aed7f17d9b3f","Article","Final","All Open Access; Green Open Access","Scopus","2-s2.0-84896935565"
"Pharasi H.K.; Kumar K.","Pharasi, Hirdesh K. (54383886700); Kumar, Krishna (7402676098)","54383886700; 7402676098","Oscillatory instability and fluid patterns in low-Prandtl-number Rayleigh-Bénard convection with uniform rotation","2013","Physics of Fluids","25","10","104105","","","","12","10.1063/1.4825281","https://www.scopus.com/inward/record.uri?eid=2-s2.0-84887003251&doi=10.1063%2f1.4825281&partnerID=40&md5=035471800095f016cfc79b0992cd9c49","Article","Final","All Open Access; Green Open Access","Scopus","2-s2.0-84887003251"
"Pharasi H.K.; Sharma K.; Chatterjee R.; Chakraborti A.; Leyvraz F.; Seligman T.H.","Pharasi, Hirdesh K. (54383886700); Sharma, Kiran (57192438995); Chatterjee, Rakesh (39260978700); Chakraborti, Anirban (7005107556); Leyvraz, Francois (7004272839); Seligman, Thomas H. (7003849324)","54383886700; 57192438995; 39260978700; 7005107556; 7004272839; 7003849324","Identifying long-term precursors of financial market crashes using correlation patterns","2018","New Journal of Physics","20","10","103041","","","","28","10.1088/1367-2630/aae7e0","https://www.scopus.com/inward/record.uri?eid=2-s2.0-85056085020&doi=10.1088%2f1367-2630%2faae7e0&partnerID=40&md5=f5e0e7f86e4d265765aebbab127735e2","Article","Final","All Open Access; Gold Open Access; Green Open Access","Scopus","2-s2.0-85056085020"
"Pharasi H.K.; Bhattacharjee J.K.","Pharasi, Hirdesh K. (54383886700); Bhattacharjee, Jayanta K. (7005518411)","54383886700; 7005518411","Dynamic scaling and large scale effects in turbulence in compressible stratified fluid","2016","Physics Letters, Section A: General, Atomic and Solid State Physics","380","1-2","","222","226","4","0","10.1016/j.physleta.2015.09.053","https://www.scopus.com/inward/record.uri?eid=2-s2.0-84946592879&doi=10.1016%2fj.physleta.2015.09.053&partnerID=40&md5=ead132886da614fbed1c0e9dbeca1771","Article","Final","","Scopus","2-s2.0-84946592879"
"Pharasi H.K.; Sharma K.; Chakraborti A.; Seligman T.H.","Pharasi, Hirdesh K. (54383886700); Sharma, Kiran (57192438995); Chakraborti, Anirban (7005107556); Seligman, Thomas H. (7003849324)","54383886700; 57192438995; 7005107556; 7003849324","Complex Market Dynamics in the Light of Random Matrix Theory","2019","New Economic Windows","","","","13","34","21","15","10.1007/978-3-030-11364-3_2","https://www.scopus.com/inward/record.uri?eid=2-s2.0-85064734669&doi=10.1007%2f978-3-030-11364-3_2&partnerID=40&md5=b34bfd7f042d5fa709aa48ae088add0d","Book chapter","Final","All Open Access; Green Open Access","Scopus","2-s2.0-85064734669"
"Pharasi H.K.; Kumar D.; Kumar K.; Bhattacharjee J.K.","Pharasi, Hirdesh K. (54383886700); Kumar, Deepesh (57212687830); Kumar, Krishna (7402676098); Bhattacharjee, Jayanta K. (7005518411)","54383886700; 57212687830; 7402676098; 7005518411","Spectra and probability distributions of thermal flux in turbulent Rayleigh-Bénard convection","2016","Physics of Fluids","28","5","055103","","","","4","10.1063/1.4948644","https://www.scopus.com/inward/record.uri?eid=2-s2.0-84969631010&doi=10.1063%2f1.4948644&partnerID=40&md5=4245bab9fc2400ab09fe8fe5e14cda6a","Article","Final","All Open Access; Green Open Access","Scopus","2-s2.0-84969631010"
"Kumar K.; Pharasi H.K.; Das S.; Bhattacharjee J.K.","Kumar, Krishna (7402676098); Pharasi, Hirdesh K. (54383886700); Das, Sandip (57693691000); Bhattacharjee, Jayanta K. (7005518411)","7402676098; 54383886700; 57693691000; 7005518411","Anisotropy in turbulent Rayleigh-Bénard convection with and without rotation","2022","Physics of Fluids","34","3","035111","","","","1","10.1063/5.0082140","https://www.scopus.com/inward/record.uri?eid=2-s2.0-85126145850&doi=10.1063%2f5.0082140&partnerID=40&md5=3cab11fb2fb692f379464e7847458657","Article","Final","","Scopus","2-s2.0-85126145850"
"Pharasi H.K.; Kumar K.; Bhattacharjee J.K.","Pharasi, Hirdesh K. (54383886700); Kumar, Krishna (7402676098); Bhattacharjee, Jayanta K. (7005518411)","54383886700; 7402676098; 7005518411","Frequency spectra of turbulent thermal convection with uniform rotation","2014","Physical Review E - Statistical, Nonlinear, and Soft Matter Physics","90","4","041004","","","","6","10.1103/PhysRevE.90.041004","https://www.scopus.com/inward/record.uri?eid=2-s2.0-84913583319&doi=10.1103%2fPhysRevE.90.041004&partnerID=40&md5=911815f9272ae70c0cd1389e2b346119","Article","Final","All Open Access; Green Open Access","Scopus","2-s2.0-84913583319"
"Samal A.; Pharasi H.K.; Ramaia S.J.; Kannan H.; Saucan E.; Jost J.; Chakraborti A.","Samal, Areejit (12807852400); Pharasi, Hirdesh K. (54383886700); Ramaia, Sarath Jyotsna (57218768838); Kannan, Harish (57211107085); Saucan, Emil (22941835300); Jost, Jürgen (7102925567); Chakraborti, Anirban (7005107556)","12807852400; 54383886700; 57218768838; 57211107085; 22941835300; 7102925567; 7005107556","Network geometry and market instability","2021","Royal Society Open Science","8","2","201734","","","","12","10.1098/rsos.201734","https://www.scopus.com/inward/record.uri?eid=2-s2.0-85101904105&doi=10.1098%2frsos.201734&partnerID=40&md5=90122a83eee5ff411a4d6b033549d2ee","Article","Final","All Open Access; Gold Open Access; Green Open Access","Scopus","2-s2.0-85101904105"
