﻿"Authors","Author full names","Author(s) ID","Title","Year","Source title","Volume","Issue","Art. No.","Page start","Page end","Page count","Cited by","DOI","Link","Document Type","Publication Stage","Open Access","Source","EID"
"Pandey A.K.; Upreti H.; Uddin Z.","Pandey, Alok Kumar (35463604600); Upreti, Himanshu (57193790155); Uddin, Ziya (50862185600)","35463604600; 57193790155; 50862185600","Magnetic SWCNT-Ag/H2O nanofluid flow over cone with volumetric heat generation","2023","International Journal of Modern Physics B","","","2350253","","","","4","10.1142/S0217979223502533","https://www.scopus.com/inward/record.uri?eid=2-s2.0-85149230103&doi=10.1142%2fS0217979223502533&partnerID=40&md5=f33b2bc771f3261050d5de9eb026c7c5","Article","Article in press","","Scopus","2-s2.0-85149230103"
"Rawat S.K.; Upreti H.; Kumar M.","Rawat, Sawan Kumar (57209317974); Upreti, Himanshu (57193790155); Kumar, Manoj (57908382100)","57209317974; 57193790155; 57908382100","Comparative Study of Mixed Convective MHD Cu-Water Nanofluid Flow over a Cone and Wedge using Modified Buongiorno's Model in Presence of Thermal Radiation and Chemical Reaction via Cattaneo-Christov Double Diffusion Model","2021","Journal of Applied and Computational Mechanics","7","3","","1383","1402","19","42","10.22055/jacm.2020.32143.1975","https://www.scopus.com/inward/record.uri?eid=2-s2.0-85110754040&doi=10.22055%2fjacm.2020.32143.1975&partnerID=40&md5=1462828fa88a1a4e75889e8ddc7b83c6","Article","Final","","Scopus","2-s2.0-85110754040"
"Upreti H.; Kumar M.","Upreti, Himanshu (57193790155); Kumar, Manoj (57908382100)","57193790155; 57908382100","Influence of non-linear radiation, Joule heating and viscous dissipation on the boundary layer flow of MHD nanofluid flow over a thin moving needle","2020","Multidiscipline Modeling in Materials and Structures","16","1","","208","224","16","18","10.1108/MMMS-05-2019-0097","https://www.scopus.com/inward/record.uri?eid=2-s2.0-85073996390&doi=10.1108%2fMMMS-05-2019-0097&partnerID=40&md5=ce4c5f7aca76cb6fdd96f13913ab61cb","Article","Final","","Scopus","2-s2.0-85073996390"
"Pandey A.K.; Upreti H.; Joshi N.; Uddin Z.","Pandey, Alok Kumar (35463604600); Upreti, Himanshu (57193790155); Joshi, Navneet (57189042159); Uddin, Ziya (50862185600)","35463604600; 57193790155; 57189042159; 50862185600","Effect of natural convection on 3D MHD flow of MoS2–GO/H2O via porous surface due to multiple slip mechanisms","2022","Journal of Taibah University for Science","16","1","","749","762","13","24","10.1080/16583655.2022.2113729","https://www.scopus.com/inward/record.uri?eid=2-s2.0-85140785744&doi=10.1080%2f16583655.2022.2113729&partnerID=40&md5=3217950dee612673e377e33470a6d93e","Article","Final","All Open Access; Gold Open Access","Scopus","2-s2.0-85140785744"
"Rawat S.K.; Upreti H.; Kumar M.","Rawat, Sawan Kumar (57209317974); Upreti, Himanshu (57193790155); Kumar, Manoj (57908382100)","57209317974; 57193790155; 57908382100","Numerical study of activation energy and thermal radiation effects on Oldroyd-B nanofluid flow using the Cattaneo–Christov double diffusion model over a convectively heated stretching sheet","2021","Heat Transfer","50","6","","5304","5331","27","17","10.1002/htj.22125","https://www.scopus.com/inward/record.uri?eid=2-s2.0-85106312564&doi=10.1002%2fhtj.22125&partnerID=40&md5=2a3628153036856cc6285f246aed6f4f","Article","Final","","Scopus","2-s2.0-85106312564"
"Rawat S.K.; Upreti H.; Kumar M.","Rawat, Sawan Kumar (57209317974); Upreti, Himanshu (57193790155); Kumar, Manoj (57908382100)","57209317974; 57193790155; 57908382100","Thermally stratified nanofluid flow over porous surface cone with Cattaneo–Christov heat flux approach and heat generation (or) absorption","2020","SN Applied Sciences","2","2","302","","","","21","10.1007/s42452-020-2099-3","https://www.scopus.com/inward/record.uri?eid=2-s2.0-85088012932&doi=10.1007%2fs42452-020-2099-3&partnerID=40&md5=a7903d35103f4b2cf3e8046b2936e237","Article","Final","All Open Access; Bronze Open Access","Scopus","2-s2.0-85088012932"
"Upreti H.; Pandey A.K.; Joshi N.; Makinde O.D.","Upreti, Himanshu (57193790155); Pandey, Alok Kumar (35463604600); Joshi, Navneet (57189042159); Makinde, O.D. (7004018249)","57193790155; 35463604600; 57189042159; 7004018249","Thermodynamics and Heat Transfer Analysis of Magnetized Casson Hybrid Nanofluid Flow via a Riga Plate with Thermal Radiation","2023","Journal of Computational Biophysics and Chemistry","22","3","","321","334","13","7","10.1142/S2737416523400070","https://www.scopus.com/inward/record.uri?eid=2-s2.0-85145447155&doi=10.1142%2fS2737416523400070&partnerID=40&md5=b04fbfd7f447f9709f39cde775016651","Article","Final","","Scopus","2-s2.0-85145447155"
"Upreti H.; Pandey A.K.; Kumar M.; Makinde O.D.","Upreti, Himanshu (57193790155); Pandey, Alok Kumar (35463604600); Kumar, Manoj (57908382100); Makinde, O.D. (7004018249)","57193790155; 35463604600; 57908382100; 7004018249","Ohmic Heating and Non-uniform Heat Source/Sink Roles on 3D Darcy–Forchheimer Flow of CNTs Nanofluids Over a Stretching Surface","2020","Arabian Journal for Science and Engineering","45","9","","7705","7717","12","85","10.1007/s13369-020-04826-7","https://www.scopus.com/inward/record.uri?eid=2-s2.0-85089025417&doi=10.1007%2fs13369-020-04826-7&partnerID=40&md5=2fafd2249e45f79104c6093e6f7d2fb6","Article","Final","","Scopus","2-s2.0-85089025417"
"Upreti H.; Pandey A.K.; Kumar M.; Makinde O.D.","Upreti, Himanshu (57193790155); Pandey, Alok Kumar (35463604600); Kumar, Manoj (57908382100); Makinde, O.D. (7004018249)","57193790155; 35463604600; 57908382100; 7004018249","Darcy-Forchheimer flow of CNTs-H2O nanofluid over a porous stretchable surface with Xue model","2023","International Journal of Modern Physics B","37","2","2350018","","","","14","10.1142/S0217979223500182","https://www.scopus.com/inward/record.uri?eid=2-s2.0-85138162312&doi=10.1142%2fS0217979223500182&partnerID=40&md5=676ff60c8bdfc4d36d3f0012221bd721","Article","Final","","Scopus","2-s2.0-85138162312"
"Upreti H.; Pandey A.K.; Kumar M.","Upreti, Himanshu (57193790155); Pandey, Alok Kumar (35463604600); Kumar, Manoj (57908382100)","57193790155; 35463604600; 57908382100","Assessment of entropy generation and heat transfer in three-dimensional hybrid nanofluids flow due to convective surface and base fluids","2021","Journal of Porous Media","24","3","","35","50","15","59","10.1615/JPORMEDIA.2021036038","https://www.scopus.com/inward/record.uri?eid=2-s2.0-85102874513&doi=10.1615%2fJPORMEDIA.2021036038&partnerID=40&md5=b99eebfd9796eba80eb1bd02e640e641","Article","Final","","Scopus","2-s2.0-85102874513"
"Upreti H.; Bartwal P.; Pandey A.K.; Makinde O.D.","Upreti, Himanshu (57193790155); Bartwal, Priya (58249972300); Pandey, Alok Kumar (35463604600); Makinde, O.D. (7004018249)","57193790155; 58249972300; 35463604600; 7004018249","Heat transfer assessment for Au-blood nanofluid flow in Darcy-Forchheimer porous medium using induced magnetic field and Cattaneo-Christov model","2023","Numerical Heat Transfer, Part B: Fundamentals","84","4","","415","431","16","1","10.1080/10407790.2023.2209281","https://www.scopus.com/inward/record.uri?eid=2-s2.0-85159267049&doi=10.1080%2f10407790.2023.2209281&partnerID=40&md5=7f089a1cf3f3835050c5d1a698eb0e37","Article","Final","","Scopus","2-s2.0-85159267049"
"Pandey A.K.; Upreti H.","Pandey, Alok Kumar (35463604600); Upreti, Himanshu (57193790155)","35463604600; 57193790155","Heat and mass transfer in convective flow of nanofluid","2023","Advances in Mathematical and Computational Modeling of Engineering Systems","","","","295","314","19","0","10.1201/9781003367420-14","https://www.scopus.com/inward/record.uri?eid=2-s2.0-85148261195&doi=10.1201%2f9781003367420-14&partnerID=40&md5=eacfafae4e698db88f806bbdba7304fa","Book chapter","Final","","Scopus","2-s2.0-85148261195"
"Upreti H.; Rawat S.K.; Kumar M.","Upreti, Himanshu (57193790155); Rawat, Sawan Kumar (57209317974); Kumar, Manoj (57908382100)","57193790155; 57209317974; 57908382100","Radiation and non-uniform heat sink/source effects on 2D MHD flow of CNTs-H2O nanofluid over a flat porous plate","2020","Multidiscipline Modeling in Materials and Structures","16","4","","791","809","18","18","10.1108/MMMS-08-2019-0153","https://www.scopus.com/inward/record.uri?eid=2-s2.0-85076907681&doi=10.1108%2fMMMS-08-2019-0153&partnerID=40&md5=9c2c6e96353ba706739c3f8176b9524e","Article","Final","","Scopus","2-s2.0-85076907681"
"Mishra A.; Upreti H.","Mishra, Ashish (7201441672); Upreti, Himanshu (57193790155)","7201441672; 57193790155","Computational analysis of radiative nanofluid flow past an inclined cylinder with slip effects using the Yamada–Ota model","2023","Numerical Heat Transfer; Part A: Applications","","","","","","","0","10.1080/10407782.2023.2258556","https://www.scopus.com/inward/record.uri?eid=2-s2.0-85171577614&doi=10.1080%2f10407782.2023.2258556&partnerID=40&md5=8b58d102e2e1448d902b22c646f20337","Article","Article in press","","Scopus","2-s2.0-85171577614"
"Rawat S.K.; Negi S.; Upreti H.; Kumar M.","Rawat, Sawan Kumar (57209317974); Negi, Shubham (57222548663); Upreti, Himanshu (57193790155); Kumar, Manoj (57908382100)","57209317974; 57222548663; 57193790155; 57908382100","A Non-Fourier’s and Non-Fick’s Approach to Study MHD Mixed Convective Copper Water Nanofluid Flow over Flat Plate Subjected to Convective Heating and Zero Wall Mass Flux Condition","2021","International Journal of Applied and Computational Mathematics","7","6","246","","","","12","10.1007/s40819-021-01190-4","https://www.scopus.com/inward/record.uri?eid=2-s2.0-85119402776&doi=10.1007%2fs40819-021-01190-4&partnerID=40&md5=e14305711c39e61a20f902df6155c30e","Article","Final","","Scopus","2-s2.0-85119402776"
"Upreti H.; Pandey A.K.; Uddin Z.; Kumar M.","Upreti, Himanshu (57193790155); Pandey, Alok Kumar (35463604600); Uddin, Ziya (50862185600); Kumar, Manoj (57908382100)","57193790155; 35463604600; 50862185600; 57908382100","Thermophoresis and Brownian motion effects on 3D flow of Casson nanofluid consisting microorganisms over a Riga plate using PSO: A numerical study","2022","Chinese Journal of Physics","78","","","234","270","36","39","10.1016/j.cjph.2022.06.019","https://www.scopus.com/inward/record.uri?eid=2-s2.0-85133943709&doi=10.1016%2fj.cjph.2022.06.019&partnerID=40&md5=6b5c2aa2ecaa2dcd7d258883765a53e7","Article","Final","","Scopus","2-s2.0-85133943709"
"Joshi N.; Pandey A.K.; Upreti H.; Kumar M.","Joshi, Navneet (57189042159); Pandey, Alok K. (35463604600); Upreti, Himanshu (57193790155); Kumar, Manoj (57908382100)","57189042159; 35463604600; 57193790155; 57908382100","Mixed convection flow of magnetic hybrid nanofluid over a bidirectional porous surface with internal heat generation and a higher-order chemical reaction","2021","Heat Transfer","50","4","","3661","3682","21","53","10.1002/htj.22046","https://www.scopus.com/inward/record.uri?eid=2-s2.0-85098171767&doi=10.1002%2fhtj.22046&partnerID=40&md5=84ef3730c939dcd623677f05cc55bf86","Article","Final","","Scopus","2-s2.0-85098171767"
"Upreti H.; Pandey A.K.","Upreti, Himanshu (57193790155); Pandey, Alok Kumar (35463604600)","57193790155; 35463604600","MHD Tangent Hyperbolic Fluid Flow Over Stretching Sheet with Cattaneo- Christov Heat Flux Model and Quadratic Convection: A Statistical Analysis","2023","Mathematical Modelling of Fluid Dynamics and Nanofluids","","","","84","100","16","0","10.1201/9781003299608-6","https://www.scopus.com/inward/record.uri?eid=2-s2.0-85170195384&doi=10.1201%2f9781003299608-6&partnerID=40&md5=39dcd00d98e17068176218eac311f0e6","Book chapter","Final","","Scopus","2-s2.0-85170195384"
"Upreti H.; Mishra S.R.; Kumar Pandey A.; Joshi N.; Joshi B.P.","Upreti, Himanshu (57193790155); Mishra, S.R. (57191609762); Kumar Pandey, Alok (58561490500); Joshi, Navneet (57189042159); Joshi, Bhagwati Prasad (58561784800)","57193790155; 57191609762; 58561490500; 57189042159; 58561784800","Diversified role of fuzzified particle concentration on Casson gold-blood nanofluid flow through an elongating sheet for different shape nanoparticles","2023","Journal of Taibah University for Science","17","1","2254465","","","","0","10.1080/16583655.2023.2254465","https://www.scopus.com/inward/record.uri?eid=2-s2.0-85169662750&doi=10.1080%2f16583655.2023.2254465&partnerID=40&md5=19ee8d1480fd4f8f54f7c2897c2dff08","Article","Final","All Open Access; Gold Open Access","Scopus","2-s2.0-85169662750"
"Upreti H.; Pandey A.K.; Kumar M.","Upreti, Himanshu (57193790155); Pandey, Alok Kumar (35463604600); Kumar, Manoj (57908382100)","57193790155; 35463604600; 57908382100","Thermophoresis and suction/injection roles on free convective MHD flow of Ag-kerosene oil nanofluid","2020","Journal of Computational Design and Engineering","7","3","","386","396","10","61","10.1093/jcde/qwaa031","https://www.scopus.com/inward/record.uri?eid=2-s2.0-85097764761&doi=10.1093%2fjcde%2fqwaa031&partnerID=40&md5=1092ba1170723b3056f75e359e4d0a19","Article","Final","All Open Access; Gold Open Access","Scopus","2-s2.0-85097764761"
"Upreti H.; Mishra A.","Upreti, Himanshu (57193790155); Mishra, Ashish (7201441672)","57193790155; 7201441672","The performance evolution of hybrid nanofluid flow over a rotating disk using Cattaneo–Christov double diffusion and Yamada–Ota model","2022","Waves in Random and Complex Media","","","","","","","8","10.1080/17455030.2022.2147243","https://www.scopus.com/inward/record.uri?eid=2-s2.0-85142419657&doi=10.1080%2f17455030.2022.2147243&partnerID=40&md5=ee97c89b6d72b0fe44ea89f598ca2f86","Article","Article in press","","Scopus","2-s2.0-85142419657"
"Joshi N.; Upreti H.; Pandey A.K.","Joshi, Navneet (57189042159); Upreti, Himanshu (57193790155); Pandey, Alok Kumar (35463604600)","57189042159; 57193790155; 35463604600","MHD Darcy-Forchheimer Cu-Ag/H2O-C2H6O2 hybrid nanofluid flow via a porous stretching sheet with suction/blowing and viscous dissipation","2022","International Journal for Computational Methods in Engineering Science and Mechanics","23","6","","527","535","8","41","10.1080/15502287.2022.2030426","https://www.scopus.com/inward/record.uri?eid=2-s2.0-85123846013&doi=10.1080%2f15502287.2022.2030426&partnerID=40&md5=4db1312e58c4073dae4743267e4c10e0","Article","Final","","Scopus","2-s2.0-85123846013"
"Upreti H.; Joshi N.; Pandey A.K.; Rawat S.K.","Upreti, Himanshu (57193790155); Joshi, Navneet (57189042159); Pandey, Alok K. (35463604600); Rawat, Sawan K. (57209317974)","57193790155; 57189042159; 35463604600; 57209317974","Numerical solution for Sisko nanofluid flow through stretching surface in a Darcy–Forchheimer porous medium with thermal radiation","2021","Heat Transfer","50","7","","6572","6588","16","38","10.1002/htj.22193","https://www.scopus.com/inward/record.uri?eid=2-s2.0-85106235765&doi=10.1002%2fhtj.22193&partnerID=40&md5=4ba2d084890ac4c615b45cb501e24cd1","Article","Final","","Scopus","2-s2.0-85106235765"
"Pandey A.K.; Upreti H.","Pandey, Alok K. (35463604600); Upreti, Himanshu (57193790155)","35463604600; 57193790155","Mixed convective flow of Ag–H2O magnetic nanofluid over a curved surface with volumetric heat generation and temperature-dependent viscosity","2021","Heat Transfer","50","7","","7251","7270","19","44","10.1002/htj.22227","https://www.scopus.com/inward/record.uri?eid=2-s2.0-85108896381&doi=10.1002%2fhtj.22227&partnerID=40&md5=5092de19e1507bd64218c56b96a871d6","Article","Final","","Scopus","2-s2.0-85108896381"
"Mishra A.; Upreti H.","Mishra, Ashish (7201441672); Upreti, Himanshu (57193790155)","7201441672; 57193790155","A comparative study of Ag–MgO/water and Fe3O4–CoFe2O4/EG–water hybrid nanofluid flow over a curved surface with chemical reaction using Buongiorno model","2022","Partial Differential Equations in Applied Mathematics","5","","100322","","","","27","10.1016/j.padiff.2022.100322","https://www.scopus.com/inward/record.uri?eid=2-s2.0-85126299257&doi=10.1016%2fj.padiff.2022.100322&partnerID=40&md5=3084feeba2b68662e57890d1531286f6","Article","Final","All Open Access; Gold Open Access","Scopus","2-s2.0-85126299257"
"Upreti H.; Joshi N.; Pandey A.K.; Rawat S.K.","Upreti, Himanshu (57193790155); Joshi, Navneet (57189042159); Pandey, Alok Kumar (35463604600); Rawat, Sawan Kumar (57209317974)","57193790155; 57189042159; 35463604600; 57209317974","ASSESSMENT OF CONVECTIVE HEAT TRANSFER IN SISKO FLUID FLOW VIA STRETCHING SURFACE DUE TO VISCOUS DISSIPATION AND SUCTION","2022","Nanoscience and Technology","13","2","","31","44","13","11","10.1615/NanoSciTechnolIntJ.2022039531","https://www.scopus.com/inward/record.uri?eid=2-s2.0-85130589517&doi=10.1615%2fNanoSciTechnolIntJ.2022039531&partnerID=40&md5=9c231f9729b7a29fc2fec472c2fb4ec9","Article","Final","","Scopus","2-s2.0-85130589517"
"Joshi N.; Upreti H.; Pandey A.K.; Kumar M.","Joshi, Navneet (57189042159); Upreti, Himanshu (57193790155); Pandey, Alok Kumar (35463604600); Kumar, Manoj (57908382100)","57189042159; 57193790155; 35463604600; 57908382100","Heat and Mass Transfer Assessment of Magnetic Hybrid Nanofluid Flow via Bidirectional Porous Surface with Volumetric Heat Generation","2021","International Journal of Applied and Computational Mathematics","7","3","64","","","","42","10.1007/s40819-021-00999-3","https://www.scopus.com/inward/record.uri?eid=2-s2.0-85104451025&doi=10.1007%2fs40819-021-00999-3&partnerID=40&md5=32364f47eb0383faa7a7c17fd5fe5a8b","Article","Final","","Scopus","2-s2.0-85104451025"
"Upreti H.; Pandey A.K.; Kumar M.","Upreti, Himanshu (57193790155); Pandey, Alok Kumar (35463604600); Kumar, Manoj (57908382100)","57193790155; 35463604600; 57908382100","MHD flow of Ag-water nanofluid over a flat porous plate with viscous-Ohmic dissipation, suction/injection and heat generation/absorption","2018","Alexandria Engineering Journal","57","3","","1839","1847","8","73","10.1016/j.aej.2017.03.018","https://www.scopus.com/inward/record.uri?eid=2-s2.0-85016570733&doi=10.1016%2fj.aej.2017.03.018&partnerID=40&md5=f6fe0e7a522e20d15861cd24dc7277d4","Article","Final","All Open Access; Gold Open Access","Scopus","2-s2.0-85016570733"
"Upreti H.; Uddin Z.; Pandey A.K.; Joshi N.","Upreti, Himanshu (57193790155); Uddin, Ziya (50862185600); Pandey, Alok Kumar (35463604600); Joshi, Navneet (57189042159)","57193790155; 50862185600; 35463604600; 57189042159","Particle swarm optimization based numerical study for pressure, flow, and heat transfer over a rotating disk with temperature dependent nanofluid properties","2023","Numerical Heat Transfer; Part A: Applications","83","8","","815","844","29","5","10.1080/10407782.2022.2156412","https://www.scopus.com/inward/record.uri?eid=2-s2.0-85145916990&doi=10.1080%2f10407782.2022.2156412&partnerID=40&md5=507693e56346870971d96cb6d9817a90","Article","Final","","Scopus","2-s2.0-85145916990"
"Upreti H.; Pandey A.K.; Kumar M.","Upreti, Himanshu (57193790155); Pandey, Alok Kumar (35463604600); Kumar, Manoj (57908382100)","57193790155; 35463604600; 57908382100","Unsteady squeezing flow of magnetic hybrid nanofluids within parallel plates and entropy generation","2021","Heat Transfer","50","1","","105","125","20","54","10.1002/htj.21994","https://www.scopus.com/inward/record.uri?eid=2-s2.0-85096661227&doi=10.1002%2fhtj.21994&partnerID=40&md5=596e67cbfdd5437f11a02830d562cc18","Article","Final","","Scopus","2-s2.0-85096661227"
