﻿Authors,Author(s) ID,Title,Year,Source title,Volume,Issue,Art. No.,Page start,Page end,Page count,Cited by,DOI,Link,Document Type,Publication Stage,Open Access,Source,EID
"Shandilya, S., Arora, J., Kalluri, V.","57209291831;57209296460;56205557900;","To study the comparison and effect of Six Sigma and Red Bin Analysis in Indian manufacturing industries",2023,"TQM Journal","35","7",,"1658","1685",,1,"10.1108/TQM-04-2022-0116","https://www.scopus.com/inward/record.uri?eid=2-s2.0-85135726722&doi=10.1108%2fTQM-04-2022-0116&partnerID=40&md5=3371da990e9f6124bdfc682bcd1a2e37",Article,"Final","",Scopus,2-s2.0-85135726722
"Shandilya, S., Arora, J., Vinayak, K.","57209291831;57209296460;55874195600;","PMDECS approach of red bin analysis - the art of problem solving in manufacturing industry",2023,"International Journal of Six Sigma and Competitive Advantage","14","3",,"300","329",,,"10.1504/IJSSCA.2023.130301","https://www.scopus.com/inward/record.uri?eid=2-s2.0-85161945420&doi=10.1504%2fIJSSCA.2023.130301&partnerID=40&md5=2b1e3ec827e273223707bd2a2ef2d9da",Article,"Final","",Scopus,2-s2.0-85161945420
"Arora, J., Sahi, G.K., Yates, N.","57209296460;55750368300;57659771600;","Will teachers continue to teach online post-COVID-19?",2023,"Behaviour and Information Technology","42","8",,"1110","1126",,,"10.1080/0144929X.2022.2060861","https://www.scopus.com/inward/record.uri?eid=2-s2.0-85129235216&doi=10.1080%2f0144929X.2022.2060861&partnerID=40&md5=b0eacc51fdbb10ebd3540abd2a4f1a7f",Article,"Final","",Scopus,2-s2.0-85129235216
"Sai Avinash, G., Arora, J.","57211337838;57209296460;","Financial impediments to road infrastructure development in India",2019,"International Journal of Innovative Technology and Exploring Engineering","8","11 Special Issue",,"405","415",,,"10.35940/ijitee.K1072.09811S19","https://www.scopus.com/inward/record.uri?eid=2-s2.0-85073570723&doi=10.35940%2fijitee.K1072.09811S19&partnerID=40&md5=bd852faefa6c563fb688ba71a25e4c37",Article,"Final","All Open Access, Bronze",Scopus,2-s2.0-85073570723
"Shandilya, S., Arora, J., Vinayak, K.","57209291831;57209296460;55874195600;","Red bin analysis - The art of problem solving in manufacturing industry",2019,"Proceedings of the International Conference on Industrial Engineering and Operations Management","2019","MAR",,"3240","3241",,,,"https://www.scopus.com/inward/record.uri?eid=2-s2.0-85067251801&partnerID=40&md5=8704877fc9f97a00adecb3295bfa6261",Conference Paper,"Final","",Scopus,2-s2.0-85067251801
"S.R, V., Arora, J., Prasad, D., Singh, K.","36997740600;57209296460;57201999131;57689013900;","Wockhardt Limited: will it rise from the ashes?",2018,"CASE Journal","14","5",,"567","592",,,"10.1108/TCJ-05-2017-0041","https://www.scopus.com/inward/record.uri?eid=2-s2.0-85137473992&doi=10.1108%2fTCJ-05-2017-0041&partnerID=40&md5=6bcebedf4b76ee1647bd0cbb02c6ccc0",Article,"Final","",Scopus,2-s2.0-85137473992
