﻿Authors,Author(s) ID,Title,Year,Source title,Volume,Issue,Art. No.,Page start,Page end,Page count,Cited by,DOI,Link,Document Type,Publication Stage,Open Access,Source,EID
"Puppala, H., Ahuja, J., Tamvada, J.P., Peddinti, P.R.T.","57189240188;57210428467;55407971800;57190983544;","New technology adoption in rural areas of emerging economies: The case of rainwater harvesting systems in India",2023,"Technological Forecasting and Social Change","196",,"122832","","",,,"10.1016/j.techfore.2023.122832","https://www.scopus.com/inward/record.uri?eid=2-s2.0-85171184685&doi=10.1016%2fj.techfore.2023.122832&partnerID=40&md5=a11a3ce715f54a81907d108041db9303",Article,"Final","",Scopus,2-s2.0-85171184685
"Puppala, H., Peddinti, P.R.T., Tamvada, J.P., Ahuja, J., Kim, B.","57189240188;57190983544;55407971800;57210428467;55726495200;","Barriers to the adoption of new technologies in rural areas: The case of unmanned aerial vehicles for precision agriculture in India",2023,"Technology in Society","74",,"102335","","",,1,"10.1016/j.techsoc.2023.102335","https://www.scopus.com/inward/record.uri?eid=2-s2.0-85166049863&doi=10.1016%2fj.techsoc.2023.102335&partnerID=40&md5=e825ed2b1bf5d3ff238e7b9e3fb22a2e",Article,"Final","All Open Access, Hybrid Gold",Scopus,2-s2.0-85166049863
"Bhanot, N., Ahuja, J., Kidwai, H.I., Nayan, A., Bhatti, R.S.","56112791000;57210428467;57923690700;57924322300;57223644296;","A sustainable economic revival plan for post-COVID-19 using machine learning approach – a case study in developing economy context",2023,"Benchmarking","30","6",,"1782","1805",,1,"10.1108/BIJ-09-2021-0564","https://www.scopus.com/inward/record.uri?eid=2-s2.0-85139634906&doi=10.1108%2fBIJ-09-2021-0564&partnerID=40&md5=d7a5dbafd6d7374f4badfc09655f4739",Article,"Final","",Scopus,2-s2.0-85139634906
"Ahuja, J., Yadav, M., Sergio, R.P.","57210428467;56857207800;57201349213;","Green leadership and pro-environmental behaviour: a moderated mediation model with rewards, self-efficacy and training",2023,"International Journal of Ethics and Systems","39","2",,"481","501",,1,"10.1108/IJOES-02-2022-0041","https://www.scopus.com/inward/record.uri?eid=2-s2.0-85137509042&doi=10.1108%2fIJOES-02-2022-0041&partnerID=40&md5=bbd83d147b90c897b6dfe8b5f6078382",Article,"Final","",Scopus,2-s2.0-85137509042
"Ahuja, J., Puppala, H., Sergio, R.P., Hoffman, E.P.","57210428467;57189240188;57201349213;57215969901;","E-Leadership Is Un(usual): Multi-Criteria Analysis of Critical Success Factors for the Transition from Leadership to E-Leadership",2023,"Sustainability (Switzerland)","15","8","6506","","",,2,"10.3390/su15086506","https://www.scopus.com/inward/record.uri?eid=2-s2.0-85156121949&doi=10.3390%2fsu15086506&partnerID=40&md5=bb847ec6037625d1e41ce30563bf337b",Article,"Final","All Open Access, Gold",Scopus,2-s2.0-85156121949
"Ahuja, J., Panda, T.K., Luthra, S., Kumar, A., Choudhary, S., Garza-Reyes, J.A.","57210428467;57203894124;43361407000;57001679600;57205549996;35310169200;","Do human critical success factors matter in adoption of sustainable manufacturing practices? An influential mapping analysis of multi-company perspective",2019,"Journal of Cleaner Production","239",,"117981","","",,47,"10.1016/j.jclepro.2019.117981","https://www.scopus.com/inward/record.uri?eid=2-s2.0-85070668700&doi=10.1016%2fj.jclepro.2019.117981&partnerID=40&md5=21410ce0dbc13b9c0c8ac6eac899299b",Article,"Final","",Scopus,2-s2.0-85070668700
