﻿"Authors","Author full names","Author(s) ID","Title","Year","Source title","Volume","Issue","Art. No.","Page start","Page end","Page count","Cited by","DOI","Link","Document Type","Publication Stage","Open Access","Source","EID"
"Sharma K.","Sharma, Kiran (57192438995)","57192438995","Team size and retracted citations reveal the patterns of retractions from 1981 to 2020","2021","Scientometrics","126","10","","8363","8374","11","8","10.1007/s11192-021-04125-4","https://www.scopus.com/inward/record.uri?eid=2-s2.0-85112836675&doi=10.1007%2fs11192-021-04125-4&partnerID=40&md5=59bdee18a7254e12859aebeebabae401","Article","Final","","Scopus","2-s2.0-85112836675"
"Chakraborti A.; Sharma K.; Pharasi H.K.; Bakar K.S.; Das S.; Seligman T.H.","Chakraborti, Anirban (7005107556); Sharma, Kiran (57192438995); Pharasi, Hirdesh K (54383886700); Bakar, K Shuvo (36611379500); Das, Sourish (57206573748); Seligman, Thomas H (7003849324)","7005107556; 57192438995; 54383886700; 36611379500; 57206573748; 7003849324","Emerging spectra characterization of catastrophic instabilities in complex systems","2020","New Journal of Physics","22","6","063043","","","","10","10.1088/1367-2630/ab90d4","https://www.scopus.com/inward/record.uri?eid=2-s2.0-85088873681&doi=10.1088%2f1367-2630%2fab90d4&partnerID=40&md5=9d6939c88aaf94ff84fed7724805f393","Article","Final","All Open Access; Gold Open Access","Scopus","2-s2.0-85088873681"
"Khurana P.; Sharma K.","Khurana, Parul (57222276297); Sharma, Kiran (57192438995)","57222276297; 57192438995","Exploring the role of AI, IoT and BC during COVID-19: A bibliometric and network analysis","2023","Computational Intelligence Aided Systems for Healthcare Domain","","","","167","190","23","0","10.1201/9781003368342-7","https://www.scopus.com/inward/record.uri?eid=2-s2.0-85161215206&doi=10.1201%2f9781003368342-7&partnerID=40&md5=69a7a167ddac29bd2473b6a80f4711cc","Book chapter","Final","","Scopus","2-s2.0-85161215206"
"Husain S.S.; Sharma K.","Husain, Syed Shariq (57194684769); Sharma, Kiran (57192438995)","57194684769; 57192438995","Dynamical Evolution of Anti-social Phenomena: A Data Science Approach","2019","New Economic Windows","","","","241","255","14","2","10.1007/978-3-030-11364-3_17","https://www.scopus.com/inward/record.uri?eid=2-s2.0-85064766837&doi=10.1007%2f978-3-030-11364-3_17&partnerID=40&md5=cc15624c7678ee5142b5921086fc2629","Book chapter","Final","All Open Access; Green Open Access","Scopus","2-s2.0-85064766837"
"Sharma K.; Sehgal G.; Gupta B.; Sharma G.; Chatterjee A.; Chakraborti A.; Shroff G.","Sharma, Kiran (57192438995); Sehgal, Gunjan (57189024321); Gupta, Bindu (57217330207); Sharma, Geetika (7202756944); Chatterjee, Arnab (55566067700); Chakraborti, Anirban (7005107556); Shroff, Gautam (6601910743)","57192438995; 57189024321; 57217330207; 7202756944; 55566067700; 7005107556; 6601910743","A complex network analysis of ethnic conflicts and human rights violations","2017","Scientific Reports","7","1","8283","","","","14","10.1038/s41598-017-09101-8","https://www.scopus.com/inward/record.uri?eid=2-s2.0-85027526904&doi=10.1038%2fs41598-017-09101-8&partnerID=40&md5=7555237bb95cd94adead23b6c0d95b52","Article","Final","All Open Access; Gold Open Access; Green Open Access","Scopus","2-s2.0-85027526904"
"Sharma K.; Gopalakrishnan B.; Chakrabarti A.S.; Chakraborti A.","Sharma, Kiran (57192438995); Gopalakrishnan, Balagopal (57195360900); Chakrabarti, Anindya S. (26421940400); Chakraborti, Anirban (7005107556)","57192438995; 57195360900; 26421940400; 7005107556","Financial fluctuations anchored to economic fundamentals: A mesoscopic network approach","2017","Scientific Reports","7","1","8055","","","","11","10.1038/s41598-017-07758-9","https://www.scopus.com/inward/record.uri?eid=2-s2.0-85027452463&doi=10.1038%2fs41598-017-07758-9&partnerID=40&md5=bb6cb688264c46daf9a9c9bc494df540","Article","Final","All Open Access; Gold Open Access; Green Open Access","Scopus","2-s2.0-85027452463"
"Chakraborti A.; Hrishidev; Sharma K.; Pharasi H.K.","Chakraborti, Anirban (7005107556); Hrishidev (57219688703); Sharma, Kiran (57192438995); Pharasi, Hirdesh K. (54383886700)","7005107556; 57219688703; 57192438995; 54383886700","Phase separation and scaling in correlation structures of financial markets","2021","Journal of Physics: Complexity","2","1","015002","","","","8","10.1088/2632-072X/abbed1","https://www.scopus.com/inward/record.uri?eid=2-s2.0-85101810211&doi=10.1088%2f2632-072X%2fabbed1&partnerID=40&md5=f6574de0c53cefd43b810684a9eaeb05","Article","Final","All Open Access; Gold Open Access; Green Open Access","Scopus","2-s2.0-85101810211"
"Khurana P.; Sharma K.; Khatter K.","Khurana, Parul (57222276297); Sharma, Kiran (57192438995); Khatter, Kiran (54787827500)","57222276297; 57192438995; 54787827500","Proof of bibliometric indicators: a blockchain based consensus protocol for publications","2023","Multimedia Tools and Applications","82","12","","18501","18516","15","0","10.1007/s11042-022-14161-8","https://www.scopus.com/inward/record.uri?eid=2-s2.0-85142224640&doi=10.1007%2fs11042-022-14161-8&partnerID=40&md5=cabe17755bda7ce97ba719b4573d6831","Article","Final","","Scopus","2-s2.0-85142224640"
"Léonard J.L.; Patriarca M.; Heinsalu E.; Sharma K.; Chakraborti A.","Léonard, Jean Léo (37005955200); Patriarca, Marco (56256016100); Heinsalu, Els (56126479800); Sharma, Kiran (57192438995); Chakraborti, Anirban (7005107556)","37005955200; 56256016100; 56126479800; 57192438995; 7005107556","Patterns of Linguistic Diffusion in Space and Time: The Case of Mazatec","2019","Complexity Applications in Language and Communication Sciences","","","","139","170","31","0","10.1007/9783030045982_9","https://www.scopus.com/inward/record.uri?eid=2-s2.0-85125315547&doi=10.1007%2f9783030045982_9&partnerID=40&md5=3ca20ce164cc71065fbf8e80e2a8dade","Book chapter","Final","","Scopus","2-s2.0-85125315547"
"Chakraborti A.; Raina D.; Sharma K.","Chakraborti, Anirban (7005107556); Raina, Dhruv (24318357600); Sharma, Kiran (57192438995)","7005107556; 24318357600; 57192438995","Can an interdisciplinary field contribute to one of the parent disciplines from which it emerged?","2016","European Physical Journal: Special Topics","225","17-18","","3127","3135","8","4","10.1140/epjst/e2016-60115-x","https://www.scopus.com/inward/record.uri?eid=2-s2.0-85006365290&doi=10.1140%2fepjst%2fe2016-60115-x&partnerID=40&md5=d6f683d70f1c60b81f1f8616f889fb8e","Article","Final","All Open Access; Green Open Access","Scopus","2-s2.0-85006365290"
"Khurana P.; Sharma K.","Khurana, Parul (57222276297); Sharma, Kiran (57192438995)","57222276297; 57192438995","Impact of h-index on author’s rankings: an improvement to the h-index for lower-ranked authors","2022","Scientometrics","127","8","","4483","4498","15","2","10.1007/s11192-022-04464-w","https://www.scopus.com/inward/record.uri?eid=2-s2.0-85134517558&doi=10.1007%2fs11192-022-04464-w&partnerID=40&md5=f987394d21023d6b0b12242ebd54cd31","Article","Final","","Scopus","2-s2.0-85134517558"
"Khurana P.; Ganesan G.; Kumar G.; Sharma K.","Khurana, Parul (57222276297); Ganesan, Geetha (57224952805); Kumar, Gulshan (56398590900); Sharma, Kiran (57192438995)","57222276297; 57224952805; 56398590900; 57192438995","A Comparative Analysis of Unified Informetrics with Scopus and Web of Science","2022","Journal of Scientometric Research","11","2","","146","154","8","2","10.5530/jscires.11.2.16","https://www.scopus.com/inward/record.uri?eid=2-s2.0-85139223238&doi=10.5530%2fjscires.11.2.16&partnerID=40&md5=74a381492047b492dcf2679d20ae52b1","Article","Final","All Open Access; Hybrid Gold Open Access","Scopus","2-s2.0-85139223238"
"Sharma K.; Khurana P.","Sharma, Kiran (57192438995); Khurana, Parul (57222276297)","57192438995; 57222276297","Growth and dynamics of Econophysics: a bibliometric and network analysis","2021","Scientometrics","126","5","","4417","4436","19","7","10.1007/s11192-021-03884-4","https://www.scopus.com/inward/record.uri?eid=2-s2.0-85104904931&doi=10.1007%2fs11192-021-03884-4&partnerID=40&md5=953904b62ef08f11b975cb22bc41b7d7","Article","Final","All Open Access; Green Open Access","Scopus","2-s2.0-85104904931"
"Pharasi H.K.; Sharma K.; Chatterjee R.; Chakraborti A.; Leyvraz F.; Seligman T.H.","Pharasi, Hirdesh K. (54383886700); Sharma, Kiran (57192438995); Chatterjee, Rakesh (39260978700); Chakraborti, Anirban (7005107556); Leyvraz, Francois (7004272839); Seligman, Thomas H. (7003849324)","54383886700; 57192438995; 39260978700; 7005107556; 7004272839; 7003849324","Identifying long-term precursors of financial market crashes using correlation patterns","2018","New Journal of Physics","20","10","103041","","","","28","10.1088/1367-2630/aae7e0","https://www.scopus.com/inward/record.uri?eid=2-s2.0-85056085020&doi=10.1088%2f1367-2630%2faae7e0&partnerID=40&md5=f5e0e7f86e4d265765aebbab127735e2","Article","Final","All Open Access; Gold Open Access; Green Open Access","Scopus","2-s2.0-85056085020"
"Husain S.S.; Sharma K.; Kukreti V.; Chakraborti A.","Husain, Syed Shariq (57194684769); Sharma, Kiran (57192438995); Kukreti, Vishwas (57211447058); Chakraborti, Anirban (7005107556)","57194684769; 57192438995; 57211447058; 7005107556","Identifying the global terror hubs and vulnerable motifs using complex network dynamics","2020","Physica A: Statistical Mechanics and its Applications","540","","123113","","","","5","10.1016/j.physa.2019.123113","https://www.scopus.com/inward/record.uri?eid=2-s2.0-85073986383&doi=10.1016%2fj.physa.2019.123113&partnerID=40&md5=4b43fdf066d6c25981d870ff11fa2ce2","Article","Final","All Open Access; Green Open Access","Scopus","2-s2.0-85073986383"
"Pharasi H.K.; Sharma K.; Chakraborti A.; Seligman T.H.","Pharasi, Hirdesh K. (54383886700); Sharma, Kiran (57192438995); Chakraborti, Anirban (7005107556); Seligman, Thomas H. (7003849324)","54383886700; 57192438995; 7005107556; 7003849324","Complex Market Dynamics in the Light of Random Matrix Theory","2019","New Economic Windows","","","","13","34","21","15","10.1007/978-3-030-11364-3_2","https://www.scopus.com/inward/record.uri?eid=2-s2.0-85064734669&doi=10.1007%2f978-3-030-11364-3_2&partnerID=40&md5=b34bfd7f042d5fa709aa48ae088add0d","Book chapter","Final","All Open Access; Green Open Access","Scopus","2-s2.0-85064734669"
"Léonard J.L.; Heinsalu E.; Patriarca M.; Sharma K.; Chakraborti A.","Léonard, Jean Léo (37005955200); Heinsalu, Els (56126479800); Patriarca, Marco (56256016100); Sharma, Kiran (57192438995); Chakraborti, Anirban (7005107556)","37005955200; 56126479800; 56256016100; 57192438995; 7005107556","Patterns of Linguistic Diffusion in Space and Time: The Case of Mazatec","2017","New Economic Windows","","","","227","251","24","0","10.1007/978-3-319-47705-3_17","https://www.scopus.com/inward/record.uri?eid=2-s2.0-85144875893&doi=10.1007%2f978-3-319-47705-3_17&partnerID=40&md5=d2078c4a5ae763131c9dd0b422de87a4","Book chapter","Final","All Open Access; Green Open Access","Scopus","2-s2.0-85144875893"
"Sharma K.; Das S.; Chakraborti A.","Sharma, Kiran (57192438995); Das, Subhradeep (57207763907); Chakraborti, Anirban (7005107556)","57192438995; 57207763907; 7005107556","Global income inequality and savings: A data science perspective","2019","Proceedings - 2018 IEEE 5th International Conference on Data Science and Advanced Analytics, DSAA 2018","","","8631409","496","503","7","0","10.1109/DSAA.2018.00064","https://www.scopus.com/inward/record.uri?eid=2-s2.0-85062882761&doi=10.1109%2fDSAA.2018.00064&partnerID=40&md5=46a981ec4f5b65b8d184d5bf9f24ca9f","Conference paper","Final","All Open Access; Green Open Access","Scopus","2-s2.0-85062882761"
"Sehgal G.; Sharma K.; Chatterjee A.; Chakraborti A.","Sehgal, Gunjan (57189024321); Sharma, Kiran (57192438995); Chatterjee, Arnab (55566067700); Chakraborti, Anirban (7005107556)","57189024321; 57192438995; 55566067700; 7005107556","Spatio-temporal networks of social conflicts: Analysis and modeling","2018","Proceedings of the 2018 IEEE/ACM International Conference on Advances in Social Networks Analysis and Mining, ASONAM 2018","","","8508266","740","743","3","3","10.1109/ASONAM.2018.8508266","https://www.scopus.com/inward/record.uri?eid=2-s2.0-85057327100&doi=10.1109%2fASONAM.2018.8508266&partnerID=40&md5=b44665ebc51f65c8af0e0f9cf492bf8e","Conference paper","Final","","Scopus","2-s2.0-85057327100"
"Sharma K.; Chakrabarti A.S.; Chakraborti A.","Sharma, Kiran (57192438995); Chakrabarti, Anindya S. (26421940400); Chakraborti, Anirban (7005107556)","57192438995; 26421940400; 7005107556","Multi-layered Network Structure: Relationship Between Financial and Macroeconomic Dynamics","2019","New Economic Windows","","","","117","131","14","6","10.1007/978-3-030-11364-3_9","https://www.scopus.com/inward/record.uri?eid=2-s2.0-85064745452&doi=10.1007%2f978-3-030-11364-3_9&partnerID=40&md5=46585fc5f645c79db82b0a7f2c29b680","Book chapter","Final","All Open Access; Green Open Access","Scopus","2-s2.0-85064745452"
"Khurana P.; Ganesan G.; Kumar G.; Sharma K.","Khurana, Parul (57222276297); Ganesan, Geetha (57224952805); Kumar, Gulshan (56398590900); Sharma, Kiran (57192438995)","57222276297; 57224952805; 56398590900; 57192438995","A Bibliometric Analysis to Unveil the Impact of Digital Object Identifiers (DOI) on Bibliometric Indicators","2023","Lecture Notes in Networks and Systems","421","","","859","869","10","1","10.1007/978-981-19-1142-2_67","https://www.scopus.com/inward/record.uri?eid=2-s2.0-85135002590&doi=10.1007%2f978-981-19-1142-2_67&partnerID=40&md5=8b2c9cb2c8559d30679bcdc10fd763a5","Conference paper","Final","","Scopus","2-s2.0-85135002590"
"Abergel F.; Chakrabarti B.K.; Chakraborti A.; Deo N.; Sharma K.","Abergel, Frédéric (6602354583); Chakrabarti, Bikas K. (35566326300); Chakraborti, Anirban (7005107556); Deo, Nivedita (7004465568); Sharma, Kiran (57192438995)","6602354583; 35566326300; 7005107556; 7004465568; 57192438995","Preface","2019","New Economic Windows","","","","vii","viii","","0","","https://www.scopus.com/inward/record.uri?eid=2-s2.0-85064766720&partnerID=40&md5=16c5a03fc42a0c1550b0a91b66876df6","Editorial","Final","","Scopus","2-s2.0-85064766720"
