﻿"Authors","Author full names","Author(s) ID","Title","Year","Source title","Volume","Issue","Art. No.","Page start","Page end","Page count","Cited by","DOI","Link","Document Type","Publication Stage","Open Access","Source","EID"
"Gupta P.; Roy J.; Rai R.N.; Rao A.K.P.; Saha S.C.","Gupta, P. (57619636900); Roy, J. (55149236700); Rai, R.N. (14025966700); Rao, A.K. Prasada (56962715100); Saha, S.C. (55566040000)","57619636900; 55149236700; 14025966700; 56962715100; 55566040000","Effect of B2O3 containing fluxes on the microstructure and mechanical properties in submerged arc welded mild steel plates","2016","IOP Conference Series: Materials Science and Engineering","114","1","012102","","","","2","10.1088/1757-899X/114/1/012102","https://www.scopus.com/inward/record.uri?eid=2-s2.0-84973130766&doi=10.1088%2f1757-899X%2f114%2f1%2f012102&partnerID=40&md5=a14122e3e2b8ca47d14aee4e08d8d4b1","Conference paper","Final","All Open Access; Gold Open Access","Scopus","2-s2.0-84973130766"
"Ain W.Q.; Faisal M.K.; Talari M.K.; Darham W.; Ratnam M.M.; Kwon Y.; Kim N.J.; Prasada Rao A.K.","Ain, W.Q. (57189578678); Faisal, M.K. (57189582424); Talari, M.K. (36675732600); Darham, W. (55711175800); Ratnam, M.M. (7007162377); Kwon, Y. (7403459230); Kim, N.J. (35493468100); Prasada Rao, A.K. (56962715100)","57189578678; 57189582424; 36675732600; 55711175800; 7007162377; 7403459230; 35493468100; 56962715100","Effect of Mo on the High-Temperature Creep Resistance and Machinability of a Recycled Al-Alloy with High Iron Impurity","2016","Journal of Materials Engineering and Performance","25","10","","4310","4316","6","5","10.1007/s11665-016-2266-2","https://www.scopus.com/inward/record.uri?eid=2-s2.0-84982975959&doi=10.1007%2fs11665-016-2266-2&partnerID=40&md5=c0576eaad497f427c89de483a4fc2dbe","Article","Final","","Scopus","2-s2.0-84982975959"
"Kaja S.S.T.; Gangadasari P.R.; Ayyagari K.P.R.","Kaja, Sai Suhruth Teja (57225988136); Gangadasari, Pavan Reddy (57225991333); Ayyagari, Kameswari Prasada Rao (56962715100)","57225988136; 57225991333; 56962715100","Extending the Tolerance of Iron in Cast Al-Si Alloy","2021","JOM","73","9","","2652","2657","5","2","10.1007/s11837-021-04803-x","https://www.scopus.com/inward/record.uri?eid=2-s2.0-85110167933&doi=10.1007%2fs11837-021-04803-x&partnerID=40&md5=e4157181f5458568b0cde136690a0944","Article","Final","","Scopus","2-s2.0-85110167933"
"Rao A.K.P.; Das K.; Murty B.S.; Chakraborty M.","Rao, A.K. Prasada (56962715100); Das, K. (55439680600); Murty, B.S. (35551753500); Chakraborty, M. (55414594400)","56962715100; 55439680600; 35551753500; 55414594400","Role of combined addition of Sr and Sb on the microstructure and mechanical properties of cast A356 alloy","2007","Transactions of the Indian Institute of Metals","60","2-3","","257","261","4","5","","https://www.scopus.com/inward/record.uri?eid=2-s2.0-39049161310&partnerID=40&md5=ac5bbbc58208dafc43fd0510ab8d7f69","Conference paper","Final","","Scopus","2-s2.0-39049161310"
"Walinjkar D.; Rao A.K.P.","Walinjkar, D. (56875456900); Rao, A.K.Prasada (56962715100)","56875456900; 56962715100","C-DC and MC-DC casting of Al-alloys - A comsol approach","2015","Materials Letters","161","","19598","698","700","2","5","10.1016/j.matlet.2015.09.082","https://www.scopus.com/inward/record.uri?eid=2-s2.0-84942543496&doi=10.1016%2fj.matlet.2015.09.082&partnerID=40&md5=a08e23f603156d4fd706dff557b6e09e","Article","Final","","Scopus","2-s2.0-84942543496"
"Pramod S.L.; Prasada Rao A.K.; Murty B.S.; Bakshi S.R.","Pramod, S.L. (57189587545); Prasada Rao, A.K. (56962715100); Murty, B.S. (35551753500); Bakshi, Srinivasa R. (24177950800)","57189587545; 56962715100; 35551753500; 24177950800","Effect of Sc addition on the microstructure and wear properties of A356 alloy and A356-TiB2 in situ composite","2015","Materials and Design","78","","","85","94","9","75","10.1016/j.matdes.2015.04.026","https://www.scopus.com/inward/record.uri?eid=2-s2.0-84929485569&doi=10.1016%2fj.matdes.2015.04.026&partnerID=40&md5=3fbccfa12a3b598daef5068505ae29a5","Article","Final","","Scopus","2-s2.0-84929485569"
"Prasada Rao A.K.","Prasada Rao, A.K. (56962715100)","56962715100","An approach for predicting the composition of a recycled al-alloy","2011","Transactions of the Indian Institute of Metals","64","6","","615","617","2","2","10.1007/s12666-011-0084-7","https://www.scopus.com/inward/record.uri?eid=2-s2.0-84859945963&doi=10.1007%2fs12666-011-0084-7&partnerID=40&md5=e1a60951c501f40141aaf9cf843b822c","Article","Final","","Scopus","2-s2.0-84859945963"
"Reddy G.J.; Kandavalli M.; Saboo T.; Rao A.K.P.","Reddy, G. Jaideep (57325713600); Kandavalli, Manjunadh (57326656900); Saboo, Tanay (57325713700); Rao, A. K. Prasada (56962715100)","57325713600; 57326656900; 57325713700; 56962715100","Prediction of Glass Forming Ability of Bulk Metallic Glasses Using Machine Learning","2021","Integrating Materials and Manufacturing Innovation","10","4","","610","626","16","3","10.1007/s40192-021-00239-y","https://www.scopus.com/inward/record.uri?eid=2-s2.0-85118679363&doi=10.1007%2fs40192-021-00239-y&partnerID=40&md5=9dbc9a7100f17b79638df4ce142ee715","Article","Final","","Scopus","2-s2.0-85118679363"
"Chopra K.; Prasada Rao A.K.","Chopra, Kunal (57205465598); Prasada Rao, A.K. (56962715100)","57205465598; 56962715100","Ultrasonicated Direct Chill Clad Casting of Magnesium Alloy: A Computational Approach","2019","Transactions of the Indian Institute of Metals","72","12","","3027","3033","6","1","10.1007/s12666-019-01768-z","https://www.scopus.com/inward/record.uri?eid=2-s2.0-85068955914&doi=10.1007%2fs12666-019-01768-z&partnerID=40&md5=5563bf03c773e332fc3486d1258b8ffb","Article","Final","","Scopus","2-s2.0-85068955914"
"Prasada Rao A.K.","Prasada Rao, A.K. (56962715100)","56962715100","Influence of vanadium on the microstructure of A319 alloy","2011","Transactions of the Indian Institute of Metals","64","4-5","","447","451","4","13","10.1007/s12666-011-0109-2","https://www.scopus.com/inward/record.uri?eid=2-s2.0-84860224919&doi=10.1007%2fs12666-011-0109-2&partnerID=40&md5=d79ee4f76f59711a1d0f5ce535c240c2","Article","Final","","Scopus","2-s2.0-84860224919"
"Ritwik R.; Prasada Rao A.K.; Dhindaw B.K.","Ritwik, R. (55628758000); Prasada Rao, A.K. (56962715100); Dhindaw, B.K. (7004244705)","55628758000; 56962715100; 7004244705","Low-convection-cooling slope cast AlSi7Mg alloy: A rheological perspective","2013","Journal of Materials Engineering and Performance","22","9","","2487","2492","5","11","10.1007/s11665-013-0530-2","https://www.scopus.com/inward/record.uri?eid=2-s2.0-84893674079&doi=10.1007%2fs11665-013-0530-2&partnerID=40&md5=d1b76e9f51286dd4e94b1da826e10343","Article","Final","","Scopus","2-s2.0-84893674079"
"Prasada Rao A.K.; Murty B.S.; Chakraborty M.","Prasada Rao, A.K. (56962715100); Murty, B.S. (35551753500); Chakraborty, M. (55414594400)","56962715100; 35551753500; 55414594400","Improvement in tensile strength and load bearing capacity during dry wear of Al-7Si alloy by combined grain refinement and modification","2005","Materials Science and Engineering: A","395","1-2","","323","326","3","28","10.1016/j.msea.2004.12.053","https://www.scopus.com/inward/record.uri?eid=2-s2.0-14744299692&doi=10.1016%2fj.msea.2004.12.053&partnerID=40&md5=516e5cc3b141c902849c6fa3b1db2c8a","Article","Final","","Scopus","2-s2.0-14744299692"
"Faisal M.; Mazni N.; Prasada Rao A.K.","Faisal, M. (57189582424); Mazni, Noor (57204492736); Prasada Rao, A.K. (56962715100)","57189582424; 57204492736; 56962715100","Effect of 1.0% Ni on high-temperature impression creep and hardness of recycled aluminium alloy with high Fe content","2018","IOP Conference Series: Materials Science and Engineering","319","1","012066","","","","2","10.1088/1757-899X/319/1/012066","https://www.scopus.com/inward/record.uri?eid=2-s2.0-85045658100&doi=10.1088%2f1757-899X%2f319%2f1%2f012066&partnerID=40&md5=a014dcfeda843dda05514d6a3b9edc3f","Conference paper","Final","All Open Access; Bronze Open Access","Scopus","2-s2.0-85045658100"
"Reddy N.S.; Prasada Rao A.K.; Chakraborty M.; Murty B.S.","Reddy, N.S. (14424537300); Prasada Rao, A.K. (56962715100); Chakraborty, M. (55414594400); Murty, B.S. (35551753500)","14424537300; 56962715100; 55414594400; 35551753500","Prediction of grain size of Al-7Si Alloy by neural networks","2005","Materials Science and Engineering: A","391","1-2","","131","140","9","78","10.1016/j.msea.2004.08.042","https://www.scopus.com/inward/record.uri?eid=2-s2.0-11244305678&doi=10.1016%2fj.msea.2004.08.042&partnerID=40&md5=a12c4897fb4bcd7cd57f202ae2e65995","Article","Final","","Scopus","2-s2.0-11244305678"
"Emadi D.; Rao A.K.P.; Mahfoud M.","Emadi, Daryoush (6602479766); Rao, A.K. Prasada (56962715100); Mahfoud, Musbah (8661602000)","6602479766; 56962715100; 8661602000","Influence of scandium on the microstructure and mechanical properties of A319 alloy","2010","Materials Science and Engineering: A","527","23","","6123","6132","9","23","10.1016/j.msea.2010.06.042","https://www.scopus.com/inward/record.uri?eid=2-s2.0-77955472759&doi=10.1016%2fj.msea.2010.06.042&partnerID=40&md5=5de1f6e42d3941bada3dc4a3c131a19e","Article","Final","","Scopus","2-s2.0-77955472759"
"Mahfoud M.; Rao A.K.P.; Emadi D.","Mahfoud, Musbah (8661602000); Rao, A. K. Prasada (56962715100); Emadi, Daryoush (6602479766)","8661602000; 56962715100; 6602479766","The role of thermal analysis in detecting impurity levels during aluminum recycling","2010","Journal of Thermal Analysis and Calorimetry","100","3","","847","851","4","24","10.1007/s10973-010-0742-8","https://www.scopus.com/inward/record.uri?eid=2-s2.0-77954888506&doi=10.1007%2fs10973-010-0742-8&partnerID=40&md5=6eee60ee8cfbefa17f6cdb895a0b1703","Conference paper","Final","","Scopus","2-s2.0-77954888506"
"Pramod S.L.; Ravikirana; Rao A.K.P.; Murty B.S.; Bakshi S.R.","Pramod, S.L. (57189587545); Ravikirana (55988167100); Rao, A.K. Prasada (56962715100); Murty, B.S. (35551753500); Bakshi, Srinivasa R. (24177950800)","57189587545; 55988167100; 56962715100; 35551753500; 24177950800","Effect of Sc addition and T6 aging treatment on the microstructure modification and mechanical properties of A356 alloy","2016","Materials Science and Engineering: A","674","","","438","450","12","62","10.1016/j.msea.2016.08.022","https://www.scopus.com/inward/record.uri?eid=2-s2.0-84981318383&doi=10.1016%2fj.msea.2016.08.022&partnerID=40&md5=694a0a74406dbdbaf5674114863b72b9","Article","Final","","Scopus","2-s2.0-84981318383"
"Reddy N.S.; Prasada Rao A.K.; Krishnaiah J.; Chakraborty M.; Murty B.S.","Reddy, N.S. (14424537300); Prasada Rao, A.K. (56962715100); Krishnaiah, J. (8970357500); Chakraborty, M. (55414594400); Murty, B.S. (35551753500)","14424537300; 56962715100; 8970357500; 55414594400; 35551753500","Design of an ideal grain-refiner alloy for Al-7Si alloy using artificial neural networks","2013","Journal of Materials Engineering and Performance","22","3","","696","699","3","9","10.1007/s11665-012-0334-9","https://www.scopus.com/inward/record.uri?eid=2-s2.0-84878535911&doi=10.1007%2fs11665-012-0334-9&partnerID=40&md5=8f3c3d6eecaa48235c0b37b70ab1138e","Article","Final","","Scopus","2-s2.0-84878535911"
"Wei Loon L.; Sreekar Reddy S.; A.K. P.R.","Wei Loon, Lee (57210193343); Sreekar Reddy, S. (57210196638); A.K., Prasada Rao (56962715100)","57210193343; 57210196638; 56962715100","CFD simulation of direct chill casting process of magnesium alloy billets","2019","Journal of Manufacturing Processes","45","","","447","454","7","7","10.1016/j.jmapro.2019.07.033","https://www.scopus.com/inward/record.uri?eid=2-s2.0-85069841029&doi=10.1016%2fj.jmapro.2019.07.033&partnerID=40&md5=e05d6a602455cb8d3eb4f55f0e88a19f","Article","Final","","Scopus","2-s2.0-85069841029"
"Das S.; Barekar N.S.; El Fakir O.; Wang L.; Prasada Rao A.K.; Patel J.B.; Kotadia H.R.; Bhagurkar A.; Dear J.P.; Fan Z.","Das, Sanjeev (7406323850); Barekar, N.S. (25928254300); El Fakir, Omer (55834609200); Wang, Liliang (56652432900); Prasada Rao, A.K. (56962715100); Patel, J.B. (23482720700); Kotadia, H.R. (25929944200); Bhagurkar, A. (56405575200); Dear, John P. (7005009309); Fan, Z. (7402099442)","7406323850; 25928254300; 55834609200; 56652432900; 56962715100; 23482720700; 25929944200; 56405575200; 7005009309; 7402099442","Effect of melt conditioning on heat treatment and mechanical properties of AZ31 alloy strips produced by twin roll casting","2015","Materials Science and Engineering: A","620","","","223","232","9","19","10.1016/j.msea.2014.10.019","https://www.scopus.com/inward/record.uri?eid=2-s2.0-84908644113&doi=10.1016%2fj.msea.2014.10.019&partnerID=40&md5=53809dbf8186f4f897cc7c6632b4ce67","Article","Final","All Open Access; Green Open Access","Scopus","2-s2.0-84908644113"
"Rao A.K.P.; Oh Y.S.; Ain W.Q.; Azhari A.; Basri S.N.; Kim N.J.","Rao, A.K. Prasada (56962715100); Oh, Y.S. (58459708700); Ain, W.Q. (57189578678); Azhari, A. (56276499900); Basri, S.N. (6603349880); Kim, N.J. (35493468100)","56962715100; 58459708700; 57189578678; 56276499900; 6603349880; 35493468100","Al-TiH2 Composite Foams Magnesium Alloy","2016","IOP Conference Series: Materials Science and Engineering","114","1","012104","","","","1","10.1088/1757-899X/114/1/012104","https://www.scopus.com/inward/record.uri?eid=2-s2.0-84973121707&doi=10.1088%2f1757-899X%2f114%2f1%2f012104&partnerID=40&md5=ffed1ce90a74bb4d800764d37481552a","Conference paper","Final","All Open Access; Gold Open Access; Green Open Access","Scopus","2-s2.0-84973121707"
"Rai R.N.; Rao A.K.P.; Dutta G.L.; Chakraborty M.","Rai, Ram Naresh (14025966700); Rao, A. K. Prasada (56962715100); Dutta, G.L. (57200318279); Chakraborty, M. (55414594400)","14025966700; 56962715100; 57200318279; 55414594400","Forming behaviour of Al-TiC in-situ composites","2013","Materials Science Forum","765","","","418","422","4","23","10.4028/www.scientific.net/MSF.765.418","https://www.scopus.com/inward/record.uri?eid=2-s2.0-84882962309&doi=10.4028%2fwww.scientific.net%2fMSF.765.418&partnerID=40&md5=43e4065ebb5448d7e1c5b2c81a4b2f1a","Conference paper","Final","","Scopus","2-s2.0-84882962309"
"Xia M.X.; Prasada Rao A.K.; Fan Z.Y.","Xia, M.X. (7102492320); Prasada Rao, A.K. (56962715100); Fan, Z.Y. (7402099442)","7102492320; 56962715100; 7402099442","Solidification mechanisms in melt conditioned direct chill (MC-DC) cast AZ31 billets","2013","Materials Science Forum","765","","","291","295","4","15","10.4028/www.scientific.net/MSF.765.291","https://www.scopus.com/inward/record.uri?eid=2-s2.0-84882933052&doi=10.4028%2fwww.scientific.net%2fMSF.765.291&partnerID=40&md5=3ae24acf9131afc92d96e1899d1db931","Conference paper","Final","","Scopus","2-s2.0-84882933052"
"Azhari A.; Sulaiman S.; Rao A.K.P.","Azhari, A. (56276499900); Sulaiman, S. (55980389300); Rao, A.K. Prasada (56962715100)","56276499900; 55980389300; 56962715100","A review on the application of peening processes for surface treatment","2016","IOP Conference Series: Materials Science and Engineering","114","1","012002","","","","42","10.1088/1757-899X/114/1/012002","https://www.scopus.com/inward/record.uri?eid=2-s2.0-84973130770&doi=10.1088%2f1757-899X%2f114%2f1%2f012002&partnerID=40&md5=f7bf002655cb83b70fc41c1f33e6794d","Conference paper","Final","All Open Access; Gold Open Access","Scopus","2-s2.0-84973130770"
"Prasada Rao A.K.","Prasada Rao, A.K. (56962715100)","56962715100","Understanding the evolution of the microstructure in melt-conditioned direct-chill cast Al alloys","2014","Materials and Manufacturing Processes","29","7","","848","852","4","10","10.1080/10426914.2014.921698","https://www.scopus.com/inward/record.uri?eid=2-s2.0-84903952912&doi=10.1080%2f10426914.2014.921698&partnerID=40&md5=d9c3a4837f53f046d213fe22116c5520","Article","Final","","Scopus","2-s2.0-84903952912"
"Prasada Rao A.K.; Mahfoud M.","Prasada Rao, A.K. (56962715100); Mahfoud, M. (8661602000)","56962715100; 8661602000","Effect of cadmium on the microstructure of Al-7Si alloy","2010","Journal of Alloys and Compounds","491","1-2","","L8","L10","2","4","10.1016/j.jallcom.2009.10.180","https://www.scopus.com/inward/record.uri?eid=2-s2.0-74449086468&doi=10.1016%2fj.jallcom.2009.10.180&partnerID=40&md5=60f83815b00c89e9a6f518d301eaf52d","Letter","Final","","Scopus","2-s2.0-74449086468"
"Rao A.K.P.; Kim K.H.; Bae J.H.; Bae G.T.; Shin D.H.; Kim N.J.","Rao, A.K. Prasada (56962715100); Kim, K.H. (7409322076); Bae, J.H. (36900467300); Bae, G.T. (14631783000); Shin, D.H. (36065532100); Kim, Nack J. (35493468100)","56962715100; 7409322076; 36900467300; 14631783000; 36065532100; 35493468100","Twin-roll cast Al-clad magnesium alloy","2009","Materials Science Forum","618 619","","","467","470","3","9","10.4028/www.scientific.net/MSF.618-619.467","https://www.scopus.com/inward/record.uri?eid=2-s2.0-70349485834&doi=10.4028%2fwww.scientific.net%2fMSF.618-619.467&partnerID=40&md5=ca7b0873e2d3303a930fe7578e1b4c17","Conference paper","Final","","Scopus","2-s2.0-70349485834"
"Prasada Rao A.K.; Das K.; Murty B.S.; Chakraborty M.","Prasada Rao, A.K. (56962715100); Das, K. (55439680600); Murty, B.S. (35551753500); Chakraborty, M. (55414594400)","56962715100; 55439680600; 35551753500; 55414594400","Microstructure and the wear mechanism of grain-refined aluminum during dry sliding against steel disc","2008","Wear","264","7-8","","638","647","9","42","10.1016/j.wear.2007.05.010","https://www.scopus.com/inward/record.uri?eid=2-s2.0-38749088745&doi=10.1016%2fj.wear.2007.05.010&partnerID=40&md5=f2fec699f97b33dccdb72a0bed01628c","Article","Final","","Scopus","2-s2.0-38749088745"
"Prasada Rao A.K.; Das K.; Murty B.S.; Chakraborty M.","Prasada Rao, A.K. (56962715100); Das, K. (55439680600); Murty, B.S. (35551753500); Chakraborty, M. (55414594400)","56962715100; 55439680600; 35551753500; 55414594400","Microstructural features of as-cast A356 alloy inoculated with Sr, Sb modifiers and Al-Ti-C grain refiner simultaneously","2008","Materials Letters","62","2","","273","275","2","34","10.1016/j.matlet.2007.05.020","https://www.scopus.com/inward/record.uri?eid=2-s2.0-36248997657&doi=10.1016%2fj.matlet.2007.05.020&partnerID=40&md5=0d131e73dc5839877c4ad5c84086cd62","Article","Final","","Scopus","2-s2.0-36248997657"
"Mebrahitom Asmelash G.; Mamat O.; Ahmad F.; Prasada Rao A.K.","Mebrahitom Asmelash, G. (57200334887); Mamat, O. (36095940000); Ahmad, F. (36112819900); Prasada Rao, A.K. (56962715100)","57200334887; 36095940000; 36112819900; 56962715100","Thermal shock and fatigue behavior of pressureless sintered Al2O3–SiO2–ZrO2 composites","2015","Journal of Advanced Ceramics","4","3","","190","198","8","16","10.1007/s40145-015-0146-0","https://www.scopus.com/inward/record.uri?eid=2-s2.0-84973308475&doi=10.1007%2fs40145-015-0146-0&partnerID=40&md5=fd896de222ea867e7ce6e509cdacde25","Article","Final","All Open Access; Gold Open Access","Scopus","2-s2.0-84973308475"
"Pramod S.L.; Ravikirana; Prasada Rao A.K.; Murty B.S.; Bakshi S.R.","Pramod, S.L. (57189587545); Ravikirana (55988167100); Prasada Rao, A.K. (56962715100); Murty, B.S. (35551753500); Bakshi, Srinivasa R. (24177950800)","57189587545; 55988167100; 56962715100; 35551753500; 24177950800","Microstructure and mechanical properties of as-cast and T6 treated Sc modified A356-5TiB2 in-situ composite","2019","Materials Science and Engineering: A","739","","","383","394","11","24","10.1016/j.msea.2018.10.080","https://www.scopus.com/inward/record.uri?eid=2-s2.0-85055166820&doi=10.1016%2fj.msea.2018.10.080&partnerID=40&md5=77818dd57bea240030f81801a6f7a5bf","Article","Final","","Scopus","2-s2.0-85055166820"
"Prasada Rao A.K.","Prasada Rao, A.K. (56962715100)","56962715100","Nucleation in Al Alloys Processed By MCDC Casting","2015","Journal of Materials Engineering and Performance","24","6","1463","2219","2224","5","7","10.1007/s11665-015-1463-8","https://www.scopus.com/inward/record.uri?eid=2-s2.0-84929709016&doi=10.1007%2fs11665-015-1463-8&partnerID=40&md5=8d2f5fdc56507426d6826f553c918aed","Article","Final","","Scopus","2-s2.0-84929709016"
"Prasada Rao A.K.; Ain W.Q.; Faisal M.K.; Mazni B.I.","Prasada Rao, A.K. (56962715100); Ain, W.Q. (57189578678); Faisal, M.K. (57189582424); Mazni, B.I. (57201587425)","56962715100; 57189578678; 57189582424; 57201587425","Undiluted Recycling of Aluminum Scrap Alloy Using Hume-Rothery’s Rule","2018","Metallography, Microstructure, and Analysis","7","2","","239","244","5","2","10.1007/s13632-018-0431-8","https://www.scopus.com/inward/record.uri?eid=2-s2.0-85045301518&doi=10.1007%2fs13632-018-0431-8&partnerID=40&md5=1d806493954951180545049fa11392ba","Article","Final","","Scopus","2-s2.0-85045301518"
"Chandra P.N.; Reddy P.P.S.; Vinayak K.; Shukla S.R.; Rao A.K.P.","Chandra, P. Narasimha (57541182700); Reddy, P.P.S. (57391148200); Vinayak, K. (57390908300); Shukla, S.R. (57222482167); Rao, A.K. Prasada (56962715100)","57541182700; 57391148200; 57390908300; 57222482167; 56962715100","Wear of Wooden Journal Bearings","2022","Biotribology","29","","100205","","","","5","10.1016/j.biotri.2021.100205","https://www.scopus.com/inward/record.uri?eid=2-s2.0-85121988913&doi=10.1016%2fj.biotri.2021.100205&partnerID=40&md5=c3e8b78ca035d7ae1b2cad932a6e4937","Article","Final","","Scopus","2-s2.0-85121988913"
"Mussada E.K.; Hua C.C.; Rao A.K.P.","Mussada, Eswara Krishna (56642706900); Hua, Choo Chee (57202331778); Rao, Ayyagari Kameswari Prasada (56962715100)","56642706900; 57202331778; 56962715100","Surface hardenability studies of the die steel machined by WEDM","2018","Materials and Manufacturing Processes","33","16","","1745","1750","5","27","10.1080/10426914.2018.1476695","https://www.scopus.com/inward/record.uri?eid=2-s2.0-85047935914&doi=10.1080%2f10426914.2018.1476695&partnerID=40&md5=6c68a20a62b46fe36caaca7096a9a6a2","Article","Final","","Scopus","2-s2.0-85047935914"
"Modalavalasa K.; Surya B.S.R.S.; Kumar N.G.M.; Rana A.; Rao A.K.P.","Modalavalasa, Kishor (58162166800); Surya, Battula Sri Rishith Satya (58557219000); Kumar, Namburi Gowri Manikanta (58557294200); Rana, Anchal (57542173700); Rao, A. K. Prasada (58162166900)","58162166800; 58557219000; 58557294200; 57542173700; 58162166900","Evolution of Al32Si7Fe4Co Intermetallic Phase in Cobalt Containing Al-Si-Fe Scrap Alloy","2023","Metallography, Microstructure, and Analysis","","","","","","","0","10.1007/s13632-023-00993-9","https://www.scopus.com/inward/record.uri?eid=2-s2.0-85169329358&doi=10.1007%2fs13632-023-00993-9&partnerID=40&md5=e85ab8ccd66d32bb25a3ff93f177c505","Article","Article in press","","Scopus","2-s2.0-85169329358"
"Cassinath Z.; Prasada Rao A.K.","Cassinath, Z. (55313644000); Prasada Rao, A.K. (56962715100)","55313644000; 56962715100","Development of Axial Continuous Metal Expeller for melt conditioning of alloys","2016","IOP Conference Series: Materials Science and Engineering","114","1","012042","","","","2","10.1088/1757-899X/114/1/012042","https://www.scopus.com/inward/record.uri?eid=2-s2.0-84973131352&doi=10.1088%2f1757-899X%2f114%2f1%2f012042&partnerID=40&md5=569244f98b618e42984d03c2702d3f61","Conference paper","Final","All Open Access; Bronze Open Access","Scopus","2-s2.0-84973131352"
"Prasada Rao A.K.; Das K.; Murty B.S.; Chakraborty M.","Prasada Rao, A.K. (56962715100); Das, K. (55439680600); Murty, B.S. (35551753500); Chakraborty, M. (55414594400)","56962715100; 55439680600; 35551753500; 55414594400","Microstructural and wear behavior of hypoeutectic Al-Si alloy (LM25) grain refined and modified with Al-Ti-C-Sr master alloy","2006","Wear","261","2","","133","139","6","63","10.1016/j.wear.2005.09.012","https://www.scopus.com/inward/record.uri?eid=2-s2.0-33745394013&doi=10.1016%2fj.wear.2005.09.012&partnerID=40&md5=d3a144124e71c3986c413d077cb6efa1","Article","Final","","Scopus","2-s2.0-33745394013"
"Jones S.; Prasada Rao A.K.; Fan Z.","Jones, S. (57198656768); Prasada Rao, A.K. (56962715100); Fan, Z. (7402099442)","57198656768; 56962715100; 7402099442","Melt Conditioned Direct Chill (MC-DC) Casting of Al Alloys","2013","Transactions of the Indian Institute of Metals","66","2","","117","121","4","11","10.1007/s12666-012-0235-5","https://www.scopus.com/inward/record.uri?eid=2-s2.0-84876293744&doi=10.1007%2fs12666-012-0235-5&partnerID=40&md5=b1e696da8eef3e291cee8f01fcab8f3a","Article","Final","","Scopus","2-s2.0-84876293744"
"Bae J.H.; Prasada Rao A.K.; Kim K.H.; Kim N.J.","Bae, J.H. (36900467300); Prasada Rao, A.K. (56962715100); Kim, K.H. (55751719900); Kim, Nack J. (35493468100)","36900467300; 56962715100; 55751719900; 35493468100","Cladding of Mg alloy with Al by twin-roll casting","2011","Scripta Materialia","64","9","","836","839","3","124","10.1016/j.scriptamat.2011.01.013","https://www.scopus.com/inward/record.uri?eid=2-s2.0-79952189177&doi=10.1016%2fj.scriptamat.2011.01.013&partnerID=40&md5=5f449c5e2c142052bddfba3f5d9e040e","Article","Final","","Scopus","2-s2.0-79952189177"
"Agarwal A.; Prasada Rao A.K.","Agarwal, Abhishek (57210417179); Prasada Rao, A.K. (56962715100)","57210417179; 56962715100","Artificial Intelligence Predicts Body-Centered-Cubic and Face-Centered-Cubic Phases in High-Entropy Alloys","2019","JOM","71","10","","3424","3432","8","31","10.1007/s11837-019-03712-4","https://www.scopus.com/inward/record.uri?eid=2-s2.0-85070583387&doi=10.1007%2fs11837-019-03712-4&partnerID=40&md5=76c24505495c224ab03e2654d129c194","Article","Final","","Scopus","2-s2.0-85070583387"
"Rao A.K.P.; Das K.; Murty B.S.; Chakraborty M.","Rao, A.K. Prasada (56962715100); Das, K. (55439680600); Murty, B.S. (35551753500); Chakraborty, M. (55414594400)","56962715100; 55439680600; 35551753500; 55414594400","On the modification and segregation behavior of Sb in Al-7Si alloy during solidification","2008","Materials Letters","62","12-13","","2013","2016","3","45","10.1016/j.matlet.2007.11.005","https://www.scopus.com/inward/record.uri?eid=2-s2.0-39049148795&doi=10.1016%2fj.matlet.2007.11.005&partnerID=40&md5=5e6bb51c14e577ce771eae5c8555774d","Article","Final","","Scopus","2-s2.0-39049148795"
"Rao A.K.P.; Das K.; Murty B.S.; Chakraborty M.","Rao, A.K. Prasada (56962715100); Das, K. (55439680600); Murty, B.S. (35551753500); Chakraborty, M. (55414594400)","56962715100; 55439680600; 35551753500; 55414594400","Al-Ti-C-Sr master alloy-A melt inoculant for simultaneous grain refinement and modification of hypoeutectic Al-Si alloys","2009","Journal of Alloys and Compounds","480","2","","L49","L51","2","31","10.1016/j.jallcom.2009.02.147","https://www.scopus.com/inward/record.uri?eid=2-s2.0-67349085739&doi=10.1016%2fj.jallcom.2009.02.147&partnerID=40&md5=72e79f1dd226b7223cacf28a42ef0fd9","Letter","Final","","Scopus","2-s2.0-67349085739"
"Rao A.K.P.; Oh Y.S.; Faisal M.K.; Kim N.J.","Rao, A.K. Prasada (56962715100); Oh, Y.S. (58459708700); Faisal, M.K. (57189582424); Kim, N.J. (35493468100)","56962715100; 58459708700; 57189582424; 35493468100","Cladding of Mg alloy with Zr based BMG Alloy","2016","IOP Conference Series: Materials Science and Engineering","114","1","012129","","","","0","10.1088/1757-899X/114/1/012129","https://www.scopus.com/inward/record.uri?eid=2-s2.0-84973177363&doi=10.1088%2f1757-899X%2f114%2f1%2f012129&partnerID=40&md5=6fa0d1d578188c473b15850095a3268e","Conference paper","Final","All Open Access; Bronze Open Access; Green Open Access","Scopus","2-s2.0-84973177363"
"Goyal A.; Kuchana M.; Ayyagari K.P.R.","Goyal, Ashish (57220117877); Kuchana, Maheshwar (57219930711); Ayyagari, Kameswari Prasada Rao (56962715100)","57220117877; 57219930711; 56962715100","Machine learning predicts live-birth occurrence before in-vitro fertilization treatment","2020","Scientific Reports","10","1","20925","","","","24","10.1038/s41598-020-76928-z","https://www.scopus.com/inward/record.uri?eid=2-s2.0-85097002642&doi=10.1038%2fs41598-020-76928-z&partnerID=40&md5=94607879f5252cfb18825ba9bd55ae13","Article","Final","All Open Access; Gold Open Access; Green Open Access","Scopus","2-s2.0-85097002642"
"Das S.; Ain W.Q.; Azhari A.; Rao A.K.P.","Das, S. (57224048242); Ain, W.Q. (57189578678); Azhari, A. (56276499900); Rao, A.K. Prasada (56962715100)","57224048242; 57189578678; 56276499900; 56962715100","Temperature Gradient Field Theory of Nucleation","2016","IOP Conference Series: Materials Science and Engineering","114","1","012099","","","","2","10.1088/1757-899X/114/1/012099","https://www.scopus.com/inward/record.uri?eid=2-s2.0-84973161032&doi=10.1088%2f1757-899X%2f114%2f1%2f012099&partnerID=40&md5=26f342d5b9465b1acbf848eb0b859e35","Conference paper","Final","All Open Access; Bronze Open Access","Scopus","2-s2.0-84973161032"
"Rao A.K.P.; Oh Y.S.; Kim N.J.","Rao, A. K. Prasada (56962715100); Oh, Yoon S. (58459708700); Kim, Nack J. (35493468100)","56962715100; 58459708700; 35493468100","Synthesis of Zr-based glassy alloy foams","2007","Advanced Materials Research","24-25","","","739","742","3","0","","https://www.scopus.com/inward/record.uri?eid=2-s2.0-57649111840&partnerID=40&md5=886a99aebefa0101c0b5d055806f769f","Conference paper","Final","","Scopus","2-s2.0-57649111840"
"Dixit S.; Singhal V.; Agarwal A.; Prasada Rao A.K.","Dixit, Shrey (57215498162); Singhal, Vineet (57215501875); Agarwal, Abhishek (57210417179); Prasada Rao, A.K. (56962715100)","57215498162; 57215501875; 57210417179; 56962715100","Multi-label phase-prediction in high-entropy-alloys using Artificial-Neural-Network","2020","Materials Letters","268","","127606","","","","14","10.1016/j.matlet.2020.127606","https://www.scopus.com/inward/record.uri?eid=2-s2.0-85080973774&doi=10.1016%2fj.matlet.2020.127606&partnerID=40&md5=56fa59486f588b64a4d999b6e260ed8c","Article","Final","","Scopus","2-s2.0-85080973774"
"Kamarudin N.H.; Prasada Rao A.K.; Azhari A.","Kamarudin, Naqib Hakim (57207528216); Prasada Rao, A.K. (56962715100); Azhari, Azmir (56276499900)","57207528216; 56962715100; 56276499900","CFD Based Erosion Modelling of Abrasive Waterjet Nozzle using Discrete Phase Method","2016","IOP Conference Series: Materials Science and Engineering","114","1","012016","","","","12","10.1088/1757-899X/114/1/012016","https://www.scopus.com/inward/record.uri?eid=2-s2.0-84973115776&doi=10.1088%2f1757-899X%2f114%2f1%2f012016&partnerID=40&md5=5517040c103f4b5b9d7e28fc15d34bf7","Conference paper","Final","All Open Access; Gold Open Access","Scopus","2-s2.0-84973115776"
"Prasada Rao A.K.; Das K.; Murty B.S.; Chakraborty M.","Prasada Rao, A.K. (56962715100); Das, Karabi (55439680600); Murty, B.S. (35551753500); Chakraborty, M. (55414594400)","56962715100; 55439680600; 35551753500; 55414594400","Effect of grain refinement on wear properties of Al and Al-7Si alloy","2004","Wear","257","1-2","","148","153","5","101","10.1016/j.wear.2003.10.017","https://www.scopus.com/inward/record.uri?eid=2-s2.0-2642573496&doi=10.1016%2fj.wear.2003.10.017&partnerID=40&md5=2466aebcc498be535be586cfac664d59","Article","Final","","Scopus","2-s2.0-2642573496"
