﻿Authors,Author(s) ID,Title,Year,Source title,Volume,Issue,Art. No.,Page start,Page end,Page count,Cited by,DOI,Link,Document Type,Publication Stage,Open Access,Source,EID
"Sharma, A., Mor, S., Garg, R., Chhikara, R., Pal, A., Narula, S.","57191413271;57211615057;57210462830;57219225485;57225995877;57201953320;","Work-Life-Study Balance and Executive Education: Case of India",2023,"Millennial Asia","14","1",,"127","149",,1,"10.1177/09763996211020537","https://www.scopus.com/inward/record.uri?eid=2-s2.0-85110172125&doi=10.1177%2f09763996211020537&partnerID=40&md5=ab99a8c4002b023535cf1d211bcfae9d",Article,"Final","",Scopus,2-s2.0-85110172125
"Agrawal, G., Garg, R., Chhikara, R., Talwar, V.","57219227053;57210462830;57219225485;57220361688;","Hosts legitimizing community-based tourism as a solution to ghost villages of Uttarakhand, India",2023,"Anatolia","34","2",,"285","287",,,"10.1080/13032917.2022.2078382","https://www.scopus.com/inward/record.uri?eid=2-s2.0-85130978597&doi=10.1080%2f13032917.2022.2078382&partnerID=40&md5=e439689b423d3ed4bc1af0c624ace68f",Note,"Final","",Scopus,2-s2.0-85130978597
"Rathi, R., Garg, R., Kataria, A., Chhikara, R.","57442371600;57210462830;55938108900;57219225485;","Evolution of luxury marketing landscape: a bibliometric analysis and future directions",2022,"Journal of Brand Management","29","3",,"241","257",,12,"10.1057/s41262-022-00273-x","https://www.scopus.com/inward/record.uri?eid=2-s2.0-85124155561&doi=10.1057%2fs41262-022-00273-x&partnerID=40&md5=79e1879c03269a8209e9fb39a76a5988",Article,"Final","All Open Access, Bronze",Scopus,2-s2.0-85124155561
"Bhatia, R., Garg, R., Chhikara, R., Singh, R.","57779507800;57210462830;57219225485;57226730939;","If I Feel It, I Desire It…: Harnessing Visual-induced Tactile Imagery for Enhancing Purchase Intention",2022,"Vision",,,,"","",,1,"10.1177/09722629221106257","https://www.scopus.com/inward/record.uri?eid=2-s2.0-85133393619&doi=10.1177%2f09722629221106257&partnerID=40&md5=c2f5ee791031d50d577daa26c9d1a956",Article,"Article in Press","",Scopus,2-s2.0-85133393619
"Chhabra, S., Chhikara, R., Garg, R.","57298774300;57219225485;57210462830;","Lakshya Food India Limited (LFIL): Finding the Right Position in Dairy Business",2022,"Asian Journal of Management Cases",,,,"","",,,"10.1177/09728201221080711","https://www.scopus.com/inward/record.uri?eid=2-s2.0-85129072048&doi=10.1177%2f09728201221080711&partnerID=40&md5=fbc02799090fcc7ac88bfe2cd1345540",Article,"Article in Press","",Scopus,2-s2.0-85129072048
"Chhikara, R., Garg, R., Chhabra, S., Karnatak, U., Agrawal, G.","57219225485;57210462830;57298774300;57306300300;57219227053;","Factors affecting adoption of electric vehicles in India: An exploratory study",2021,"Transportation Research Part D: Transport and Environment","100",,"103084","","",,22,"10.1016/j.trd.2021.103084","https://www.scopus.com/inward/record.uri?eid=2-s2.0-85117701042&doi=10.1016%2fj.trd.2021.103084&partnerID=40&md5=cb2299dae6b90084b575282cf68d7b20",Article,"Final","",Scopus,2-s2.0-85117701042
"Garg, R., Chhikara, R., Singh, R., Agrawal, G., Talwar, V., Mehra, V.","57210462830;57219225485;57226730939;57219227053;57220361688;57219221166;","A qualitative study to understand the factors affecting the adoption of glass fiber-reinforced gypsum (GFRG) as a sustainable building technology: insights from Indian construction industry",2021,"Construction Innovation","21","2",,"321","344",,,"10.1108/CI-12-2019-0153","https://www.scopus.com/inward/record.uri?eid=2-s2.0-85091753657&doi=10.1108%2fCI-12-2019-0153&partnerID=40&md5=be1faa9a6735d7502489f2c63c6d22b8",Article,"Final","",Scopus,2-s2.0-85091753657
"Garg, R., Chhikara, R., Chhabra, S., Bhardwaj, A.","57210462830;57219225485;57298774300;57298369500;","Factors determining intention to vaccinate against Covid-19: A developing nation perspective",2021,"Health Marketing Quarterly","38","2-3",,"116","129",,1,"10.1080/07359683.2021.1987020","https://www.scopus.com/inward/record.uri?eid=2-s2.0-85117250947&doi=10.1080%2f07359683.2021.1987020&partnerID=40&md5=a96b65ff96757f86a34e1263a9e760e6",Article,"Final","",Scopus,2-s2.0-85117250947
"Mor, S., Madan, S., Chhikara, R.","57211615057;57212080243;57219225485;","The risk-seeking propensity of Indian entrepreneurs: A study using GEM data",2020,"Strategic Change","29","3",,"311","319",,11,"10.1002/jsc.2330","https://www.scopus.com/inward/record.uri?eid=2-s2.0-85084221921&doi=10.1002%2fjsc.2330&partnerID=40&md5=fd8a62ff5f12c54b91f772bde1ace177",Article,"Final","",Scopus,2-s2.0-85084221921
"Agarwal, G., Garg, R., Chhikara, R., Deshpande, A.","57222360210;57210462830;57219225485;57222361805;","Exploration of retail design in integrated bricks &amp; clicks environment",2020,"Materials Today: Proceedings","37","Part 2",,"1887","1892",,1,"10.1016/j.matpr.2020.07.467","https://www.scopus.com/inward/record.uri?eid=2-s2.0-85102469467&doi=10.1016%2fj.matpr.2020.07.467&partnerID=40&md5=55b0b1a12c0c6914acb0d8fbc34eaf7f",Conference Paper,"Final","",Scopus,2-s2.0-85102469467
"Ahmed, J.U., Ahmed, A., Hoque, M.T., Majid, M.A., Chhikara, R.","7102828008;55448645200;57216412191;57203042894;57219225485;","Women entrepreneurs fast food business: a case study on challenging social prejudice through entrepreneurship",2019,"Small Enterprise Research","26","3",,"307","319",,2,"10.1080/13215906.2019.1671216","https://www.scopus.com/inward/record.uri?eid=2-s2.0-85124836599&doi=10.1080%2f13215906.2019.1671216&partnerID=40&md5=042f2a2b9cfd97b8ffd970372bd9f6a5",Article,"Final","",Scopus,2-s2.0-85124836599
