﻿Authors,Author(s) ID,Title,Year,Source title,Volume,Issue,Art. No.,Page start,Page end,Page count,Cited by,DOI,Link,Document Type,Publication Stage,Open Access,Source,EID
"Darbha, R., Ponnam, A., Paul, R., Sreejesh, S.","57345505700;37077915600;55181784800;57195312092;","Discerning the antecedents determining empowerment of life insurance agents: an empirical examination",2022,"Journal of Financial Services Marketing","27","4",,"279","290",,1,"10.1057/s41264-021-00125-w","https://www.scopus.com/inward/record.uri?eid=2-s2.0-85119360891&doi=10.1057%2fs41264-021-00125-w&partnerID=40&md5=fbf773eb32a1ad5ce41ada67b305d7f4",Article,"Final","",Scopus,2-s2.0-85119360891
"Paul, R., Ponnam, A., Bagchi, S.S.","55181784800;37077915600;57346596800;","THE GAME OF STORES: SIMULATING RETAIL SITE SELECTION AND PROFITABILITY",2022,"Marketing Education Review","32","4",,"282","297",,,"10.1080/10528008.2021.2001347","https://www.scopus.com/inward/record.uri?eid=2-s2.0-85119441063&doi=10.1080%2f10528008.2021.2001347&partnerID=40&md5=d584f660c08b418dcfc262a6a1f98458",Article,"Final","",Scopus,2-s2.0-85119441063
"Pradhan, S., Bose, S., Bashir, M., Paul, R., Rao, V.","37028877500;37076622000;57188655908;55181784800;56454713000;","MBA Mentorship in India: Mentee Expectations",2021,"Journal of Organizational Behavior Education","14",,,"215","236",,,,"https://www.scopus.com/inward/record.uri?eid=2-s2.0-85139509486&partnerID=40&md5=a3bc88134a9fb4945907b53a05cab0ab",Article,"Final","",Scopus,2-s2.0-85139509486
"Paul, R., Bagchi, S.S., Gaur, J.","55181784800;56454888800;55194351700;","Demonstrating Push and Pull Manufacturing Strategies: An Experiential Classroom Activity Using Origami Art",2019,"Operations Management Education Review","13",,,"173","190",,,,"https://www.scopus.com/inward/record.uri?eid=2-s2.0-85150307301&partnerID=40&md5=b414938750c792d62848b765e6d5a0dd",Article,"Final","",Scopus,2-s2.0-85150307301
"Paul, R., Pradhan, S.","55181784800;37028877500;","Achieving Student Satisfaction and Student Loyalty in Higher Education: A Focus on Service Value Dimensions",2019,"Services Marketing Quarterly","40","3",,"245","268",,21,"10.1080/15332969.2019.1630177","https://www.scopus.com/inward/record.uri?eid=2-s2.0-85068625160&doi=10.1080%2f15332969.2019.1630177&partnerID=40&md5=3db5d0582f89d6ae07b00dae10f3f48e",Article,"Final","",Scopus,2-s2.0-85068625160
"Roy, S.K., Paul, R., Quazi, A., Nguyen, B.","55476508400;55181784800;8512919400;55155212400;","Developing a service value measurement scale in retail banking services: Evidence from India",2018,"International Journal of Bank Marketing","36","4",,"616","633",,8,"10.1108/IJBM-03-2017-0055","https://www.scopus.com/inward/record.uri?eid=2-s2.0-85047342385&doi=10.1108%2fIJBM-03-2017-0055&partnerID=40&md5=60fbff60cc1c57b714d71024440bcdbb",Article,"Final","",Scopus,2-s2.0-85047342385
"Paul, R., Ponnam, A.","55181784800;37077915600;","Teaching Customer Experience Quality and its Significance in Retail Management: A Role Playing Game using Chinese Puzzle ‘Tangram’",2018,"Decision Sciences Journal of Innovative Education","16","2",,"126","139",,8,"10.1111/dsji.12147","https://www.scopus.com/inward/record.uri?eid=2-s2.0-85044281205&doi=10.1111%2fdsji.12147&partnerID=40&md5=fe7e15ec492e130da63f82a212fa045b",Article,"Final","",Scopus,2-s2.0-85044281205
"Ponnam, A., Paul, R.","37077915600;55181784800;","Relative importance of service value by customer relationship stages: Evidence from the Indian retail banking",2017,"International Journal of Bank Marketing","35","2",,"319","334",,10,"10.1108/IJBM-04-2016-0056","https://www.scopus.com/inward/record.uri?eid=2-s2.0-85013073081&doi=10.1108%2fIJBM-04-2016-0056&partnerID=40&md5=62c98f478c3da14b0d6f9be70fd7e9c3",Article,"Final","",Scopus,2-s2.0-85013073081
"Paul, R., Roy, S.K.","55181784800;55476508400;","Case study 11: Marketing of services: The McDonald's way",2014,"Marketing Cases from Emerging Markets","9783642368615",,,"99","112",,2,"10.1007/978-3-642-36861-5_15","https://www.scopus.com/inward/record.uri?eid=2-s2.0-84949176210&doi=10.1007%2f978-3-642-36861-5_15&partnerID=40&md5=f9b92298ca9256c9653b2031468cfb35",Book Chapter,"Final","",Scopus,2-s2.0-84949176210
"Paul, R., Purkayastha, D.","55181784800;57195478210;","Customer retention at Hyundai Motor India Ltd",2013,"Emerald Emerging Markets Case Studies","3","3",,"1","12",,,"10.1108/EEMCS-06-2013-0078","https://www.scopus.com/inward/record.uri?eid=2-s2.0-85081036929&doi=10.1108%2fEEMCS-06-2013-0078&partnerID=40&md5=00adad7ef733c4b6f619179c2ea0b4fb",Article,"Final","",Scopus,2-s2.0-85081036929
"Paul, R., Purkayastha, D.","55181784800;57195478210;","Feeding the hungry surfers: www.justeat.in",2012,"Emerald Emerging Markets Case Studies","2","8",,"1","21",,,"10.1108/20450621211308104","https://www.scopus.com/inward/record.uri?eid=2-s2.0-85080992166&doi=10.1108%2f20450621211308104&partnerID=40&md5=0d5c3af8a56fe0debc362276a83dae26",Article,"Final","",Scopus,2-s2.0-85080992166
"Paul, R.","55181784800;","Taj: I will prevail. Exemplifying customer service in times of crisis",2012,"Emerald Emerging Markets Case Studies","2","8",,"1","11",,,"10.1108/20450621211304289","https://www.scopus.com/inward/record.uri?eid=2-s2.0-85080990217&doi=10.1108%2f20450621211304289&partnerID=40&md5=8616120435a18e01324766883fecc3fa",Article,"Final","",Scopus,2-s2.0-85080990217
"Paul, R., Sardana, N.","55181784800;57215493808;","“One life, one chance”: Cordlife Sciences India Pvt. Ltd. Preserving the precious gift",2012,"Emerald Emerging Markets Case Studies","2","7",,"1","15",,,"10.1108/20450621211284660","https://www.scopus.com/inward/record.uri?eid=2-s2.0-85081009755&doi=10.1108%2f20450621211284660&partnerID=40&md5=2a65ccd86f1b3211f8fe94a7c9664605",Article,"Final","",Scopus,2-s2.0-85081009755
"Mandal, S., Paul, R.","55191197300;55181784800;","Consumer perception of genetically modified food: Empirical evidence from India",2012,"Journal of International Food and Agribusiness Marketing","24","2",,"169","183",,12,"10.1080/08974438.2012.665793","https://www.scopus.com/inward/record.uri?eid=2-s2.0-84859641014&doi=10.1080%2f08974438.2012.665793&partnerID=40&md5=2ade43114dc16fb1839094dac24ba782",Article,"Final","",Scopus,2-s2.0-84859641014
