﻿Authors,Author(s) ID,Title,Year,Source title,Volume,Issue,Art. No.,Page start,Page end,Page count,Cited by,DOI,Link,Document Type,Publication Stage,Open Access,Source,EID
"Sharma, A., Mor, S., Garg, R., Chhikara, R., Pal, A., Narula, S.","57191413271;57211615057;57210462830;57219225485;57225995877;57201953320;","Work-Life-Study Balance and Executive Education: Case of India",2023,"Millennial Asia","14","1",,"127","149",,1,"10.1177/09763996211020537","https://www.scopus.com/inward/record.uri?eid=2-s2.0-85110172125&doi=10.1177%2f09763996211020537&partnerID=40&md5=ab99a8c4002b023535cf1d211bcfae9d",Article,"Final","",Scopus,2-s2.0-85110172125
"Singla, A., Gupta, N., Aeron, P., Jain, A., Garg, R., Sharma, D., Gupta, B.B., Arya, V.","58068903500;57209931813;55611451400;57061457900;57210462830;57198421222;34770593700;57863028200;","Building the metaverse: Design considerations, socio-Technical elements, and future research directions of metaverse",2023,"Journal of Global Information Management","31","2",,"","",,1,"10.4018/JGIM.321755","https://www.scopus.com/inward/record.uri?eid=2-s2.0-85168132891&doi=10.4018%2fJGIM.321755&partnerID=40&md5=c1ee87423dff20bea7286bdf7630cc20",Article,"Final","All Open Access, Bronze",Scopus,2-s2.0-85168132891
"Rathi, R., Jain, S., Garg, R.","57442371600;57193238234;57210462830;","Exploring young consumer's adoption of secondhand luxury: insights from a qualitative study",2023,"Journal of Fashion Marketing and Management",,,,"","",,,"10.1108/JFMM-11-2022-0236","https://www.scopus.com/inward/record.uri?eid=2-s2.0-85163116944&doi=10.1108%2fJFMM-11-2022-0236&partnerID=40&md5=a0726bda925649b2105e1534de40ce51",Article,"Article in Press","",Scopus,2-s2.0-85163116944
"Gupta, A.S., Mukherjee, J., Garg, R.","57703627300;57202490293;57210462830;","Retailing during the COVID-19 lifecycle: a bibliometric study",2023,"International Journal of Retail and Distribution Management",,,,"","",,1,"10.1108/IJRDM-09-2022-0363","https://www.scopus.com/inward/record.uri?eid=2-s2.0-85159958729&doi=10.1108%2fIJRDM-09-2022-0363&partnerID=40&md5=a535805e0fc535bff760f834fa4e2ba4",Article,"Article in Press","",Scopus,2-s2.0-85159958729
"Agrawal, G., Garg, R., Chhikara, R., Talwar, V.","57219227053;57210462830;57219225485;57220361688;","Hosts legitimizing community-based tourism as a solution to ghost villages of Uttarakhand, India",2023,"Anatolia","34","2",,"285","287",,,"10.1080/13032917.2022.2078382","https://www.scopus.com/inward/record.uri?eid=2-s2.0-85130978597&doi=10.1080%2f13032917.2022.2078382&partnerID=40&md5=e439689b423d3ed4bc1af0c624ace68f",Note,"Final","",Scopus,2-s2.0-85130978597
"Rathi, R., Garg, R., Kataria, A., Chhikara, R.","57442371600;57210462830;55938108900;57219225485;","Evolution of luxury marketing landscape: a bibliometric analysis and future directions",2022,"Journal of Brand Management","29","3",,"241","257",,12,"10.1057/s41262-022-00273-x","https://www.scopus.com/inward/record.uri?eid=2-s2.0-85124155561&doi=10.1057%2fs41262-022-00273-x&partnerID=40&md5=79e1879c03269a8209e9fb39a76a5988",Article,"Final","All Open Access, Bronze",Scopus,2-s2.0-85124155561
"Bhatia, R., Garg, R., Chhikara, R., Singh, R.","57779507800;57210462830;57219225485;57226730939;","If I Feel It, I Desire It…: Harnessing Visual-induced Tactile Imagery for Enhancing Purchase Intention",2022,"Vision",,,,"","",,1,"10.1177/09722629221106257","https://www.scopus.com/inward/record.uri?eid=2-s2.0-85133393619&doi=10.1177%2f09722629221106257&partnerID=40&md5=c2f5ee791031d50d577daa26c9d1a956",Article,"Article in Press","",Scopus,2-s2.0-85133393619
"Agrawal, G., Rathi, R., Garg, R.","57219227053;57442371600;57210462830;","Luxury as a Sustainable Service: A Push–Pull–Mooring Perspective",2022,"Vision",,,,"","",,2,"10.1177/09722629221104201","https://www.scopus.com/inward/record.uri?eid=2-s2.0-85132905717&doi=10.1177%2f09722629221104201&partnerID=40&md5=a97a89c00dea86bc6421d695eb17dfd7",Article,"Article in Press","",Scopus,2-s2.0-85132905717
"Chhabra, S., Chhikara, R., Garg, R.","57298774300;57219225485;57210462830;","Lakshya Food India Limited (LFIL): Finding the Right Position in Dairy Business",2022,"Asian Journal of Management Cases",,,,"","",,,"10.1177/09728201221080711","https://www.scopus.com/inward/record.uri?eid=2-s2.0-85129072048&doi=10.1177%2f09728201221080711&partnerID=40&md5=fbc02799090fcc7ac88bfe2cd1345540",Article,"Article in Press","",Scopus,2-s2.0-85129072048
"Chhikara, R., Garg, R., Chhabra, S., Karnatak, U., Agrawal, G.","57219225485;57210462830;57298774300;57306300300;57219227053;","Factors affecting adoption of electric vehicles in India: An exploratory study",2021,"Transportation Research Part D: Transport and Environment","100",,"103084","","",,22,"10.1016/j.trd.2021.103084","https://www.scopus.com/inward/record.uri?eid=2-s2.0-85117701042&doi=10.1016%2fj.trd.2021.103084&partnerID=40&md5=cb2299dae6b90084b575282cf68d7b20",Article,"Final","",Scopus,2-s2.0-85117701042
"Garg, R., Chhikara, R., Singh, R., Agrawal, G., Talwar, V., Mehra, V.","57210462830;57219225485;57226730939;57219227053;57220361688;57219221166;","A qualitative study to understand the factors affecting the adoption of glass fiber-reinforced gypsum (GFRG) as a sustainable building technology: insights from Indian construction industry",2021,"Construction Innovation","21","2",,"321","344",,,"10.1108/CI-12-2019-0153","https://www.scopus.com/inward/record.uri?eid=2-s2.0-85091753657&doi=10.1108%2fCI-12-2019-0153&partnerID=40&md5=be1faa9a6735d7502489f2c63c6d22b8",Article,"Final","",Scopus,2-s2.0-85091753657
"Garg, R., Chhikara, R., Chhabra, S., Bhardwaj, A.","57210462830;57219225485;57298774300;57298369500;","Factors determining intention to vaccinate against Covid-19: A developing nation perspective",2021,"Health Marketing Quarterly","38","2-3",,"116","129",,1,"10.1080/07359683.2021.1987020","https://www.scopus.com/inward/record.uri?eid=2-s2.0-85117250947&doi=10.1080%2f07359683.2021.1987020&partnerID=40&md5=a96b65ff96757f86a34e1263a9e760e6",Article,"Final","",Scopus,2-s2.0-85117250947
"Agarwal, G., Garg, R., Chhikara, R., Deshpande, A.","57222360210;57210462830;57219225485;57222361805;","Exploration of retail design in integrated bricks &amp; clicks environment",2020,"Materials Today: Proceedings","37","Part 2",,"1887","1892",,1,"10.1016/j.matpr.2020.07.467","https://www.scopus.com/inward/record.uri?eid=2-s2.0-85102469467&doi=10.1016%2fj.matpr.2020.07.467&partnerID=40&md5=55b0b1a12c0c6914acb0d8fbc34eaf7f",Conference Paper,"Final","",Scopus,2-s2.0-85102469467
"Garg, R., Mukherjee, J., Biswas, S.","57210462830;57202490293;22939974000;","Consumer-based determinants of brand love and its consequences: A quantitative research",2019,"International Journal of Business and Emerging Markets","11","2",,"122","143",,3,"10.1504/IJBEM.2019.100719","https://www.scopus.com/inward/record.uri?eid=2-s2.0-85070733858&doi=10.1504%2fIJBEM.2019.100719&partnerID=40&md5=b5231c5deb9a61bd1f57af9917cd4a24",Article,"Final","",Scopus,2-s2.0-85070733858
"Garg, R., Mukherjee, J., Biswas, S., Kataria, A.","57210462830;57202490293;22939974000;56825509500;","An Investigation Into the Concept of Brand Love and Its Proximal and Distal Covariates",2016,"Journal of Relationship Marketing","15","3",,"135","153",,23,"10.1080/15332667.2016.1209047","https://www.scopus.com/inward/record.uri?eid=2-s2.0-84985947163&doi=10.1080%2f15332667.2016.1209047&partnerID=40&md5=91141996f3ab8f24ddbf8113a359dcd3",Article,"Final","",Scopus,2-s2.0-84985947163
"Garg, R., Mukherjee, J., Biswas, S., Kataria, A.","57210462830;57202490293;22939974000;56825509500;","An investigation of antecedents and consequences of brand love in India",2015,"Asia-Pacific Journal of Business Administration","7","3",,"174","196",,34,"10.1108/APJBA-09-2014-0112","https://www.scopus.com/inward/record.uri?eid=2-s2.0-84941052012&doi=10.1108%2fAPJBA-09-2014-0112&partnerID=40&md5=7986a99551b837ab86816f548fd9ef80",Article,"Final","",Scopus,2-s2.0-84941052012
