﻿Authors,Author(s) ID,Title,Year,Source title,Volume,Issue,Art. No.,Page start,Page end,Page count,Cited by,DOI,Link,Document Type,Publication Stage,Open Access,Source,EID
"Tripathi, A., Sardar, S., Shyam, H.S.","54788646500;57201656931;57200324075;","Hybrid crops, income, and food security of smallholder families: Empirical evidence from poor states of India",2023,"Technological Forecasting and Social Change","191",,"122532","","",,,"10.1016/j.techfore.2023.122532","https://www.scopus.com/inward/record.uri?eid=2-s2.0-85150916496&doi=10.1016%2fj.techfore.2023.122532&partnerID=40&md5=c60308e8b5c5ecbede7244d0d73b763d",Article,"Final","",Scopus,2-s2.0-85150916496
"Tripathi, A., Bharti, N., Sardar, S., Malik, S.","54788646500;56395083500;57201656931;57220130349;","Covid-19, disrupted vegetable supply chain and direct marketing: experiences from India",2023,"Journal of Agribusiness in Developing and Emerging Economies","13","1",,"1","15",,10,"10.1108/JADEE-04-2021-0095","https://www.scopus.com/inward/record.uri?eid=2-s2.0-85111695081&doi=10.1108%2fJADEE-04-2021-0095&partnerID=40&md5=de7b6c7c2d40740d42379fc5373bb58b",Article,"Final","",Scopus,2-s2.0-85111695081
"Sardar, S., Kanjilal Bhaduri, S.","57201656931;57204935841;","An exploratory analysis of the differential climate change impact on women in India",2022,"Materials Today: Proceedings","60",,,"827","833",,1,"10.1016/j.matpr.2021.09.418","https://www.scopus.com/inward/record.uri?eid=2-s2.0-85131567341&doi=10.1016%2fj.matpr.2021.09.418&partnerID=40&md5=f4d5039df767e65f68909ee3410fe24b",Article,"Final","",Scopus,2-s2.0-85131567341
"Nuvaid, V., Sardar, S., Chakravarty, S.","57201661747;57201656931;36919968100;","CSR as investment: An analysis of ownership structure and firm performance",2018,"Current Issues in Economics and Finance",,,,"113","123",,3,"10.1007/978-981-10-5810-3_8","https://www.scopus.com/inward/record.uri?eid=2-s2.0-85045550780&doi=10.1007%2f978-981-10-5810-3_8&partnerID=40&md5=e5c19f31e00fe472ec9d3b9afe03b50a",Book Chapter,"Final","",Scopus,2-s2.0-85045550780
