﻿"Authors","Author full names","Author(s) ID","Title","Year","Source title","Volume","Issue","Art. No.","Page start","Page end","Page count","Cited by","DOI","Link","Document Type","Publication Stage","Open Access","Source","EID"
"Singh S.; Siddiqui T.J.","Singh, Satyendr (55270664200); Siddiqui, Tanveer J. (14022040100)","55270664200; 14022040100","Evaluating effect of context window size, stemming and stop word removal on Hindi word sense disambiguation","2012","Proceedings - 2012 International Conference on Information Retrieval and Knowledge Management, CAMP'12","","","6204972","1","5","4","36","10.1109/InfRKM.2012.6204972","https://www.scopus.com/inward/record.uri?eid=2-s2.0-84863094780&doi=10.1109%2fInfRKM.2012.6204972&partnerID=40&md5=6d080cf7aedd379b517c56565ea09f29","Conference paper","Final","","Scopus","2-s2.0-84863094780"
"Kumar S.; Jain A.; Shukla A.P.; Singh S.; Raja R.; Rani S.; Harshitha G.; Alzain M.A.; Masud M.","Kumar, Sandeep (57234304400); Jain, Arpit (57214235873); Shukla, Anand Prakash (56669243300); Singh, Satyendr (55270664200); Raja, Rohit (36952256400); Rani, Shilpa (57209414479); Harshitha, G. (57225022726); Alzain, Mohammed A. (37048572200); Masud, Mehedi (17338820600)","57234304400; 57214235873; 56669243300; 55270664200; 36952256400; 57209414479; 57225022726; 37048572200; 17338820600","A Comparative Analysis of Machine Learning Algorithms for Detection of Organic and Nonorganic Cotton Diseases","2021","Mathematical Problems in Engineering","2021","","1790171","","","","48","10.1155/2021/1790171","https://www.scopus.com/inward/record.uri?eid=2-s2.0-85108979343&doi=10.1155%2f2021%2f1790171&partnerID=40&md5=92cb0ae0cb1f38cb5cacef9017bcce5a","Article","Final","All Open Access; Gold Open Access","Scopus","2-s2.0-85108979343"
"Singh S.; Singh V.K.; Siddiqui T.J.","Singh, Satyendr (55270664200); Singh, Vivek Kumar (55904243100); Siddiqui, Tanveer J. (14022040100)","55270664200; 55904243100; 14022040100","Hindi word sense disambiguation using semantic relatedness measure","2013","Lecture Notes in Computer Science (including subseries Lecture Notes in Artificial Intelligence and Lecture Notes in Bioinformatics)","8271 LNAI","","","247","256","9","18","10.1007/978-3-642-44949-9_23","https://www.scopus.com/inward/record.uri?eid=2-s2.0-84892415475&doi=10.1007%2f978-3-642-44949-9_23&partnerID=40&md5=74364ad38d6d796c8a6709d6ed3646aa","Conference paper","Final","","Scopus","2-s2.0-84892415475"
"Singh S.; Siddiqui T.J.","Singh, Satyendr (55270664200); Siddiqui, Tanveer J. (14022040100)","55270664200; 14022040100","Sense Annotated Hindi Corpus","2017","Proceedings of the 2016 International Conference on Asian Language Processing, IALP 2016","","","7875926","22","25","3","5","10.1109/IALP.2016.7875926","https://www.scopus.com/inward/record.uri?eid=2-s2.0-85017238181&doi=10.1109%2fIALP.2016.7875926&partnerID=40&md5=1d7023f46be83d33cf8d6da00d82000d","Conference paper","Final","","Scopus","2-s2.0-85017238181"
"Singh S.; Siddiqui T.","Singh, Satyendr (55270664200); Siddiqui, Tanveer (14022040100)","55270664200; 14022040100","Utilizing corpus statistics for Hindi word sense disambiguation","2015","International Arab Journal of Information Technology","12","6A","","755","763","8","12","","https://www.scopus.com/inward/record.uri?eid=2-s2.0-84957075824&partnerID=40&md5=5773ff62d419dde0a483681f2f158402","Article","Final","","Scopus","2-s2.0-84957075824"
"Singh S.; Siddiqui T.J.","Singh, Satyendr (55270664200); Siddiqui, Tanveer J. (14022040100)","55270664200; 14022040100","Role of karaka relations in Hindi Word Sense Disambiguation","2015","Journal of Information Technology Research","8","3","","21","42","21","10","10.4018/JITR.2015070102","https://www.scopus.com/inward/record.uri?eid=2-s2.0-84945196612&doi=10.4018%2fJITR.2015070102&partnerID=40&md5=7e61ad90f62e0dee9cffb41eb436715e","Article","Final","","Scopus","2-s2.0-84945196612"
"Singh S.; Siddiqui T.J.","Singh, Satyendr (55270664200); Siddiqui, Tanveer J. (14022040100)","55270664200; 14022040100","Role of semantic relations in Hindi Word Sense Disambiguation","2015","Procedia Computer Science","46","","","240","248","8","12","10.1016/j.procs.2015.02.017","https://www.scopus.com/inward/record.uri?eid=2-s2.0-84931399782&doi=10.1016%2fj.procs.2015.02.017&partnerID=40&md5=fb6d11d52f83c3ce2c728810bc40831d","Conference paper","Final","All Open Access; Gold Open Access","Scopus","2-s2.0-84931399782"
"Singh S.; Slddiqui T.J.; Sharma S.K.","Singh, Satyendr (55270664200); Slddiqui, Tanveer J. (14022040100); Sharma, Sunil K. (57198535298)","55270664200; 14022040100; 57198535298","Naïve bayes classifier for hindi word sense disambiguation","2014","7th ACM India Computing Conference, COMPUTE 2014","","","2675746","","","","18","10.1145/2675744.2675746","https://www.scopus.com/inward/record.uri?eid=2-s2.0-84928027701&doi=10.1145%2f2675744.2675746&partnerID=40&md5=2b84b7d7a57f08c61cc0b568fb91af0e","Conference paper","Final","","Scopus","2-s2.0-84928027701"
