﻿Authors,Author(s) ID,Title,Year,Source title,Volume,Issue,Art. No.,Page start,Page end,Page count,Cited by,DOI,Link,Document Type,Publication Stage,Open Access,Source,EID
"Malhotra, A., Chauhan, S.R., Rahaman, M., Tripathi, R., Khanuja, M., Chauhan, A.","57998032600;57197532907;57699431000;58174888700;20734477300;55221930500;","Phyto-assisted synthesis of zinc oxide nanoparticles for developing antibiofilm surface coatings on central venous catheters",2023,"Frontiers in Chemistry","11",,"1138333","","",,1,"10.3389/fchem.2023.1138333","https://www.scopus.com/inward/record.uri?eid=2-s2.0-85152064462&doi=10.3389%2ffchem.2023.1138333&partnerID=40&md5=e4223e580c567d2d59f954e57abd90ce",Article,"Final","All Open Access, Gold, Green",Scopus,2-s2.0-85152064462
"Chauhan, S.R.","57197532907;","Thermally activated flux flow characteristics: MgB2 tapes",2020,"IEEE Transactions on Applied Superconductivity","30","5","8957095","","",,,"10.1109/TASC.2020.2965936","https://www.scopus.com/inward/record.uri?eid=2-s2.0-85081725556&doi=10.1109%2fTASC.2020.2965936&partnerID=40&md5=956015d294e27c69f4b154f3a57f5145",Article,"Final","",Scopus,2-s2.0-85081725556
"Rajput, S.","57197532907;","High temperature and low field regime vortex phase diagram of in-situ prepared stainless steel sheathed MgB2 tapes",2017,"Cryogenics","83",,,"17","21",,6,"10.1016/j.cryogenics.2017.01.010","https://www.scopus.com/inward/record.uri?eid=2-s2.0-85013249216&doi=10.1016%2fj.cryogenics.2017.01.010&partnerID=40&md5=d1e4b806eae7a6322d4d41c12164a578",Article,"Final","",Scopus,2-s2.0-85013249216
"Singh, S., Pendurthi, R., Khanuja, M., Islam, S.S., Rajput, S., Shivaprasad, S.M.","57190301514;57193420835;20734477300;7202012871;57197532907;7003506045;","Copper-doped modified ZnO nanorods to tailor its light assisted charge transfer reactions exploited for photo-electrochemical and photo-catalytic application in environmental remediation",2017,"Applied Physics A: Materials Science and Processing","123","3","184","","",,29,"10.1007/s00339-017-0806-8","https://www.scopus.com/inward/record.uri?eid=2-s2.0-85013787208&doi=10.1007%2fs00339-017-0806-8&partnerID=40&md5=59264200ba0e5ea6bf514dcf19cbf9a0",Article,"Final","",Scopus,2-s2.0-85013787208
"Rajput, S., Chaudhary, S.","57197532907;7102053581;","Magneto-resistance investigations on the in-situ synthesized stainless steel sheathed MgB2 Tapes",2013,"Journal of Superconductivity and Novel Magnetism","26","7",,"2375","2381",,4,"10.1007/s10948-012-1822-8","https://www.scopus.com/inward/record.uri?eid=2-s2.0-84879078771&doi=10.1007%2fs10948-012-1822-8&partnerID=40&md5=230d5ef507d43a71d00fd7bfabb2a35c",Article,"Final","",Scopus,2-s2.0-84879078771
"Omatsu, T., Kong, H.J., Park, S., Cha, S., Yoshida, H., Tsubakimoto, K., Fujita, H., Miyanaga, N., Nakatsuka, M., Wang, Y., Lu, Z., Zheng, Z., Zhang, Y., Kalal, M., Slezak, O., Ashihara, M., Yoshino, T., Hayashi, K., Tokizane, Y., Okida, M., Miyamoto, K., Toyoda, K., Grabar, A.A., Kabir, M.M., Oishi, Y., Suzuki, H., Kannari, F., Schaefer, C., Pandiri, K.R., Katsuragawa, M., Wang, Y.L., Lu, Z.W., Wang, S.Y., Zheng, Z.X., He, W.M., Lin, D.Y., Hasi, W.L.J., Guo, X.Y., Lu, H.H., Fu, M.L., Gong, S., Geng, X.Z., Sharma, R.P., Sharma, P., Rajput, S., Bhardwaj, A.K., Zhu, C.Y., Gao, W.","7006074466;17137138200;57191672014;55172639300;55746944400;6603920782;7403553527;7004446730;57201601649;24823484100;58362885900;7403007286;24328965000;6603726043;24825278300;50460997900;50462523700;55693585400;24777287400;8678852700;7402106852;50462559000;7003675910;57220658403;7102516748;55704161000;7005752900;57213234289;35335133000;56902399700;58397261500;55507895900;7410331945;55457544300;7402007530;7403692404;8317072200;36682208200;24174718200;56225886600;24279350000;35336593400;36067733400;22981549700;57197532907;57203907823;24741229800;56447556100;","The Current Trends in SBS and phase conjugation",2012,"Laser and Particle Beams","30","1",,"117","174",,33,"10.1017/S0263034611000644","https://www.scopus.com/inward/record.uri?eid=2-s2.0-84859366522&doi=10.1017%2fS0263034611000644&partnerID=40&md5=ca9148a49973fa14e902f7200976ab13",Article,"Final","All Open Access, Bronze",Scopus,2-s2.0-84859366522
"Rajput, S., Chaudhary, S.","57197532907;7102053581;","On the superconductivity and Mg outdiffusion in vacuum-synthesized MgB 2 Smples",2010,"IEEE Transactions on Applied Superconductivity","20","6","5620962","2390","2396",,6,"10.1109/TASC.2010.2081361","https://www.scopus.com/inward/record.uri?eid=2-s2.0-78650169658&doi=10.1109%2fTASC.2010.2081361&partnerID=40&md5=bdb71e035fe0065e4d3b055bd1bfe7f6",Article,"Final","",Scopus,2-s2.0-78650169658
"Chauhan, S.R., Chaudhary, S.","57197532907;7102053581;","On the residual resistivity ratio in MgB2 superconductors",2010,"IEEE Transactions on Applied Superconductivity","20","1","5350709","26","32",,14,"10.1109/TASC.2009.2035516","https://www.scopus.com/inward/record.uri?eid=2-s2.0-76749093601&doi=10.1109%2fTASC.2009.2035516&partnerID=40&md5=de8a42e3247a91666c38b73f798a131f",Article,"Final","",Scopus,2-s2.0-76749093601
"Rajput, S., Chaudhary, S.","57197532907;7102053581;","Effects of ambient and humidity exposure on the MgB2 superconductor",2009,"Journal of Physics and Chemistry of Solids","70","3-4",,"516","520",,4,"10.1016/j.jpcs.2008.06.114","https://www.scopus.com/inward/record.uri?eid=2-s2.0-67349179180&doi=10.1016%2fj.jpcs.2008.06.114&partnerID=40&md5=d7925350a2d093f86685355c177b734b",Article,"Final","",Scopus,2-s2.0-67349179180
"Rajput, S., Chaudhary, S.","57197532907;7102053581;","On the superconductivity in in situ synthesized MgB2 tapes",2008,"Journal of Physics and Chemistry of Solids","69","8",,"1945","1950",,15,"10.1016/j.jpcs.2008.02.002","https://www.scopus.com/inward/record.uri?eid=2-s2.0-47949119264&doi=10.1016%2fj.jpcs.2008.02.002&partnerID=40&md5=4a932d72270c6c999093958387ecd6da",Article,"Final","",Scopus,2-s2.0-47949119264
"Rajput, S., Chaudhary, S.","57197532907;7102053581;","Study of ageing and fluctuation effects in MgB2 superconductor",2008,"Materials Research Society Symposium Proceedings","1099",,,"21","26",,,"10.1557/proc-1099-ii04-04","https://www.scopus.com/inward/record.uri?eid=2-s2.0-70350289775&doi=10.1557%2fproc-1099-ii04-04&partnerID=40&md5=1bd88ed2bb5bdc46ffdb51c31975db16",Conference Paper,"Final","",Scopus,2-s2.0-70350289775
"Rajput, S., Chaudhary, S., Kashyap, S.C., Srivastava, P.","57197532907;7102053581;56699534600;57211913146;","On the study of phase formation and critical current density in superconducting MgB2",2006,"Bulletin of Materials Science","29","3",,"207","211",,7,"10.1007/BF02706486","https://www.scopus.com/inward/record.uri?eid=2-s2.0-33745890295&doi=10.1007%2fBF02706486&partnerID=40&md5=f3ac2de45c88276d4e09a4c734b49640",Article,"Final","All Open Access, Bronze",Scopus,2-s2.0-33745890295
"Rajput, S., Chaudhary, S., Kashyap, S.C.","57197532907;7102053581;56699534600;","Synthesis of MgB 2 from magnesium rich powders",2006,"Indian Journal of Pure and Applied Physics","44","6",,"461","467",,4,,"https://www.scopus.com/inward/record.uri?eid=2-s2.0-33749187357&partnerID=40&md5=a0b05087342cb611b0df54e381243e9c",Article,"Final","",Scopus,2-s2.0-33749187357
"Chaudhary, S., Garg, P., Rajput, S.","7102053581;58451231200;57197532907;","Investigations of the first order magnetic phase transition in dysprosium",2004,"Solid State Communications","132","5",,"293","297",,6,"10.1016/j.ssc.2004.08.004","https://www.scopus.com/inward/record.uri?eid=2-s2.0-4544376936&doi=10.1016%2fj.ssc.2004.08.004&partnerID=40&md5=9f647d045aa84443af2f59aedd31accf",Article,"Final","",Scopus,2-s2.0-4544376936
