﻿"Authors","Author full names","Author(s) ID","Title","Year","Source title","Volume","Issue","Art. No.","Page start","Page end","Page count","Cited by","DOI","Link","Document Type","Publication Stage","Open Access","Source","EID"
"Shaikh S.H.; Chaki N.","Shaikh, Soharab Hossain (36761579500); Chaki, Nabendu (6602146347)","36761579500; 6602146347","A low cost moving object detection method using boundary tracking","2011","Communications in Computer and Information Science","154 CCIS","","","127","136","9","3","10.1007/978-3-642-21153-9_12","https://www.scopus.com/inward/record.uri?eid=2-s2.0-79960067584&doi=10.1007%2f978-3-642-21153-9_12&partnerID=40&md5=40730f4befb05afd8a25624d818a23f0","Conference paper","Final","","Scopus","2-s2.0-79960067584"
"Shaikh S.H.; Chaki N.; Tabedzki M.; Saeed K.","Shaikh, S.H. (36761579500); Chaki, N. (6602146347); Tabedzki, M. (6505903656); Saeed, K. (35183998800)","36761579500; 6602146347; 6505903656; 35183998800","A view-based approach for recognition of Bengali printed characters","2009","2009 World Congress on Nature and Biologically Inspired Computing, NABIC 2009 - Proceedings","","","5393890","1005","1009","4","1","10.1109/NABIC.2009.5393890","https://www.scopus.com/inward/record.uri?eid=2-s2.0-77949592796&doi=10.1109%2fNABIC.2009.5393890&partnerID=40&md5=69cb7ad5b403d34fae59b349a2895ef6","Conference paper","Final","","Scopus","2-s2.0-77949592796"
"Chakraborty S.; Mandal S.B.; Shaikh S.H.; Dey L.","Chakraborty, Sanjay (57169636900); Mandal, Sudhindu Bikash (37020750100); Shaikh, Soharab Hossain (36761579500); Dey, Lopamudra (57193013064)","57169636900; 37020750100; 36761579500; 57193013064","Ternary quantum circuit for color image representation","2017","Advances in Intelligent Systems and Computing","568","","","95","108","13","4","10.1007/978-981-10-3391-9_6","https://www.scopus.com/inward/record.uri?eid=2-s2.0-85015939813&doi=10.1007%2f978-981-10-3391-9_6&partnerID=40&md5=0bc324991dd9d9f64b9bae57d10b2264","Conference paper","Final","","Scopus","2-s2.0-85015939813"
"Mukherjee J.; Chakrabarti A.; Shaikh S.H.; Kar M.","Mukherjee, Jhilam (56504740100); Chakrabarti, Amlan (24342850300); Shaikh, Soharab Hossain (36761579500); Kar, Madhuchanda (56567715900)","56504740100; 24342850300; 36761579500; 56567715900","Automatic detection and classification of solitary pulmonary nodules from lung CT images","2014","Proceedings - 4th International Conference on Emerging Applications of Information Technology, EAIT 2014","","","7052062","294","299","5","9","10.1109/EAIT.2014.64","https://www.scopus.com/inward/record.uri?eid=2-s2.0-84949924684&doi=10.1109%2fEAIT.2014.64&partnerID=40&md5=685399f8e8e31b76d5d112b3385e280a","Conference paper","Final","","Scopus","2-s2.0-84949924684"
"Das Dawn D.; Shaikh S.H.","Das Dawn, Debapratim (56543808800); Shaikh, Soharab Hossain (36761579500)","56543808800; 36761579500","A comprehensive survey of human action recognition with spatio-temporal interest point (STIP) detector","2016","Visual Computer","32","3","","289","306","17","133","10.1007/s00371-015-1066-2","https://www.scopus.com/inward/record.uri?eid=2-s2.0-84959512594&doi=10.1007%2fs00371-015-1066-2&partnerID=40&md5=cebdef264f95750f6a041e76cc3f2fa2","Article","Final","","Scopus","2-s2.0-84959512594"
"Das Dawn D.; Khan A.; Shaikh S.H.; Pal R.K.","Das Dawn, Debapratim (56543808800); Khan, Abhinandan (37665182000); Shaikh, Soharab Hossain (36761579500); Pal, Rajat Kumar (7201402133)","56543808800; 37665182000; 36761579500; 7201402133","A dictionary based model for bengali document classification","2023","Applied Intelligence","53","11","","14023","14042","19","1","10.1007/s10489-022-03955-w","https://www.scopus.com/inward/record.uri?eid=2-s2.0-85140112423&doi=10.1007%2fs10489-022-03955-w&partnerID=40&md5=21705f93a10ab13fbb5756c3e2d428d9","Article","Final","","Scopus","2-s2.0-85140112423"
"Shaikh S.H.; Saeed K.; Chaki N.","Shaikh, Soharab Hossain (36761579500); Saeed, Khalid (35183998800); Chaki, Nabendu (6602146347)","36761579500; 35183998800; 6602146347","Introduction","2014","SpringerBriefs in Computer Science","0","9783319073859","","1","3","2","1","10.1007/978-3-319-07386-6_1","https://www.scopus.com/inward/record.uri?eid=2-s2.0-85044832645&doi=10.1007%2f978-3-319-07386-6_1&partnerID=40&md5=420449f7ab065b20f79968600ba0be65","Editorial","Final","","Scopus","2-s2.0-85044832645"
"Shaikh S.H.; Saeed K.; Chaki N.","Shaikh, Soharab Hossain (36761579500); Saeed, Khalid (35183998800); Chaki, Nabendu (6602146347)","36761579500; 35183998800; 6602146347","Moving object detection approaches, challenges and object tracking","2014","SpringerBriefs in Computer Science","0","9783319073859","","5","14","9","22","10.1007/978-3-319-07386-6_2","https://www.scopus.com/inward/record.uri?eid=2-s2.0-85028341633&doi=10.1007%2f978-3-319-07386-6_2&partnerID=40&md5=6c482d4c8923d0b57f0b7e8ab91d24a3","Book chapter","Final","","Scopus","2-s2.0-85028341633"
"Chakraborty S.; Shaikh S.H.; Mandal S.B.; Ghosh R.; Chakrabarti A.","Chakraborty, Sanjay (57169636900); Shaikh, Soharab Hossain (36761579500); Mandal, Sudhindu Bikash (37020750100); Ghosh, Ranjan (55844406900); Chakrabarti, Amlan (24342850300)","57169636900; 36761579500; 37020750100; 55844406900; 24342850300","A study and analysis of a discrete quantum walk-based hybrid clustering approach using d-regular bipartite graph and 1D lattice","2019","International Journal of Quantum Information","17","2","1950016","","","","4","10.1142/S0219749919500163","https://www.scopus.com/inward/record.uri?eid=2-s2.0-85063934045&doi=10.1142%2fS0219749919500163&partnerID=40&md5=378b7b0b0611bd424ce767ba42c252ad","Article","Final","","Scopus","2-s2.0-85063934045"
"Upadhyaya V.; Shaikh S.H.","Upadhyaya, Vikas (56352584900); Shaikh, Soharab Hossain (36761579500)","56352584900; 36761579500","Vehicle speed detection and notification for highway monitoring","2016","Information (Japan)","19","9B","","4169","4176","7","2","","https://www.scopus.com/inward/record.uri?eid=2-s2.0-85003633011&partnerID=40&md5=636d19c474ac207e734b6b61b0da3392","Article","Final","","Scopus","2-s2.0-85003633011"
"Shaikh S.H.; Saeed K.; Chaki N.","Shaikh, Soharab Hossain (36761579500); Saeed, Khalid (35183998800); Chaki, Nabendu (6602146347)","36761579500; 35183998800; 6602146347","Partial silhouette-based gait recognition","2017","International Journal of Biometrics","9","1","","1","16","15","2","10.1504/IJBM.2017.084130","https://www.scopus.com/inward/record.uri?eid=2-s2.0-85019171208&doi=10.1504%2fIJBM.2017.084130&partnerID=40&md5=2f0406516495c6a6280ffb5811dc0a01","Article","Final","","Scopus","2-s2.0-85019171208"
"Mokan M.; Shaikh S.H.; Relan D.; Gabrani G.","Mokan, Monika (58141506500); Shaikh, Soharab Hossain (36761579500); Relan, Devanjali (55662038700); Gabrani, Goldie (6602608380)","58141506500; 36761579500; 55662038700; 6602608380","Fundus image classification for diabetic retinopathy using deep learning","2023","Computational Intelligence Aided Systems for Healthcare Domain","","","","295","312","17","0","10.1201/9781003368342-13","https://www.scopus.com/inward/record.uri?eid=2-s2.0-85161165966&doi=10.1201%2f9781003368342-13&partnerID=40&md5=e5f9e14474635b353a58759c365bbfda","Book chapter","Final","","Scopus","2-s2.0-85161165966"
"Upadhyaya V.; Shaikh S.H.","Upadhyaya, Vikas (56352584900); Shaikh, Soharab Hossain (36761579500)","56352584900; 36761579500","Traffic monitoring using multiple sensors","2018","International Journal of Sensors, Wireless Communications and Control","8","1","","72","84","12","1","10.2174/2210327908666180307154048","https://www.scopus.com/inward/record.uri?eid=2-s2.0-85052219992&doi=10.2174%2f2210327908666180307154048&partnerID=40&md5=49aeea7f3796c068e65cf667335130b5","Article","Final","","Scopus","2-s2.0-85052219992"
"Ghanty S.K.; Shaikh S.H.; Chaki N.","Ghanty, Sumit Kumar (36760695100); Shaikh, Soharab Hossain (36761579500); Chaki, Nabendu (6602146347)","36760695100; 36761579500; 6602146347","On recognition of spoken bengali numerals","2010","2010 International Conference on Computer Information Systems and Industrial Management Applications, CISIM 2010","","","5643692","54","59","5","10","10.1109/CISIM.2010.5643692","https://www.scopus.com/inward/record.uri?eid=2-s2.0-78651237621&doi=10.1109%2fCISIM.2010.5643692&partnerID=40&md5=bdbae0086b3601aca6289db8b8f27fb4","Conference paper","Final","","Scopus","2-s2.0-78651237621"
"Shaikh S.H.; Saeed K.; Chaki N.","Shaikh, Soharab Hossain (36761579500); Saeed, Khalid (35183998800); Chaki, Nabendu (6602146347)","36761579500; 35183998800; 6602146347","Moving object detection using background subtraction","2014","SpringerBriefs in Computer Science","0","9783319073859","","15","23","8","66","10.1007/978-3-319-07386-6_3","https://www.scopus.com/inward/record.uri?eid=2-s2.0-85033477680&doi=10.1007%2f978-3-319-07386-6_3&partnerID=40&md5=689d40fa57e6257ec21bbaa3ccace0bf","Book chapter","Final","","Scopus","2-s2.0-85033477680"
"Roy S.; Saha S.; Dey A.; Shaikh S.H.; Chaki N.","Roy, Sudipta (56406670700); Saha, Sangeet (55221750800); Dey, Ayan (57194561802); Shaikh, Soharab Hossain (36761579500); Chaki, Nabendu (6602146347)","56406670700; 55221750800; 57194561802; 36761579500; 6602146347","Performance Evaluation of Multiple Image Binarization Algorithms Using Multiple Metrics on Standard Image Databases","2014","Advances in Intelligent Systems and Computing","249 VOLUME II","","","349","360","11","8","10.1007/978-3-319-03095-1_38","https://www.scopus.com/inward/record.uri?eid=2-s2.0-84888394569&doi=10.1007%2f978-3-319-03095-1_38&partnerID=40&md5=15017cb830d508294b18de2cd534dfaf","Conference paper","Final","","Scopus","2-s2.0-84888394569"
"Mukherjee J.; Shaikh S.H.; Kar M.; Chakrabarti A.","Mukherjee, Jhilam (56504740100); Shaikh, Soharab Hossain (36761579500); Kar, Madhuchanda (56567715900); Chakrabarti, Amlan (24342850300)","56504740100; 36761579500; 56567715900; 24342850300","A comparative analysis of image segmentation techniques toward automatic risk prediction of solitary pulmonary nodules","2016","Advances in Intelligent Systems and Computing","395","","","159","179","20","0","10.1007/978-81-322-2650-5_11","https://www.scopus.com/inward/record.uri?eid=2-s2.0-84983171116&doi=10.1007%2f978-81-322-2650-5_11&partnerID=40&md5=aacd869854c337775b047e9f43168481","Conference paper","Final","","Scopus","2-s2.0-84983171116"
"Shaikh S.H.; Bhunia S.K.; Chaki N.","Shaikh, Soharab Hossain (36761579500); Bhunia, Sugam Kumar (55904757000); Chaki, Nabendu (6602146347)","36761579500; 55904757000; 6602146347","On generation of silhouette of moving objects from video","2013","Lecture Notes in Electrical Engineering","221 LNEE","VOL. 1","","213","223","10","4","10.1007/978-81-322-0997-3_20","https://www.scopus.com/inward/record.uri?eid=2-s2.0-84885197285&doi=10.1007%2f978-81-322-0997-3_20&partnerID=40&md5=b7ed1d0d8785c40e9caad0c25f9d3c08","Conference paper","Final","","Scopus","2-s2.0-84885197285"
"Chakraborty S.; Shaikh S.H.; Chakrabarti A.; Ghosh R.","Chakraborty, Sanjay (57169636900); Shaikh, Soharab Hossain (36761579500); Chakrabarti, Amlan (24342850300); Ghosh, Ranjan (55844406900)","57169636900; 36761579500; 24342850300; 55844406900","Quantum image edge extraction based on classical robinson operator","2022","Multimedia Tools and Applications","81","23","","33459","33481","22","2","10.1007/s11042-022-12627-3","https://www.scopus.com/inward/record.uri?eid=2-s2.0-85128322986&doi=10.1007%2fs11042-022-12627-3&partnerID=40&md5=ac1a29b01e0a54459ccf587d5384cf11","Article","Final","","Scopus","2-s2.0-85128322986"
"Chakraborty S.; Mandal S.B.; Shaikh S.H.","Chakraborty, Sanjay (57169636900); Mandal, Sudhindu Bikash (37020750100); Shaikh, Soharab Hossain (36761579500)","57169636900; 37020750100; 36761579500","Quantum image processing: challenges and future research issues","2022","International Journal of Information Technology (Singapore)","14","1","","475","489","14","12","10.1007/s41870-018-0227-8","https://www.scopus.com/inward/record.uri?eid=2-s2.0-85095430264&doi=10.1007%2fs41870-018-0227-8&partnerID=40&md5=95846eaf26b8802403da3a0507c44be8","Article","Final","All Open Access; Green Open Access","Scopus","2-s2.0-85095430264"
"Shaikh S.H.; Saeed K.; Chaki N.","Shaikh, Soharab Hossain (36761579500); Saeed, Khalid (35183998800); Chaki, Nabendu (6602146347)","36761579500; 35183998800; 6602146347","Gait recognition using partial silhouette-based approach","2014","2014 International Conference on Signal Processing and Integrated Networks, SPIN 2014","","","6776930","101","106","5","19","10.1109/spin.2014.6776930","https://www.scopus.com/inward/record.uri?eid=2-s2.0-84902472538&doi=10.1109%2fspin.2014.6776930&partnerID=40&md5=66421ba040012e97c36372d87ae08118","Conference paper","Final","","Scopus","2-s2.0-84902472538"
"Chaki N.; Shaikh S.H.; Saeed K.","Chaki, Nabendu (6602146347); Shaikh, Soharab Hossain (36761579500); Saeed, Khalid (35183998800)","6602146347; 36761579500; 35183998800","Exploring image binarization techniques","2014","Studies in Computational Intelligence","560","","","","","","41","10.1007/978-81-322-1907-1","https://www.scopus.com/inward/record.uri?eid=2-s2.0-84927742988&doi=10.1007%2f978-81-322-1907-1&partnerID=40&md5=1d5ecc42044576a6ed6b9faa975afa19","Article","Final","","Scopus","2-s2.0-84927742988"
"Das Dawn D.; Khan A.; Shaikh S.H.; Pal R.K.","Das Dawn, Debapratim (56543808800); Khan, Abhinandan (37665182000); Shaikh, Soharab Hossain (36761579500); Pal, Rajat Kumar (7201402133)","56543808800; 37665182000; 36761579500; 7201402133","A 2-Tier Bengali Dataset for Evaluation of Hard and Soft Classification Approaches","2023","IETE Journal of Research","","","","","","","0","10.1080/03772063.2023.2173672","https://www.scopus.com/inward/record.uri?eid=2-s2.0-85148585377&doi=10.1080%2f03772063.2023.2173672&partnerID=40&md5=29aa02b0b9f6159d793719f4807038ec","Article","Article in press","","Scopus","2-s2.0-85148585377"
"Das Dawn D.; Khan A.; Shaikh S.H.; Pal R.K.","Das Dawn, Debapratim (56543808800); Khan, Abhinandan (37665182000); Shaikh, Soharab Hossain (36761579500); Pal, Rajat Kumar (7201402133)","56543808800; 37665182000; 36761579500; 7201402133","A dataset for evaluating Bengali word sense disambiguation techniques","2023","Journal of Ambient Intelligence and Humanized Computing","14","4","","4057","4086","29","0","10.1007/s12652-022-04471-y","https://www.scopus.com/inward/record.uri?eid=2-s2.0-85144655549&doi=10.1007%2fs12652-022-04471-y&partnerID=40&md5=855f6871041f921cfec01a6fecbbb9f3","Article","Final","","Scopus","2-s2.0-85144655549"
"Shaikh S.H.; Maiti A.K.; Chaki N.","Shaikh, Soharab Hossain (36761579500); Maiti, Asis Kumar (54784971900); Chaki, Nabendu (6602146347)","36761579500; 54784971900; 6602146347","On creation of reference image for quantitative evaluation of image thresholding method","2011","Communications in Computer and Information Science","245 CCIS","","","161","169","8","1","10.1007/978-3-642-27245-5_21","https://www.scopus.com/inward/record.uri?eid=2-s2.0-83755162632&doi=10.1007%2f978-3-642-27245-5_21&partnerID=40&md5=cbe8ada736bda45800972c914f2a2687","Conference paper","Final","","Scopus","2-s2.0-83755162632"
"Chakraborty S.; Shaikh S.H.; Chakrabarti A.; Ghosh R.","Chakraborty, Sanjay (57169636900); Shaikh, Soharab Hossain (36761579500); Chakrabarti, Amlan (24342850300); Ghosh, Ranjan (55844406900)","57169636900; 36761579500; 24342850300; 55844406900","An Image Denoising Technique using Quantum Wavelet Transform","2020","International Journal of Theoretical Physics","59","11","","3348","3371","23","21","10.1007/s10773-020-04590-2","https://www.scopus.com/inward/record.uri?eid=2-s2.0-85092916911&doi=10.1007%2fs10773-020-04590-2&partnerID=40&md5=e74a769ab9c4715a2b4b2367dadc5e43","Article","Final","","Scopus","2-s2.0-85092916911"
"Chakraborty S.; Mandal S.B.; Shaikh S.H.","Chakraborty, Sanjay (57169636900); Mandal, Sudhindu Bikash (37020750100); Shaikh, Soharab Hossain (36761579500)","57169636900; 37020750100; 36761579500","Design and implementation of a multivalued quantum circuit for threshold based color image segmentation","2018","Intelligent Decision Technologies","12","2","","251","264","13","9","10.3233/IDT-180331","https://www.scopus.com/inward/record.uri?eid=2-s2.0-85044363686&doi=10.3233%2fIDT-180331&partnerID=40&md5=1d2adecd03b425db6ba42bbf09fe2db2","Article","Final","","Scopus","2-s2.0-85044363686"
"Shaikh S.H.; Maiti A.; Chaki N.","Shaikh, Soharab Hossain (36761579500); Maiti, Asis (54784971900); Chaki, Nabendu (6602146347)","36761579500; 54784971900; 6602146347","Image binarization using iterative partitioning: A global thresholding approach","2011","2011 International Conference on Recent Trends in Information Systems, ReTIS 2011 - Proceedings","","","6146882","281","286","5","12","10.1109/ReTIS.2011.6146882","https://www.scopus.com/inward/record.uri?eid=2-s2.0-84857478734&doi=10.1109%2fReTIS.2011.6146882&partnerID=40&md5=4ec729fac9e5ca96e5ea5cd0851fd94a","Conference paper","Final","","Scopus","2-s2.0-84857478734"
"Chakraborty S.; Shaikh S.H.; Chakrabarti A.; Ghosh R.","Chakraborty, S. (57169636900); Shaikh, S.H. (36761579500); Chakrabarti, A. (24342850300); Ghosh, R. (55844406900)","57169636900; 36761579500; 24342850300; 55844406900","A study of scrambled noisy quantum image formation with geometric transformation and its denoising using qwt","2020","Studies in Computational Intelligence","913","","","137","150","13","2","10.1007/978-981-15-6844-2_10","https://www.scopus.com/inward/record.uri?eid=2-s2.0-85091741675&doi=10.1007%2f978-981-15-6844-2_10&partnerID=40&md5=7b8bc86823f1fe61a54b4c607a82e9a7","Book chapter","Final","","Scopus","2-s2.0-85091741675"
"Shaikh S.H.; Roy S.; Chaki N.","Shaikh, Soharab Hossain (36761579500); Roy, Saikat (57709087500); Chaki, Nabendu (6602146347)","36761579500; 57709087500; 6602146347","Recognition of object orientation from images","2014","IEEE Proceedings of the INternational Conference On Emerging Trends in Science Engineering and Technology: Recent Advancements on Science and Engineering Innovation, INCOSET 2012","","","6513915","260","263","3","2","","https://www.scopus.com/inward/record.uri?eid=2-s2.0-84911191405&partnerID=40&md5=52908afc5fbc40c110b6d25cc2911787","Conference paper","Final","","Scopus","2-s2.0-84911191405"
"Das Dawn D.; Shaikh S.H.; Pal R.K.","Das Dawn, Debapratim (56543808800); Shaikh, Soharab Hossain (36761579500); Pal, Rajat Kumar (7201402133)","56543808800; 36761579500; 7201402133","A comprehensive review of Bengali word sense disambiguation","2020","Artificial Intelligence Review","53","6","","4183","4213","30","6","10.1007/s10462-019-09790-9","https://www.scopus.com/inward/record.uri?eid=2-s2.0-85076223862&doi=10.1007%2fs10462-019-09790-9&partnerID=40&md5=b53b8b5d690bcb3511886139fee14ae5","Article","Final","","Scopus","2-s2.0-85076223862"
"Chakraborty S.; Shaikh S.H.; Chakrabarti A.; Ghosh R.","Chakraborty, Sanjay (57169636900); Shaikh, Soharab Hossain (36761579500); Chakrabarti, Amlan (24342850300); Ghosh, Ranjan (55844406900)","57169636900; 36761579500; 24342850300; 55844406900","A hybrid quantum feature selection algorithm using a quantum inspired graph theoretic approach","2020","Applied Intelligence","50","6","","1775","1793","18","15","10.1007/s10489-019-01604-3","https://www.scopus.com/inward/record.uri?eid=2-s2.0-85079385595&doi=10.1007%2fs10489-019-01604-3&partnerID=40&md5=fe4fd9cc3262ce841ffcefc7a72b63d5","Article","Final","","Scopus","2-s2.0-85079385595"
"Mishra A.; Shaikh S.H.; Sanyal R.","Mishra, Atul (57214672356); Shaikh, Soharab Hossain (36761579500); Sanyal, Ratna (24475170800)","57214672356; 36761579500; 24475170800","Context based NLP framework of textual tagging for low resource language","2022","Multimedia Tools and Applications","","","","","","","6","10.1007/s11042-021-11884-y","https://www.scopus.com/inward/record.uri?eid=2-s2.0-85123114424&doi=10.1007%2fs11042-021-11884-y&partnerID=40&md5=075410bc9bba746aee83fbae2890dbf9","Article","Article in press","","Scopus","2-s2.0-85123114424"
"Shaikh S.H.; Saeed K.; Chaki N.","Shaikh, Soharab Hossain (36761579500); Saeed, Khalid (35183998800); Chaki, Nabendu (6602146347)","36761579500; 35183998800; 6602146347","Moving object detection: A new approach","2014","SpringerBriefs in Computer Science","0","9783319073859","","25","48","23","3","10.1007/978-3-319-07386-6_4","https://www.scopus.com/inward/record.uri?eid=2-s2.0-85044994225&doi=10.1007%2f978-3-319-07386-6_4&partnerID=40&md5=7a53f3a81fda1e3dd810f38c3a2a34bd","Book chapter","Final","","Scopus","2-s2.0-85044994225"
"Shaikh S.H.; Saeed K.; Chaki N.","Shaikh, Soharab Hossain (36761579500); Saeed, Khalid (35183998800); Chaki, Nabendu (6602146347)","36761579500; 35183998800; 6602146347","Databases for research","2014","SpringerBriefs in Computer Science","0","9783319073859","","49","65","16","0","10.1007/978-3-319-07386-6_5","https://www.scopus.com/inward/record.uri?eid=2-s2.0-85044993992&doi=10.1007%2f978-3-319-07386-6_5&partnerID=40&md5=5fbd909052ee052a1c633522830f7f6f","Book chapter","Final","","Scopus","2-s2.0-85044993992"
"Shaikh S.H.; Tabedzki M.; Chaki N.; Saeed K.","Shaikh, Soharab Hossain (36761579500); Tabedzki, Marek (6505903656); Chaki, Nabendu (6602146347); Saeed, Khalid (35183998800)","36761579500; 6505903656; 6602146347; 35183998800","Bengali printed character recognition - A new approach","2013","Lecture Notes in Computer Science (including subseries Lecture Notes in Artificial Intelligence and Lecture Notes in Bioinformatics)","8104 LNCS","","","129","140","11","1","10.1007/978-3-642-40925-7_13","https://www.scopus.com/inward/record.uri?eid=2-s2.0-84885214176&doi=10.1007%2f978-3-642-40925-7_13&partnerID=40&md5=a02a9b2458d024d08104d13bf7e0a245","Conference paper","Final","All Open Access; Bronze Open Access; Green Open Access","Scopus","2-s2.0-84885214176"
"Shaikh S.H.; Saeed K.; Chaki N.","Shaikh, Soharab Hossain (36761579500); Saeed, Khalid (35183998800); Chaki, Nabendu (6602146347)","36761579500; 35183998800; 6602146347","Conclusions","2014","SpringerBriefs in Computer Science","0","9783319073859","","67","","","2","10.1007/978-3-319-07386-6_6","https://www.scopus.com/inward/record.uri?eid=2-s2.0-85045002633&doi=10.1007%2f978-3-319-07386-6_6&partnerID=40&md5=3cca356780512f45d00246cc842a1e6f","Book chapter","Final","","Scopus","2-s2.0-85045002633"
"Das Dawn D.; Khan A.; Shaikh S.H.; Pal R.K.","Das Dawn, Debapratim (56543808800); Khan, Abhinandan (37665182000); Shaikh, Soharab Hossain (36761579500); Pal, Rajat Kumar (7201402133)","56543808800; 37665182000; 36761579500; 7201402133","Lexeme connexion measure of cohesive lexical ambiguity revealing factor: a robust approach for word sense disambiguation of Bengali text","2023","Multimedia Tools and Applications","","","","","","","0","10.1007/s11042-023-14676-8","https://www.scopus.com/inward/record.uri?eid=2-s2.0-85163743125&doi=10.1007%2fs11042-023-14676-8&partnerID=40&md5=1c443f9bee964d1982ab686017e00fda","Article","Article in press","","Scopus","2-s2.0-85163743125"
"Dey A.; Shaikh S.H.; Saeed K.; Chaki N.","Dey, Ayan (57194561802); Shaikh, Soharab Hossain (36761579500); Saeed, Khalid (35183998800); Chaki, Nabendu (6602146347)","57194561802; 36761579500; 35183998800; 6602146347","Modified majority voting algorithm towards creating reference image for binarization","2014","Smart Innovation, Systems and Technologies","27","VOL 1","","221","227","6","5","10.1007/978-3-319-07353-8_26","https://www.scopus.com/inward/record.uri?eid=2-s2.0-84906707801&doi=10.1007%2f978-3-319-07353-8_26&partnerID=40&md5=4e5baf00b1641fa92e23e04243ef19f0","Conference paper","Final","","Scopus","2-s2.0-84906707801"
"Shaikh S.H.; Saeed K.; Chaki N.","Shaikh, Soharab Hossain (36761579500); Saeed, Khalid (35183998800); Chaki, Nabendu (6602146347)","36761579500; 35183998800; 6602146347","Performance benchmarking of different binarization techniques for fingerprint-based biometric authentication","2013","Advances in Intelligent Systems and Computing","226","","","237","246","9","3","10.1007/978-3-319-00969-8_23","https://www.scopus.com/inward/record.uri?eid=2-s2.0-84880394453&doi=10.1007%2f978-3-319-00969-8_23&partnerID=40&md5=18f628ed345822083b3e2846f4fd2ba4","Article","Final","","Scopus","2-s2.0-84880394453"
"Mishra A.; Shaikh S.H.; Sanyal R.","Mishra, Atul (57214672356); Shaikh, Soharab Hossain (36761579500); Sanyal, Ratna (24475170800)","57214672356; 36761579500; 24475170800","Context similarity based hybrid approach for extracting hindi multiword expressions","2022","Journal of Intelligent and Fuzzy Systems","43","5","","5595","5605","10","0","10.3233/JIFS-212595","https://www.scopus.com/inward/record.uri?eid=2-s2.0-85140800362&doi=10.3233%2fJIFS-212595&partnerID=40&md5=f45d7fd0df76044d79da848ac8caddff","Article","Final","","Scopus","2-s2.0-85140800362"
"Shaikh S.H.; Dey A.; Saeed K.; Chaki N.","Shaikh, Soharab Hossain (36761579500); Dey, Ayan (57194561802); Saeed, Khalid (35183998800); Chaki, Nabendu (6602146347)","36761579500; 57194561802; 35183998800; 6602146347","On creation of reference image for degraded documents binarisation","2015","International Journal of Computational Vision and Robotics","5","2","","155","180","25","0","10.1504/IJCVR.2015.068797","https://www.scopus.com/inward/record.uri?eid=2-s2.0-84928111395&doi=10.1504%2fIJCVR.2015.068797&partnerID=40&md5=a69361408ff6a330b548bd7786cb89f5","Article","Final","","Scopus","2-s2.0-84928111395"
"Shaikh S.H.; Maiti A.K.; Chaki N.","Shaikh, Soharab Hossain (36761579500); Maiti, Asis Kumar (54784971900); Chaki, Nabendu (6602146347)","36761579500; 54784971900; 6602146347","A new image binarization method using iterative partitioning","2013","Machine Vision and Applications","24","2","","337","350","13","38","10.1007/s00138-011-0402-4","https://www.scopus.com/inward/record.uri?eid=2-s2.0-84872297403&doi=10.1007%2fs00138-011-0402-4&partnerID=40&md5=7d5ee54237c90b88186294b47841058c","Article","Final","","Scopus","2-s2.0-84872297403"
