﻿"Authors","Author full names","Author(s) ID","Title","Year","Source title","Volume","Issue","Art. No.","Page start","Page end","Page count","Cited by","DOI","Link","Document Type","Publication Stage","Open Access","Source","EID"
"Rani S.; Kumar M.; Garg P.; Parmar R.; Kumar A.; Singh Y.; Baloria V.; Deshpande U.; Singh V.N.","Rani, Sanju (57225803246); Kumar, Manoj (57208894450); Garg, Parveen (57353383400); Parmar, Rahul (57213352743); Kumar, Ashish (57226074511); Singh, Yogesh (7203076473); Baloria, Vishal (57567250400); Deshpande, Uday (16174726200); Singh, Vidya Nand (16191348000)","57225803246; 57208894450; 57353383400; 57213352743; 57226074511; 7203076473; 57567250400; 16174726200; 16191348000","Temperature-Dependent n-p-n Switching and Highly Selective Room-Temperature n-SnSe2/p-SnO/n-SnSe Heterojunction-Based NO2Gas Sensor","2022","ACS Applied Materials and Interfaces","14","13","","15381","15390","9","15","10.1021/acsami.1c24679","https://www.scopus.com/inward/record.uri?eid=2-s2.0-85127841601&doi=10.1021%2facsami.1c24679&partnerID=40&md5=0a44d2346d9e07fe1541fc06a492ca81","Article","Final","","Scopus","2-s2.0-85127841601"
"Balouria V.; Singh A.; Ramgir N.S.; Debnath A.K.; Mahajan A.; Bedi R.K.; Aswal D.K.; Gupta S.K.","Balouria, Vishal (57567250400); Singh, A. (57204477038); Ramgir, Niranjan S. (8385859600); Debnath, A.K. (7004415600); Mahajan, Aman (55668039000); Bedi, R.K. (7102041493); Aswal, D.K. (7004489346); Gupta, S.K. (56399625300)","57567250400; 57204477038; 8385859600; 7004415600; 55668039000; 7102041493; 7004489346; 56399625300","Enhanced H2S response of Au modified Fe2O3 thin films","2013","AIP Conference Proceedings","1512","","","782","783","1","1","10.1063/1.4791271","https://www.scopus.com/inward/record.uri?eid=2-s2.0-84874858458&doi=10.1063%2f1.4791271&partnerID=40&md5=5661c741699f0c8c2a0be898b366478a","Conference paper","Final","","Scopus","2-s2.0-84874858458"
"Singh A.; Kumar A.; Kumar A.; Samanta S.; Joshi N.; Balouria V.; Debnath A.K.; Prasad R.; Salmi Z.; Chehimi M.M.; Aswal D.K.; Gupta S.K.","Singh, Ajay (57204477038); Kumar, Ashwini (57221102104); Kumar, Arvind (57204150576); Samanta, S. (35093189900); Joshi, Nirav (55649980900); Balouria, Vishal (57567250400); Debnath, A.K. (7004415600); Prasad, R. (7402378114); Salmi, Z. (54912122300); Chehimi, M.M. (7005257126); Aswal, D.K. (7004489346); Gupta, S.K. (56399625300)","57204477038; 57221102104; 57204150576; 35093189900; 55649980900; 57567250400; 7004415600; 7402378114; 54912122300; 7005257126; 7004489346; 56399625300","Bending stress induced improved chemiresistive gas sensing characteristics of flexible cobalt-phthalocyanine thin films","2013","Applied Physics Letters","102","13","132107","","","","35","10.1063/1.4800446","https://www.scopus.com/inward/record.uri?eid=2-s2.0-84876101925&doi=10.1063%2f1.4800446&partnerID=40&md5=f46baba86b76175b22fcd3031eb42aae","Article","Final","","Scopus","2-s2.0-84876101925"
"Balouria V.; Kumar A.; Samanta S.; Singh A.; Debnath A.K.; Mahajan A.; Bedi R.K.; Aswal D.K.; Gupta S.K.","Balouria, Vishal (57567250400); Kumar, Arvind (58366870400); Samanta, S. (35093189900); Singh, A. (57204477038); Debnath, A.K. (7004415600); Mahajan, Aman (55668039000); Bedi, R.K. (7102041493); Aswal, D.K. (7004489346); Gupta, S.K. (56399625300)","57567250400; 58366870400; 35093189900; 57204477038; 7004415600; 55668039000; 7102041493; 7004489346; 56399625300","Nano-crystalline Fe2O3 thin films for ppm level detection of H2S","2013","Sensors and Actuators, B: Chemical","181","","","471","478","7","112","10.1016/j.snb.2013.02.013","https://www.scopus.com/inward/record.uri?eid=2-s2.0-84875168241&doi=10.1016%2fj.snb.2013.02.013&partnerID=40&md5=7fe69f80b98542b8dbaaac99a7b074ce","Article","Final","","Scopus","2-s2.0-84875168241"
"Yadav A.; Sharma A.; Baloria V.; Singh P.; Gupta G.","Yadav, Aditya (57209138110); Sharma, Anuj (57359432900); Baloria, Vishal (57567250400); Singh, Preetam (56565913000); Gupta, Govind (57209792251)","57209138110; 57359432900; 57567250400; 56565913000; 57209792251","Ultrahigh sensitive NO sensor based on WO3 film with ppb-level sensitivity","2023","Ceramics International","49","5","","7853","7860","7","2","10.1016/j.ceramint.2022.10.284","https://www.scopus.com/inward/record.uri?eid=2-s2.0-85141508794&doi=10.1016%2fj.ceramint.2022.10.284&partnerID=40&md5=223a01777d0e7439e8da3c9e342b10d4","Article","Final","","Scopus","2-s2.0-85141508794"
"Baloria V.; Prajapati C.S.; Bhat N.; Gupta G.","Baloria, Vishal (57567250400); Prajapati, Chandra Shekhar (37102708200); Bhat, Navakanta (7101608475); Gupta, Govind (57209792251)","57567250400; 37102708200; 7101608475; 57209792251","Chemiresistors and Their Microfabrication","2020","Materials Horizons: From Nature to Nanomaterials","","","","71","94","23","1","10.1007/978-981-15-4810-9_3","https://www.scopus.com/inward/record.uri?eid=2-s2.0-85144991082&doi=10.1007%2f978-981-15-4810-9_3&partnerID=40&md5=8fef2f1fba4a1e8e7d294b68e32d69f4","Book chapter","Final","","Scopus","2-s2.0-85144991082"
"Balouria V.; Kumar A.; Singh A.; Samanta S.; Debnath A.K.; Mahajan A.; Bedi R.K.; Aswal D.K.; Gupta S.K.; Yakhmi J.V.","Balouria, Vishal (57567250400); Kumar, Arvind (58366870400); Singh, A. (57204477038); Samanta, S. (35093189900); Debnath, A.K. (7004415600); Mahajan, Aman (55668039000); Bedi, R.K. (7102041493); Aswal, D.K. (7004489346); Gupta, S.K. (56399625300); Yakhmi, J.V. (7006834206)","57567250400; 58366870400; 57204477038; 35093189900; 7004415600; 55668039000; 7102041493; 7004489346; 56399625300; 7006834206","Temperature dependent H2S and Cl2 sensing selectivity of Cr2O3 thin films","2011","Sensors and Actuators, B: Chemical","157","2","","466","472","6","51","10.1016/j.snb.2011.05.002","https://www.scopus.com/inward/record.uri?eid=2-s2.0-79959630003&doi=10.1016%2fj.snb.2011.05.002&partnerID=40&md5=6e303d3b0cd67be005cf0ba8d609e192","Article","Final","","Scopus","2-s2.0-79959630003"
"Balouria V.; Ramgir N.S.; Singh A.; Debnath A.K.; Mahajan A.; Bedi R.K.; Aswal D.K.; Gupta S.K.","Balouria, Vishal (57567250400); Ramgir, Niranjan S. (8385859600); Singh, A. (57204477038); Debnath, A.K. (7004415600); Mahajan, Aman (55668039000); Bedi, R.K. (7102041493); Aswal, D.K. (7004489346); Gupta, S.K. (56399625300)","57567250400; 8385859600; 57204477038; 7004415600; 55668039000; 7102041493; 7004489346; 56399625300","Enhanced H2S sensing characteristics of Au modified Fe2O3 thin films","2015","Sensors and Actuators, B: Chemical","219","","","125","132","7","68","10.1016/j.snb.2015.04.113","https://www.scopus.com/inward/record.uri?eid=2-s2.0-84930201465&doi=10.1016%2fj.snb.2015.04.113&partnerID=40&md5=bb324efcb90e4a5a427b6a76530002d1","Article","Final","","Scopus","2-s2.0-84930201465"
"Gangwar A.K.; Godiwal R.; Jaiswal J.; Baloria V.; Pal P.; Gupta G.; Singh P.","Gangwar, Amit Kumar (57226822740); Godiwal, Rahul (57216220495); Jaiswal, Jyoti (57190072665); Baloria, Vishal (57567250400); Pal, Prabir (55545861297); Gupta, Govind (57209792251); Singh, Preetam (56565913000)","57226822740; 57216220495; 57190072665; 57567250400; 55545861297; 57209792251; 56565913000","Corrigendum to “Magnetron configurations dependent surface properties of SnO2 thin films deposited by sputtering process” [Vacuum 177 (2020) 109353]","2021","Vacuum","184","","109885","","","","0","10.1016/j.vacuum.2020.109885","https://www.scopus.com/inward/record.uri?eid=2-s2.0-85095847661&doi=10.1016%2fj.vacuum.2020.109885&partnerID=40&md5=93244436b14e38871ccf89e407cb9a72","Article","Final","","Scopus","2-s2.0-85095847661"
"Singh A.; Samanta S.; Kumar A.; Debnath A.K.; Prasad R.; Veerender P.; Balouria V.; Aswal D.K.; Gupta S.K.","Singh, Ajay (57204477038); Samanta, S. (35093189900); Kumar, Arvind (58366870400); Debnath, A.K. (7004415600); Prasad, R. (7402378114); Veerender, P. (36722834400); Balouria, Vishal (57567250400); Aswal, D.K. (7004489346); Gupta, S.K. (56399625300)","57204477038; 35093189900; 58366870400; 7004415600; 7402378114; 36722834400; 57567250400; 7004489346; 56399625300","Implication of molecular orientation on charge transport and gas sensing characteristics of cobalt-phthalocyanine thin films","2012","Organic Electronics","13","11","","2600","2604","4","16","10.1016/j.orgel.2012.07.022","https://www.scopus.com/inward/record.uri?eid=2-s2.0-84865461899&doi=10.1016%2fj.orgel.2012.07.022&partnerID=40&md5=a751d11e7737ecf26cccae939a4601cb","Article","Final","","Scopus","2-s2.0-84865461899"
"Baloria V.; Yadav A.; Singh P.; Gupta G.","Baloria, Vishal (57567250400); Yadav, Aditya (57209138110); Singh, Preetam (56565913000); Gupta, Govind (57209792251)","57567250400; 57209138110; 56565913000; 57209792251","Semiconductor oxide based chemiresistive gas sensors","2023","Carbon Nanomaterials and their Nanocomposite-Based Chemiresistive Gas Sensors: Applications, Fabrication and Commercialization","","","","133","167","34","1","10.1016/B978-0-12-822837-1.00004-6","https://www.scopus.com/inward/record.uri?eid=2-s2.0-85158936835&doi=10.1016%2fB978-0-12-822837-1.00004-6&partnerID=40&md5=94bc32a3b09b95baa60211a26c322f71","Book chapter","Final","","Scopus","2-s2.0-85158936835"
"Balouria V.; Singh A.; Debnath A.K.; Mahajan A.; Bedi R.K.; Aswal D.K.; Gupta S.K.","Balouria, Vishal (57567250400); Singh, A. (57204477038); Debnath, A.K. (7004415600); Mahajan, Aman (55668039000); Bedi, R.K. (7102041493); Aswal, D.K. (7004489346); Gupta, S.K. (56399625300)","57567250400; 57204477038; 7004415600; 55668039000; 7102041493; 7004489346; 56399625300","Synthesis and characterization of sol-gel derived Cr2O 3 nanoparticles","2012","AIP Conference Proceedings","1447","1","","341","342","1","12","10.1063/1.4710019","https://www.scopus.com/inward/record.uri?eid=2-s2.0-84876798515&doi=10.1063%2f1.4710019&partnerID=40&md5=9edc0898bcdfc83a0c8425b4d7f3b293","Conference paper","Final","","Scopus","2-s2.0-84876798515"
"Virk H.S.; Kishore K.; Balouria V.","Virk, Hardev Singh (7005180298); Kishore, Kamal (57203905183); Balouria, Vishal (57567250400)","7005180298; 57203905183; 57567250400","Fabrication of copper nanowires by electrodeposition using Anodic Alumina and polymer templates","2010","Journal of Nano Research","10","","","63","67","4","16","10.4028/www.scientific.net/JNanoR.10.63","https://www.scopus.com/inward/record.uri?eid=2-s2.0-77952732740&doi=10.4028%2fwww.scientific.net%2fJNanoR.10.63&partnerID=40&md5=5b924e63e2614fb04df545849b5e68fb","Article","Final","","Scopus","2-s2.0-77952732740"
"Balouria V.; Samanta S.; Singh A.; Debnath A.K.; Mahajan A.; Bedi R.K.; Aswal D.K.; Gupta S.K.","Balouria, Vishal (57567250400); Samanta, S. (35093189900); Singh, A. (57204477038); Debnath, A.K. (7004415600); Mahajan, Aman (55668039000); Bedi, R.K. (7102041493); Aswal, D.K. (7004489346); Gupta, S.K. (56399625300)","57567250400; 35093189900; 57204477038; 7004415600; 55668039000; 7102041493; 7004489346; 56399625300","Chemiresistive gas sensing properties of nanocrystalline Co 3O4 thin films","2013","Sensors and Actuators, B: Chemical","176","","","38","45","7","68","10.1016/j.snb.2012.08.064","https://www.scopus.com/inward/record.uri?eid=2-s2.0-84871664987&doi=10.1016%2fj.snb.2012.08.064&partnerID=40&md5=2b3c4d5c8d21154ce9c8a91947a73713","Article","Final","","Scopus","2-s2.0-84871664987"
"Gangwar A.K.; Godiwal R.; Jaiswal J.; Baloria V.; Pal P.; Gupta G.; Singh P.","Gangwar, Amit Kumar (57226822740); Godiwal, Rahul (57216220495); Jaiswal, Jyoti (57190072665); Baloria, Vishal (57567250400); Pal, Prabir (55545861297); Gupta, Govind (57209792251); Singh, Preetam (56565913000)","57226822740; 57216220495; 57190072665; 57567250400; 55545861297; 57209792251; 56565913000","Magnetron configurations dependent surface properties of SnO2 thin films deposited by sputtering process","2020","Vacuum","177","","109353","","","","17","10.1016/j.vacuum.2020.109353","https://www.scopus.com/inward/record.uri?eid=2-s2.0-85082871815&doi=10.1016%2fj.vacuum.2020.109353&partnerID=40&md5=47974faac6eb4e947a1383540be4783e","Article","Final","","Scopus","2-s2.0-85082871815"
