﻿"Authors","Author full names","Author(s) ID","Title","Year","Source title","Volume","Issue","Art. No.","Page start","Page end","Page count","Cited by","DOI","Link","Document Type","Publication Stage","Open Access","Source","EID"
"Pandey A.K.; Upreti H.; Uddin Z.","Pandey, Alok Kumar (35463604600); Upreti, Himanshu (57193790155); Uddin, Ziya (50862185600)","35463604600; 57193790155; 50862185600","Magnetic SWCNT-Ag/H2O nanofluid flow over cone with volumetric heat generation","2023","International Journal of Modern Physics B","","","2350253","","","","4","10.1142/S0217979223502533","https://www.scopus.com/inward/record.uri?eid=2-s2.0-85149230103&doi=10.1142%2fS0217979223502533&partnerID=40&md5=f33b2bc771f3261050d5de9eb026c7c5","Article","Article in press","","Scopus","2-s2.0-85149230103"
"Bhardwaj A.; Bhardwaj H.; Sakalle A.; Uddin Z.; Sakalle M.; Ibrahim W.","Bhardwaj, Arpit (49361153100); Bhardwaj, Harshit (57188751951); Sakalle, Aditi (57203896909); Uddin, Ziya (50862185600); Sakalle, Maneesha (57535879700); Ibrahim, Wubshet (55327126300)","49361153100; 57188751951; 57203896909; 50862185600; 57535879700; 55327126300","Tree-Based and Machine Learning Algorithm Analysis for Breast Cancer Classification","2022","Computational Intelligence and Neuroscience","2022","","6715406","","","","0","10.1155/2022/6715406","https://www.scopus.com/inward/record.uri?eid=2-s2.0-85134542192&doi=10.1155%2f2022%2f6715406&partnerID=40&md5=ac103d02711ef5c631e38205ef461028","Article","Final","All Open Access; Gold Open Access; Green Open Access","Scopus","2-s2.0-85134542192"
"Ganga S.; Uddin Z.; Asthana R.; Hassan H.; Bhardwaj A.","Ganga, Sai (57217525816); Uddin, Ziya (50862185600); Asthana, Rishi (16548831400); Hassan, Hamdy (57194234156); Bhardwaj, Arpit (49361153100)","57217525816; 50862185600; 16548831400; 57194234156; 49361153100","Modelling of Viscosity and Thermal Conductivity of Water-Based Nanofluids using Machine-Learning Techniques","2023","International Journal of Mathematical, Engineering and Management Sciences","8","5","","817","840","23","0","10.33889/IJMEMS.2023.8.5.047","https://www.scopus.com/inward/record.uri?eid=2-s2.0-85171424756&doi=10.33889%2fIJMEMS.2023.8.5.047&partnerID=40&md5=c01f83fd91f82bdbf547fe5ef7436a98","Article","Final","All Open Access; Bronze Open Access","Scopus","2-s2.0-85171424756"
"Uddin Z.; Hassan H.; Harmand S.; Ibrahim W.","Uddin, Ziya (50862185600); Hassan, Hamdy (57194234156); Harmand, Souad (6603283837); Ibrahim, Wubshet (55327126300)","50862185600; 57194234156; 6603283837; 55327126300","Soft computing and statistical approach for sensitivity analysis of heat transfer through the hybrid nanoliquid film in rotating heat pipe","2022","Scientific Reports","12","1","14983","","","","3","10.1038/s41598-022-18736-1","https://www.scopus.com/inward/record.uri?eid=2-s2.0-85137157654&doi=10.1038%2fs41598-022-18736-1&partnerID=40&md5=721f70d57d4eb25acb743472aa82c5c6","Article","Final","All Open Access; Gold Open Access; Green Open Access","Scopus","2-s2.0-85137157654"
"Upreti H.; Pandey A.K.; Uddin Z.; Kumar M.","Upreti, Himanshu (57193790155); Pandey, Alok Kumar (35463604600); Uddin, Ziya (50862185600); Kumar, Manoj (57908382100)","57193790155; 35463604600; 50862185600; 57908382100","Thermophoresis and Brownian motion effects on 3D flow of Casson nanofluid consisting microorganisms over a Riga plate using PSO: A numerical study","2022","Chinese Journal of Physics","78","","","234","270","36","39","10.1016/j.cjph.2022.06.019","https://www.scopus.com/inward/record.uri?eid=2-s2.0-85133943709&doi=10.1016%2fj.cjph.2022.06.019&partnerID=40&md5=6b5c2aa2ecaa2dcd7d258883765a53e7","Article","Final","","Scopus","2-s2.0-85133943709"
"Uddin Z.; Kumar M.","Uddin, Ziya (50862185600); Kumar, Manoj (57908382100)","50862185600; 57908382100","Mhd heat and mass transfer free convection flow near the lower stagnation point of an isothermal cylinder Imbedded in porous Domain with the presence of radiation","2011","Jordan Journal of Mechanical and Industrial Engineering","5","2","","133","138","5","12","","https://www.scopus.com/inward/record.uri?eid=2-s2.0-80053655148&partnerID=40&md5=941444dd70dd59d635723bdcfaa44805","Article","Final","","Scopus","2-s2.0-80053655148"
"Uddin Z.; Ganga S.; Asthana R.; Ibrahim W.","Uddin, Ziya (50862185600); Ganga, Sai (57217525816); Asthana, Rishi (16548831400); Ibrahim, Wubshet (55327126300)","50862185600; 57217525816; 16548831400; 55327126300","Wavelets based physics informed neural networks to solve non-linear differential equations","2023","Scientific Reports","13","1","2882","","","","2","10.1038/s41598-023-29806-3","https://www.scopus.com/inward/record.uri?eid=2-s2.0-85148349968&doi=10.1038%2fs41598-023-29806-3&partnerID=40&md5=6be365bdbe487c38e120727a7e21cf70","Article","Final","All Open Access; Gold Open Access; Green Open Access","Scopus","2-s2.0-85148349968"
"Pandey A.K.; Upreti H.; Joshi N.; Uddin Z.","Pandey, Alok Kumar (35463604600); Upreti, Himanshu (57193790155); Joshi, Navneet (57189042159); Uddin, Ziya (50862185600)","35463604600; 57193790155; 57189042159; 50862185600","Effect of natural convection on 3D MHD flow of MoS2–GO/H2O via porous surface due to multiple slip mechanisms","2022","Journal of Taibah University for Science","16","1","","749","762","13","24","10.1080/16583655.2022.2113729","https://www.scopus.com/inward/record.uri?eid=2-s2.0-85140785744&doi=10.1080%2f16583655.2022.2113729&partnerID=40&md5=3217950dee612673e377e33470a6d93e","Article","Final","All Open Access; Gold Open Access","Scopus","2-s2.0-85140785744"
"Uddin Z.; Asthana R.; Kumar Awasthi M.; Gupta S.","Uddin, Z. (50862185600); Asthana, R. (16548831400); Kumar Awasthi, M. (57285510700); Gupta, S. (57308352300)","50862185600; 16548831400; 57285510700; 57308352300","Steady MHD flow of nano-fluids over a rotating porous disk in the presence of heat generation/absorption: A numerical study using PSO","2017","Journal of Applied Fluid Mechanics","10","3","","871","879","8","15","10.18869/acadpub.jafm.73.240.26650","https://www.scopus.com/inward/record.uri?eid=2-s2.0-85025599199&doi=10.18869%2facadpub.jafm.73.240.26650&partnerID=40&md5=0388e5bf13bf9b0eec19ca680eeff22e","Article","Final","All Open Access; Gold Open Access; Green Open Access","Scopus","2-s2.0-85025599199"
"Uddin Z.; Kumar M.; Harmand S.","Uddin, Ziya (50862185600); Kumar, Manoj (57908382100); Harmand, Souad (6603283837)","50862185600; 57908382100; 6603283837","Influence of thermal radiation and heat generation//absorption on MHD heat transfer flow of a micropolar fluid past a wedge with hall and ion slip currents","2014","Thermal Science","18","SUPPL.2","","489","502","13","34","10.2298/TSCI110712085U","https://www.scopus.com/inward/record.uri?eid=2-s2.0-84904735674&doi=10.2298%2fTSCI110712085U&partnerID=40&md5=8c5671cd92439320e2d57f9c5b623bf6","Article","Final","All Open Access; Bronze Open Access","Scopus","2-s2.0-84904735674"
"Uddin Z.; Harmand S.; Ahmed S.","Uddin, Ziya (50862185600); Harmand, Souad (6603283837); Ahmed, Shahid (57212960692)","50862185600; 6603283837; 57212960692","Computational modeling of heat transfer in rotating heat pipes using nanofluids: A numerical study using PSO","2017","International Journal of Thermal Sciences","112","","","44","54","10","19","10.1016/j.ijthermalsci.2016.09.035","https://www.scopus.com/inward/record.uri?eid=2-s2.0-84991262964&doi=10.1016%2fj.ijthermalsci.2016.09.035&partnerID=40&md5=3f9924fbbf30f3ad67c1072b5abc195c","Article","Final","","Scopus","2-s2.0-84991262964"
"Uddin Z.; Asthana R.; Awasthi M.K.; Hassan H.","Uddin, Ziya (50862185600); Asthana, Rishi (16548831400); Awasthi, Mukesh Kumar (57285510700); Hassan, Hamdy (57194234156)","50862185600; 16548831400; 57285510700; 57194234156","A metaheuristic approach for the comparative study of MHD flow of nano liquids in a semi-porous channel","2021","International Journal for Computational Methods in Engineering Science and Mechanics","22","3","","244","251","7","6","10.1080/15502287.2021.1916700","https://www.scopus.com/inward/record.uri?eid=2-s2.0-85106283148&doi=10.1080%2f15502287.2021.1916700&partnerID=40&md5=461a63aa572884457f780ca37404171f","Article","Final","","Scopus","2-s2.0-85106283148"
"Awasthi M.K.; Uddin Z.; Asthana R.","Awasthi, Mukesh Kumar (13003468000); Uddin, Ziya (50862185600); Asthana, Rishi (16548831400)","13003468000; 50862185600; 16548831400","Temporal instability of a power-law viscoelastic nanofluid layer","2021","European Physical Journal: Special Topics","230","5","","1427","1434","7","4","10.1140/epjs/s11734-021-00038-8","https://www.scopus.com/inward/record.uri?eid=2-s2.0-85104056734&doi=10.1140%2fepjs%2fs11734-021-00038-8&partnerID=40&md5=b234f09b9d06d19dfbb120656fb2c15d","Article","Final","","Scopus","2-s2.0-85104056734"
"Uddin Z.; Vishwak K.S.; Harmand S.","Uddin, Ziya (50862185600); Vishwak, Korimerla Sai (57226610433); Harmand, Souad (6603283837)","50862185600; 57226610433; 6603283837","Numerical duality of MHD stagnation point flow and heat transfer of nanofluid past a shrinking/stretching sheet: Metaheuristic approach","2021","Chinese Journal of Physics","73","","","442","461","19","30","10.1016/j.cjph.2021.07.018","https://www.scopus.com/inward/record.uri?eid=2-s2.0-85112039804&doi=10.1016%2fj.cjph.2021.07.018&partnerID=40&md5=aaa19009d9011418c0c22be7b714d879","Article","Final","","Scopus","2-s2.0-85112039804"
"Uddin Z.; Harmand S.","Uddin, Ziya (50862185600); Harmand, Souad (6603283837)","50862185600; 6603283837","Natural convection heat transfer of nanofluids along a vertical plate embedded in porous medium","2013","Nanoscale Research Letters","8","1","64","1","19","18","49","10.1186/1556-276X-8-64","https://www.scopus.com/inward/record.uri?eid=2-s2.0-84875168926&doi=10.1186%2f1556-276X-8-64&partnerID=40&md5=32acfd0629c71bedfa73ef13a3c8601e","Article","Final","All Open Access; Gold Open Access; Green Open Access","Scopus","2-s2.0-84875168926"
"Sharma D.; Puppala H.; Asthana R.; Uddin Z.","Sharma, Deepti (57208874575); Puppala, Harish (57189240188); Asthana, Rishi (16548831400); Uddin, Ziya (50862185600)","57208874575; 57189240188; 16548831400; 50862185600","Fuzzy analytical hierarchy process to evaluate the curriculum of an undergraduate program with a vision to design an industry-ready undergraduate engineering program","2022","Mathematics in Engineering, Science and Aerospace","13","3","","703","713","10","2","","https://www.scopus.com/inward/record.uri?eid=2-s2.0-85137632693&partnerID=40&md5=ce06a8da8447b7fbbf9e2f60905c2852","Article","Final","","Scopus","2-s2.0-85137632693"
"Uddin Z.; Kumari M.","Uddin, Ziya (50862185600); Kumari, Manoj (55014728100)","50862185600; 55014728100","MHD heat and mass transfer free convection flow near the lower stagnation point of an isothermal cylinder imbedded in porous domain with the presence of radiation","2011","Jordan Journal of Mechanical and Industrial Engineering","5","5","","419","423","4","7","","https://www.scopus.com/inward/record.uri?eid=2-s2.0-84857257468&partnerID=40&md5=05674f3fd185079772aaf4b85c98f378","Article","Final","","Scopus","2-s2.0-84857257468"
"Hassan H.; Abdel Shafey N.Y.; Uddin Z.; Hawwash A.A.","Hassan, Hamdy (57194234156); Abdel Shafey, N.Y. (57344441300); Uddin, Ziya (50862185600); Hawwash, A.A. (57198491699)","57194234156; 57344441300; 50862185600; 57198491699","3D investigation on the impact of chips positions and number on their cooling inside cavity","2021","Journal of Mechanical Science and Technology","35","11","","5233","5244","11","4","10.1007/s12206-021-1040-z","https://www.scopus.com/inward/record.uri?eid=2-s2.0-85118313233&doi=10.1007%2fs12206-021-1040-z&partnerID=40&md5=eb23f9e2c2eb1b4424a1f20e4cc804c7","Article","Final","","Scopus","2-s2.0-85118313233"
"Bisht V.; Kumar M.; Uddin Z.","Bisht, V. (6603596171); Kumar, M. (57908382100); Uddin, Z. (50862185600)","6603596171; 57908382100; 50862185600","Effects of variable thermal conductivity and chemical reaction on steady mixed convection boundary layer flow with heat and mass transfer inside a cone due to a point sink","2011","Journal of Applied Fluid Mechanics","4","4","","59","63","4","7","10.36884/jafm.4.04.11947","https://www.scopus.com/inward/record.uri?eid=2-s2.0-80052991848&doi=10.36884%2fjafm.4.04.11947&partnerID=40&md5=2bddf2a11a2ebacc75097ac36b4d419e","Article","Final","All Open Access; Gold Open Access","Scopus","2-s2.0-80052991848"
"Upreti H.; Uddin Z.; Pandey A.K.; Joshi N.","Upreti, Himanshu (57193790155); Uddin, Ziya (50862185600); Pandey, Alok Kumar (35463604600); Joshi, Navneet (57189042159)","57193790155; 50862185600; 35463604600; 57189042159","Particle swarm optimization based numerical study for pressure, flow, and heat transfer over a rotating disk with temperature dependent nanofluid properties","2023","Numerical Heat Transfer; Part A: Applications","83","8","","815","844","29","5","10.1080/10407782.2022.2156412","https://www.scopus.com/inward/record.uri?eid=2-s2.0-85145916990&doi=10.1080%2f10407782.2022.2156412&partnerID=40&md5=507693e56346870971d96cb6d9817a90","Article","Final","","Scopus","2-s2.0-85145916990"
"Awasthi M.K.; Asthana R.; Uddin Z.","Awasthi, Mukesh Kumar (57285510700); Asthana, Rishi (16548831400); Uddin, Ziya (50862185600)","57285510700; 16548831400; 50862185600","Nonlinear Study of Kelvin-Helmholtz instability of cylindrical flow with mass and heat transfer","2016","International Communications in Heat and Mass Transfer","71","","","216","224","8","11","10.1016/j.icheatmasstransfer.2015.12.035","https://www.scopus.com/inward/record.uri?eid=2-s2.0-84954304554&doi=10.1016%2fj.icheatmasstransfer.2015.12.035&partnerID=40&md5=129d72cc8b039c34a127a3732cb70f4e","Article","Final","","Scopus","2-s2.0-84954304554"
"Uddin Z.; Kumar M.","Uddin, Z. (50862185600); Kumar, M. (57908382100)","50862185600; 57908382100","Hall and ion-slip effect on MHD boundary layer flow of a micro polar fluid past a wedge","2013","Scientia Iranica","20","3","","467","476","9","32","10.1016/j.scient.2013.02.013","https://www.scopus.com/inward/record.uri?eid=2-s2.0-84888374696&doi=10.1016%2fj.scient.2013.02.013&partnerID=40&md5=899afd8e5b185288959a33d3b4958361","Article","Final","","Scopus","2-s2.0-84888374696"
