﻿"Authors","Author full names","Author(s) ID","Title","Year","Source title","Volume","Issue","Art. No.","Page start","Page end","Page count","Cited by","DOI","Link","Document Type","Publication Stage","Open Access","Source","EID"
"Le P.T.P.; Hofhuis K.; Rana A.; Huijben M.; Hilgenkamp H.; Rijnders G.A.J.H.M.; ten Elshof J.E.; Koster G.; Gauquelin N.; Lumbeeck G.; Schüßler-Langeheine C.; Popescu H.; Fortuna F.; Smit S.; Verbeek X.H.; Araizi-Kanoutas G.; Mishra S.; Vaskivskyi I.; Dürr H.A.; Golden M.S.","Le, Phu Tran Phong (57211604233); Hofhuis, Kevin (57211300492); Rana, Abhimanyu (36182549900); Huijben, Mark (6508113651); Hilgenkamp, Hans (7003419947); Rijnders, Guus A.J.H.M. (7004559551); ten Elshof, Johan E. (7003443215); Koster, Gertjan (7005900149); Gauquelin, Nicolas (26428040300); Lumbeeck, Gunnar (57203278769); Schüßler-Langeheine, Christian (13806179700); Popescu, Horia (8533178500); Fortuna, Franck (6601930537); Smit, Steef (57190028189); Verbeek, Xanthe H. (57211603548); Araizi-Kanoutas, Georgios (57211607085); Mishra, Shrawan (57213026318); Vaskivskyi, Igor (36246789000); Dürr, Hermann A. (7101788278); Golden, Mark S. (7102392681)","57211604233; 57211300492; 36182549900; 6508113651; 7003419947; 7004559551; 7003443215; 7005900149; 26428040300; 57203278769; 13806179700; 8533178500; 6601930537; 57190028189; 57211603548; 57211607085; 57213026318; 36246789000; 7101788278; 7102392681","Tailoring Vanadium Dioxide Film Orientation Using Nanosheets: a Combined Microscopy, Diffraction, Transport, and Soft X-Ray in Transmission Study","2020","Advanced Functional Materials","30","1","1900028","","","","14","10.1002/adfm.201900028","https://www.scopus.com/inward/record.uri?eid=2-s2.0-85074571697&doi=10.1002%2fadfm.201900028&partnerID=40&md5=5fd534b21dd49890542f5fd8216bb365","Article","Final","All Open Access; Green Open Access; Hybrid Gold Open Access","Scopus","2-s2.0-85074571697"
"Lakhotiya G.; Bajaj S.; Nayak A.K.; Pradhan D.; Tekade P.; Rana A.","Lakhotiya, Govinda (57194538666); Bajaj, Sonal (56900804700); Nayak, Arpan Kumar (8632753500); Pradhan, Debabrata (7102992814); Tekade, Pradip (8441535000); Rana, Abhimanyu (36182549900)","57194538666; 56900804700; 8632753500; 7102992814; 8441535000; 36182549900","Enhanced catalytic activity without the use of an external light source using microwave-synthesized CuO nanopetals","2017","Beilstein Journal of Nanotechnology","8","1","","1167","1173","6","6","10.3762/bjnano.8.118","https://www.scopus.com/inward/record.uri?eid=2-s2.0-85020672285&doi=10.3762%2fbjnano.8.118&partnerID=40&md5=f223e8ebe8229aadc08bd6bfca7b72f0","Article","Final","All Open Access; Gold Open Access; Green Open Access","Scopus","2-s2.0-85020672285"
"Chanmal C.; Deo M.; Rana A.; Jog J.; Ogale S.","Chanmal, Chetan (24467410300); Deo, Meenal (35213315100); Rana, Abhimanyu (36182549900); Jog, Jyoti (7004276870); Ogale, Satishchandra (55157007700)","24467410300; 35213315100; 36182549900; 7004276870; 55157007700","Strong electric field modulation of transport in PVDF/MWCNT nanocomposite near the percolation threshold","2011","Solid State Communications","151","21","","1612","1615","3","7","10.1016/j.ssc.2011.07.018","https://www.scopus.com/inward/record.uri?eid=2-s2.0-80053289543&doi=10.1016%2fj.ssc.2011.07.018&partnerID=40&md5=ccaa5c3802a7454c089f46420ff01f20","Article","Final","","Scopus","2-s2.0-80053289543"
"Sharma S.; Singh K.; Kumar S.; Bhatt K.; Dwivedi Y.; Rana A.; Tripathi C.C.","Sharma, Sandeep (57213924174); Singh, Karamvir (57212380583); Kumar, Sandeep (57218172626); Bhatt, Kapil (56957888700); Dwivedi, Yashashchandra (7004249315); Rana, Abhimanyu (36182549900); Tripathi, C.C. (36640260700)","57213924174; 57212380583; 57218172626; 56957888700; 7004249315; 36182549900; 36640260700","Fabrication of reduced graphene oxide modified poly(3,4-ethylenedioxythiophene) polystyrene sulfonate based transparent conducting electrodes for flexible optoelectronic application","2021","SN Applied Sciences","3","1","26","","","","1","10.1007/s42452-020-04034-w","https://www.scopus.com/inward/record.uri?eid=2-s2.0-85100739466&doi=10.1007%2fs42452-020-04034-w&partnerID=40&md5=8cb5f90a4bb75da2bdec2f550ea7ba20","Article","Final","All Open Access; Gold Open Access","Scopus","2-s2.0-85100739466"
"Sanjay Khone D.; Bera S.; Singh Rana A.","Sanjay Khone, Darshika (58164296100); Bera, Sambhunath (58456447700); Singh Rana, Abhimanyu (36182549900)","58164296100; 58456447700; 36182549900","Investigations of endurance and retention in tantalum oxide based memristor","2023","Materials Today: Proceedings","","","","","","","0","10.1016/j.matpr.2023.03.238","https://www.scopus.com/inward/record.uri?eid=2-s2.0-85151245789&doi=10.1016%2fj.matpr.2023.03.238&partnerID=40&md5=b6400efe71a5e1fad4b099b8f8607378","Article","Article in press","","Scopus","2-s2.0-85151245789"
"Sharma S.; Singh K.; Kumar S.; Rana A.; Bhatt K.; Dwivedi Y.; Gupta M.; Tripathi C.C.","Sharma, Sandeep (57213924174); Singh, Karamvir (57212380583); Kumar, Sandeep (57218172626); Rana, Abhimanyu (36182549900); Bhatt, Kapil (56957888700); Dwivedi, Y. (7004249315); Gupta, Monish (57214001289); Tripathi, C.C. (36640260700)","57213924174; 57212380583; 57218172626; 36182549900; 56957888700; 7004249315; 57214001289; 36640260700","Optical and electrical investigations of rubbing assisted few-layer graphene thin film for feasibility of flexible electrode","2020","Optik","203","","163989","","","","3","10.1016/j.ijleo.2019.163989","https://www.scopus.com/inward/record.uri?eid=2-s2.0-85076553370&doi=10.1016%2fj.ijleo.2019.163989&partnerID=40&md5=7469ea5ca83323946c463abfe07d0649","Article","Final","","Scopus","2-s2.0-85076553370"
"Halge D.I.; Narwade V.N.; Khanzode P.M.; Begum S.; Banerjee I.; Dadge J.W.; Kovac J.; Rana A.S.; Bogle K.A.","Halge, Devidas I. (57210324057); Narwade, Vijaykiran N. (57194185797); Khanzode, Pooja M. (57202906338); Begum, Sumayya (57204431863); Banerjee, Indrani (57204276854); Dadge, Jagdish W. (12140908100); Kovac, Janez (55778365400); Rana, Abhimanyu S. (36182549900); Bogle, Kashinath A. (9639632700)","57210324057; 57194185797; 57202906338; 57204431863; 57204276854; 12140908100; 55778365400; 36182549900; 9639632700","Development of highly sensitive and ultra-fast visible-light photodetector using nano-CdS thin film","2021","Applied Physics A: Materials Science and Processing","127","6","446","","","","13","10.1007/s00339-021-04611-9","https://www.scopus.com/inward/record.uri?eid=2-s2.0-85106868508&doi=10.1007%2fs00339-021-04611-9&partnerID=40&md5=db3a6506bc2637efd7a6ad39ccd5c084","Article","Final","","Scopus","2-s2.0-85106868508"
"Zhang Q.; Rana A.; Liu X.; Valanoor N.","Zhang, Qi (56066517200); Rana, Abhimanyu (36182549900); Liu, Xiaoyan (56165857900); Valanoor, Nagarajan (7005308340)","56066517200; 36182549900; 56165857900; 7005308340","Electrode dependence of local electrical properties of chemical-solution-deposition-derived BiFeO3 thin films","2020","ACS Applied Electronic Materials","1","1","","154","162","8","14","10.1021/acsaelm.8b00064","https://www.scopus.com/inward/record.uri?eid=2-s2.0-85076725013&doi=10.1021%2facsaelm.8b00064&partnerID=40&md5=3473028868984d79ae92d32f7ed87f7f","Article","Final","","Scopus","2-s2.0-85076725013"
"Rana A.; Patra A.; Annamalai M.; Srivastava A.; Ghosh S.; Stoerzinger K.; Lee Y.-L.; Prakash S.; Jueyuan R.Y.; Goohpattader P.S.; Satyanarayana N.; Gopinadhan K.; Dykas M.M.; Poddar K.; Saha S.; Sarkar T.; Kumar B.; Bhatia C.S.; Giordano L.; Yang S.-H.; Venkatesan T.","Rana, Abhimanyu (36182549900); Patra, Abhijeet (56830107200); Annamalai, Meenakshi (26532415800); Srivastava, Amar (57203137959); Ghosh, Siddhartha (53863574800); Stoerzinger, Kelsey (35786388900); Lee, Yueh-Lin (16645867500); Prakash, Saurav (57061658400); Jueyuan, Reuben Yeo (57190947585); Goohpattader, Partho S. (24484528200); Satyanarayana, Nalam (8725655400); Gopinadhan, Kalon (12769436000); Dykas, Michal M. (55640250300); Poddar, Kingshuk (54885860400); Saha, Surajit (12782845900); Sarkar, Tarapada (57210723284); Kumar, Brijesh (55435104600); Bhatia, Charanjit S. (55662833500); Giordano, Livia (7102033120); Yang, Shao-Horn (57214095403); Venkatesan, T. (57211632804)","36182549900; 56830107200; 26532415800; 57203137959; 53863574800; 35786388900; 16645867500; 57061658400; 57190947585; 24484528200; 8725655400; 12769436000; 55640250300; 54885860400; 12782845900; 57210723284; 55435104600; 55662833500; 7102033120; 57214095403; 57211632804","Correlation of nanoscale behaviour of forces and macroscale surface wettability","2016","Nanoscale","8","34","","15597","15603","6","20","10.1039/c6nr02076c","https://www.scopus.com/inward/record.uri?eid=2-s2.0-84984633825&doi=10.1039%2fc6nr02076c&partnerID=40&md5=a9439d1c6af0affa9d3ab23b811ca30a","Article","Final","","Scopus","2-s2.0-84984633825"
"Lebedev N.; Huang Y.; Rana A.; Jannis D.; Gauquelin N.; Verbeeck J.; Aarts J.","Lebedev, N. (57193764584); Huang, Y. (58606223500); Rana, A. (36182549900); Jannis, D. (57208215834); Gauquelin, N. (26428040300); Verbeeck, J. (9238150500); Aarts, J. (55867175100)","57193764584; 58606223500; 36182549900; 57208215834; 26428040300; 9238150500; 55867175100","Resistance minimum in LaAlO3/Eu1-xLaxTiO3/SrTiO3 heterostructures","2022","Physical Review Materials","6","7","075003","","","","0","10.1103/PhysRevMaterials.6.075003","https://www.scopus.com/inward/record.uri?eid=2-s2.0-85135705525&doi=10.1103%2fPhysRevMaterials.6.075003&partnerID=40&md5=f874a7997c68efd9a4f50f384a722fc7","Article","Final","All Open Access; Green Open Access","Scopus","2-s2.0-85135705525"
"Mhamane D.; Ramadan W.; Fawzy M.; Rana A.; Dubey M.; Rode C.; Lefez B.; Hannoyer B.; Ogale S.","Mhamane, Dattakumar (46861466400); Ramadan, Wegdan (55605780021); Fawzy, Manal (7006691055); Rana, Abhimanyu (36182549900); Dubey, Megha (46860959500); Rode, Chandrashekhar (24067196800); Lefez, Benoit (6603543327); Hannoyer, Beatrice (6701831849); Ogale, Satishchandra (55157007700)","46861466400; 55605780021; 7006691055; 36182549900; 46860959500; 24067196800; 6603543327; 6701831849; 55157007700","From graphite oxide to highly water dispersible functionalized graphene by single step plant extract-induced deoxygenation","2011","Green Chemistry","13","8","","1990","1996","6","142","10.1039/c1gc15393e","https://www.scopus.com/inward/record.uri?eid=2-s2.0-80051591119&doi=10.1039%2fc1gc15393e&partnerID=40&md5=d02d0b3acd41d0164d171ed07b355650","Article","Final","","Scopus","2-s2.0-80051591119"
"Yadav S.; Ghrera A.S.; Rana A.; Devi A.","Yadav, Sarita (57217794109); Ghrera, Aditya Sharma (56650903100); Rana, Abhimanyu (36182549900); Devi, Ambika (57202920966)","57217794109; 56650903100; 36182549900; 57202920966","Evaluating the role of current collectors in supercapacitor electrodes with NiCo2O4 nanospheres","2023","Journal of Physics and Chemistry of Solids","178","","111347","","","","0","10.1016/j.jpcs.2023.111347","https://www.scopus.com/inward/record.uri?eid=2-s2.0-85151788551&doi=10.1016%2fj.jpcs.2023.111347&partnerID=40&md5=e716d1ddfa27afc57f3bf690ca06eecb","Article","Final","","Scopus","2-s2.0-85151788551"
"Rana A.; Yadav A.; Gupta G.; Rana A.","Rana, Anchal (57542173700); Yadav, Aditya (57209138110); Gupta, Govind (57209792251); Rana, Abhimanyu (36182549900)","57542173700; 57209138110; 57209792251; 36182549900","Infrared sensitive mixed phase of V7O16 and V2O5 thin-films","2023","RSC Advances","13","22","","15334","15341","7","0","10.1039/d3ra00752a","https://www.scopus.com/inward/record.uri?eid=2-s2.0-85161163663&doi=10.1039%2fd3ra00752a&partnerID=40&md5=5aa644e0b95b6891bd5cc47cbbc31f02","Article","Final","All Open Access; Gold Open Access; Green Open Access","Scopus","2-s2.0-85161163663"
"Ojha P.K.; Sharma R.; Hissariya R.; Babu S.; Ketkar E.; Singh S.; Neema S.; Rana A.; Pal N.; Sathe V.G.; Mishra S.K.","Ojha, P.K. (25634379300); Sharma, R. (57449364300); Hissariya, R. (57235140000); Babu, S. (56687715000); Ketkar, E. (57410878500); Singh, S. (57209607278); Neema, S. (57410294900); Rana, A. (36182549900); Pal, N. (57204631185); Sathe, V.G. (7004092952); Mishra, S.K. (57213026318)","25634379300; 57449364300; 57235140000; 56687715000; 57410878500; 57209607278; 57410294900; 36182549900; 57204631185; 7004092952; 57213026318","Observation of V–V dimers softening and distinct length scales in nanostructured VO2 thin films","2022","Journal of Physics and Chemistry of Solids","163","","110564","","","","1","10.1016/j.jpcs.2021.110564","https://www.scopus.com/inward/record.uri?eid=2-s2.0-85122761813&doi=10.1016%2fj.jpcs.2021.110564&partnerID=40&md5=d79979fe42f85de0558c29e822d3d74e","Article","Final","","Scopus","2-s2.0-85122761813"
"Khone D.; Kumar S.; Balal M.; Barman S.R.; Kumar S.; Rana A.S.","Khone, Darshika (58557473700); Kumar, Sandeep (57218172626); Balal, Mohammad (57190744992); Barman, Sudipta Roy (7102545560); Kumar, Sunil (57211128573); Rana, Abhimanyu Singh (36182549900)","58557473700; 57218172626; 57190744992; 7102545560; 57211128573; 36182549900","Resistive switching and battery-like characteristics in highly transparent Ta2O5/ITO thin-films","2023","Scientific Reports","13","1","14297","","","","0","10.1038/s41598-023-40891-2","https://www.scopus.com/inward/record.uri?eid=2-s2.0-85169381769&doi=10.1038%2fs41598-023-40891-2&partnerID=40&md5=7a1479ba4708710bc7c6b8b9b487223a","Article","Final","All Open Access; Gold Open Access","Scopus","2-s2.0-85169381769"
"Lakhotiya G.; Belsare N.; Rana A.; Gupta V.","Lakhotiya, Govinda (57194538666); Belsare, Namdeo (6505837258); Rana, Abhimanyu (36182549900); Gupta, Vinay (55694411100)","57194538666; 6505837258; 36182549900; 55694411100","                         Cu                         2                         S nanocrystals incorporated highly efficient non-fullerene ternary organic solar cells                     ","2019","Current Applied Physics","19","4","","394","399","5","7","10.1016/j.cap.2019.01.006","https://www.scopus.com/inward/record.uri?eid=2-s2.0-85059807856&doi=10.1016%2fj.cap.2019.01.006&partnerID=40&md5=46fd18dc5c1e77fd7b917ee3e5c0c148","Article","Final","","Scopus","2-s2.0-85059807856"
"Lakhotiya G.; Belsare N.; Arbuj S.; Kale B.; Rana A.","Lakhotiya, Govinda (57194538666); Belsare, Namdeo (6505837258); Arbuj, Sudhir (15822047300); Kale, Bharat (7004546769); Rana, Abhimanyu (36182549900)","57194538666; 6505837258; 15822047300; 7004546769; 36182549900","Enhanced performance of PTB7-Th:PCBM based active layers in ternary organic solar cells","2019","RSC Advances","9","13","","7457","7463","6","13","10.1039/C8RA08919A","https://www.scopus.com/inward/record.uri?eid=2-s2.0-85062879940&doi=10.1039%2fC8RA08919A&partnerID=40&md5=a14fd3cbdb65e4de9ac1d8ad0266f72c","Article","Final","All Open Access; Gold Open Access; Green Open Access","Scopus","2-s2.0-85062879940"
"More K.D.; Halge D.I.; Khanzode P.M.; Narwade V.N.; Begum S.; Munde S.G.; Dadge J.W.; Rana A.S.; Bogle K.A.","More, Kiran D. (57201084654); Halge, Devidas I. (57210324057); Khanzode, Pooja M. (57202906338); Narwade, Vijaykiran N. (57194185797); Begum, Sumayya (57204431863); Munde, Shivaji G. (54791264300); Dadge, Jagdish W. (12140908100); Rana, Abhimanyu S. (36182549900); Bogle, Kashinath A. (9639632700)","57201084654; 57210324057; 57202906338; 57194185797; 57204431863; 54791264300; 12140908100; 36182549900; 9639632700","Resistive switching characteristics of Pt/TiO2/Al structure under optical illumination","2020","AIP Conference Proceedings","2269","","030066","","","","1","10.1063/5.0019620","https://www.scopus.com/inward/record.uri?eid=2-s2.0-85094563283&doi=10.1063%2f5.0019620&partnerID=40&md5=e4f527a2702acb3b96204b033d239522","Conference paper","Final","","Scopus","2-s2.0-85094563283"
"Thakare V.; Xing G.; Peng H.; Rana A.; Game O.; Anil Kumar P.; Banpurkar A.; Kolekar Y.; Ghosh K.; Wu T.; Sarma D.D.; Ogale S.B.","Thakare, Vishal (24588042100); Xing, Guozhong (57205067532); Peng, Haiyang (35112389500); Rana, Abhimanyu (36182549900); Game, Onkar (36160172900); Anil Kumar, P. (57702875700); Banpurkar, Arun (6507817362); Kolekar, Yesappa (6507895633); Ghosh, Kartik (7201768721); Wu, Tom (36853975300); Sarma, D.D. (56219634700); Ogale, Satishchandra B. (55157007700)","24588042100; 57205067532; 35112389500; 36182549900; 36160172900; 57702875700; 6507817362; 6507895633; 7201768721; 36853975300; 56219634700; 55157007700","High sensitivity low field magnetically gated resistive switching in CoFe 2O 4/La 0.66Sr 0.34MnO 3 heterostructure","2012","Applied Physics Letters","100","17","172412","","","","37","10.1063/1.4707373","https://www.scopus.com/inward/record.uri?eid=2-s2.0-84860333962&doi=10.1063%2f1.4707373&partnerID=40&md5=6a82cbf436577f65a9d8011d872edacc","Article","Final","All Open Access; Green Open Access","Scopus","2-s2.0-84860333962"
"Rana A.; Li C.; Koster G.; Hilgenkamp H.","Rana, Abhimanyu (36182549900); Li, Chuan (57215064203); Koster, Gertjan (7005900149); Hilgenkamp, Hans (7003419947)","36182549900; 57215064203; 7005900149; 7003419947","Resistive switching studies in VO2 thin films","2020","Scientific Reports","10","1","3293","","","","17","10.1038/s41598-020-60373-z","https://www.scopus.com/inward/record.uri?eid=2-s2.0-85079775414&doi=10.1038%2fs41598-020-60373-z&partnerID=40&md5=11ec3c5c899c7ead75745ef5cd26f774","Article","Final","All Open Access; Gold Open Access; Green Open Access","Scopus","2-s2.0-85079775414"
"Kumaraswamy G.; Surve N.S.; Mathew R.; Rana A.; Jha S.K.; Bulakh N.N.; Nisal A.A.; Ajithkumar T.G.; Rajamohanan P.R.; Ratnagiri R.","Kumaraswamy, Guruswamy (57195670610); Surve, Nikita S. (55339387500); Mathew, Renny (24391089400); Rana, Abhimanyu (36182549900); Jha, Saroj K. (55339578100); Bulakh, Neelima N. (6602663149); Nisal, Anuya A. (16417370800); Ajithkumar, T.G. (6602749484); Rajamohanan, P.R. (6701633383); Ratnagiri, Ram (6603010032)","57195670610; 55339387500; 24391089400; 36182549900; 55339578100; 6602663149; 16417370800; 6602749484; 6701633383; 6603010032","Lamellar melting, not crystal motion, results in softening of polyoxymethylene on heating","2012","Macromolecules","45","15","","5967","5978","11","12","10.1021/ma3004423","https://www.scopus.com/inward/record.uri?eid=2-s2.0-84865137827&doi=10.1021%2fma3004423&partnerID=40&md5=996a83813832eb8fe34c008e0cbc7bd6","Article","Final","","Scopus","2-s2.0-84865137827"
"Halge D.I.; Khanzode P.M.; Narwade V.N.; Begum S.; Munde S.G.; More K.D.; Kovac J.; Dadge J.W.; Rana A.S.; Bogle K.A.","Halge, Devidas I. (57210324057); Khanzode, Pooja M. (57202906338); Narwade, Vijaykiran N. (57194185797); Begum, Sumayya (57204431863); Munde, Shivaji G. (54791264300); More, Kiran D. (57201084654); Kovac, Janez (55778365400); Dadge, Jagdish W. (12140908100); Rana, Abhimanyu S. (36182549900); Bogle, Kashinath A. (9639632700)","57210324057; 57202906338; 57194185797; 57204431863; 54791264300; 57201084654; 55778365400; 12140908100; 36182549900; 9639632700","Utilization of spray coated nano-crystalline cadmium sulfide thin film for photo-detector application","2020","AIP Conference Proceedings","2269","","030105","","","","1","10.1063/5.0019614","https://www.scopus.com/inward/record.uri?eid=2-s2.0-85094586101&doi=10.1063%2f5.0019614&partnerID=40&md5=9358ab2e8b2dbfa0df9cbe9d09cb5b2a","Conference paper","Final","","Scopus","2-s2.0-85094586101"
"Dhas V.; Muduli S.; Agarkar S.; Rana A.; Hannoyer B.; Banerjee R.; Ogale S.","Dhas, Vivek (24757739400); Muduli, Subas (25927326000); Agarkar, Shruti (37660982100); Rana, Abhimanyu (36182549900); Hannoyer, Beatrice (6701831849); Banerjee, Rahul (35476133800); Ogale, Satishchandra (55157007700)","24757739400; 25927326000; 37660982100; 36182549900; 6701831849; 35476133800; 55157007700","Enhanced DSSC performance with high surface area thin anatase TiO2 nanoleaves","2011","Solar Energy","85","6","","1213","1219","6","61","10.1016/j.solener.2011.02.029","https://www.scopus.com/inward/record.uri?eid=2-s2.0-79956136360&doi=10.1016%2fj.solener.2011.02.029&partnerID=40&md5=598ae515bd0299ce705247cc237ed3e4","Article","Final","","Scopus","2-s2.0-79956136360"
"Kale S.; Kale A.; Gholap H.; Rana A.; Desai R.; Banpurkar A.; Ogale S.; Shastry P.","Kale, Sonia (36954941700); Kale, Anup (24328551000); Gholap, Haribhau (37112284800); Rana, Abhimanyu (36182549900); Desai, Rama (54954091500); Banpurkar, Arun (6507817362); Ogale, Satishchandra (55157007700); Shastry, Padma (6603745634)","36954941700; 24328551000; 37112284800; 36182549900; 54954091500; 6507817362; 55157007700; 6603745634","Quantum dot bio-conjugate: As a western blot probe for highly sensitive detection of cellular proteins","2012","Journal of Nanoparticle Research","14","3","732","","","","16","10.1007/s11051-012-0732-9","https://www.scopus.com/inward/record.uri?eid=2-s2.0-84856591930&doi=10.1007%2fs11051-012-0732-9&partnerID=40&md5=1c108cf281cf0fd59fcbec254c36ba9c","Article","Final","","Scopus","2-s2.0-84856591930"
"Rana A.; Lu H.; Bogle K.; Zhang Q.; Vasudevan R.; Thakare V.; Gruverman A.; Ogale S.; Valanoor N.","Rana, Abhimanyu (36182549900); Lu, Haidong (57221130938); Bogle, Kashinath (9639632700); Zhang, Qi (56066517200); Vasudevan, Rama (57203197820); Thakare, Vishal (24588042100); Gruverman, Alexei (7006813410); Ogale, Satishchandra (55157007700); Valanoor, Nagarajan (7005308340)","36182549900; 57221130938; 9639632700; 56066517200; 57203197820; 24588042100; 7006813410; 55157007700; 7005308340","Scaling behavior of resistive switching in epitaxial bismuth ferrite heterostructures","2014","Advanced Functional Materials","24","25","","3962","3969","7","65","10.1002/adfm.201400110","https://www.scopus.com/inward/record.uri?eid=2-s2.0-84903536953&doi=10.1002%2fadfm.201400110&partnerID=40&md5=e44438ab78c1109ce9ddb5c4c0ca6100","Article","Final","","Scopus","2-s2.0-84903536953"
"Yadav S.; Ghrera A.S.; Devi A.; Rana A.","Yadav, Sarita (57217794109); Ghrera, Aditya Sharma (56650903100); Devi, Ambika (57202920966); Rana, Abhimanyu (36182549900)","57217794109; 56650903100; 57202920966; 36182549900","Crystalline flower-like nickel cobaltite nanosheets coated with amorphous titanium nitride layer as binder-free electrodes for supercapacitor application","2023","Electrochimica Acta","437","","141526","","","","5","10.1016/j.electacta.2022.141526","https://www.scopus.com/inward/record.uri?eid=2-s2.0-85141924393&doi=10.1016%2fj.electacta.2022.141526&partnerID=40&md5=d7a0d0010f7868707b451a7f7c051fb8","Article","Final","","Scopus","2-s2.0-85141924393"
"Thakran M.; Kumar S.; Phogat R.; Ray S.K.; Brajpuriya R.; Rana A.S.; Kumar B.","Thakran, Mamta (57230170700); Kumar, Sumeet (57213856684); Phogat, Rohit (57230563100); Ray, S.K. (57659740300); Brajpuriya, R. (10240242800); Rana, Abhimanyu Singh (36182549900); Kumar, Brijesh (55435104600)","57230170700; 57213856684; 57230563100; 57659740300; 10240242800; 36182549900; 55435104600","High Pressure Growth Approach for the Preparation of Reduced Graphene Oxide and its Investigation Using Raman Spectroscopy; [Метод вирощування при високому тиску для одержання відновленого оксиду графену і його дослідження за допомогою Раманівської спектроскопії]","2021","Journal of Nano- and Electronic Physics","13","4","","1","5","4","3","10.21272/jnep.13(4).04015","https://www.scopus.com/inward/record.uri?eid=2-s2.0-85113355405&doi=10.21272%2fjnep.13%284%29.04015&partnerID=40&md5=5fc8a067d39e6865d721b205f33932a3","Article","Final","All Open Access; Green Open Access","Scopus","2-s2.0-85113355405"
"Gopinadhan K.; Kumar B.; Palina N.; Motapathula M.; Pallecchi I.; Sarkar T.P.; Zhihua Y.; Chen J.Q.; Annadi A.; Rana A.; Srivastava A.; Marré D.; Chen J.; Ariando; Dhar S.; Rusydi A.; Venkatesan T.","Gopinadhan, Kalon (12769436000); Kumar, Brijesh (55435104600); Palina, Natalie (8514184500); Motapathula, M. (57215125509); Pallecchi, I. (56212808900); Sarkar, T.P. (57210723284); Zhihua, Y. (57215117680); Chen, J.Q. (58370885500); Annadi, A. (36959356800); Rana, A. (36182549900); Srivastava, Amar (57203137959); Marré, D. (7003882089); Chen, Jingsheng (57203098024); Ariando (20733626900); Dhar, S. (35464708400); Rusydi, A. (6507708145); Venkatesan, T. (57211632804)","12769436000; 55435104600; 8514184500; 57215125509; 56212808900; 57210723284; 57215117680; 58370885500; 36959356800; 36182549900; 57203137959; 7003882089; 57203098024; 20733626900; 35464708400; 6507708145; 57211632804","Effect of Nb and Ta substitution on donor electron transport and ultrafast carrier dynamics in anatase TiO2 thin films","2015","Journal of Materials Chemistry C","3","24","","6329","6333","4","9","10.1039/c5tc01061f","https://www.scopus.com/inward/record.uri?eid=2-s2.0-84935826516&doi=10.1039%2fc5tc01061f&partnerID=40&md5=17815d3064799c2f70d79f5da59b785f","Article","Final","","Scopus","2-s2.0-84935826516"
"Lebedev N.; Stehno M.; Rana A.; Reith P.; Gauquelin N.; Verbeeck J.; Hilgenkamp H.; Brinkman A.; Aarts J.","Lebedev, N. (57193764584); Stehno, M. (7801558312); Rana, A. (36182549900); Reith, P. (57199998875); Gauquelin, N. (26428040300); Verbeeck, J. (9238150500); Hilgenkamp, H. (7003419947); Brinkman, A. (15745009800); Aarts, J. (55867175100)","57193764584; 7801558312; 36182549900; 57199998875; 26428040300; 9238150500; 7003419947; 15745009800; 55867175100","Gate-tuned anomalous Hall effect driven by Rashba splitting in intermixed LaAlO3/GdTiO3/SrTiO3","2021","Scientific Reports","11","1","10726","","","","3","10.1038/s41598-021-89767-3","https://www.scopus.com/inward/record.uri?eid=2-s2.0-85106588458&doi=10.1038%2fs41598-021-89767-3&partnerID=40&md5=9cfbb9addc66a3292d1e348b73371837","Article","Final","All Open Access; Gold Open Access; Green Open Access","Scopus","2-s2.0-85106588458"
"Barman S.; Singh B.; Bag A.; Patel A.S.; Chakraborti A.; Rana A.","Barman, Sanmitra (55361430600); Singh, Bipin (57212223496); Bag, Arijit (56204436300); Patel, Arun Singh (55369900800); Chakraborti, Anirban (7005107556); Rana, Abhimanyu (36182549900)","55361430600; 57212223496; 56204436300; 55369900800; 7005107556; 36182549900","Visible light-driven photocatalytic degradation of methyl orange by Fe2O3-BiOCl0.5Br0.5 composite photocatalyst","2021","Asia-Pacific Journal of Chemical Engineering","16","6","e2715","","","","0","10.1002/apj.2715","https://www.scopus.com/inward/record.uri?eid=2-s2.0-85117204451&doi=10.1002%2fapj.2715&partnerID=40&md5=85f0d9b5923aa01b40df4809d5e489cb","Article","Final","","Scopus","2-s2.0-85117204451"
"Lebedev N.; Stehno M.; Rana A.; Gauquelin N.; Verbeeck J.; Brinkman A.; Aarts J.","Lebedev, N. (57193764584); Stehno, M. (7801558312); Rana, A. (36182549900); Gauquelin, N. (26428040300); Verbeeck, J. (9238150500); Brinkman, A. (15745009800); Aarts, J. (55867175100)","57193764584; 7801558312; 36182549900; 26428040300; 9238150500; 15745009800; 55867175100","Inhomogeneous superconductivity and quasilinear magnetoresistance at amorphous LaTiO3/SrTiO3interfaces","2020","Journal of Physics Condensed Matter","33","5","055001","","","","1","10.1088/1361-648X/abc102","https://www.scopus.com/inward/record.uri?eid=2-s2.0-85096620293&doi=10.1088%2f1361-648X%2fabc102&partnerID=40&md5=2bfcd93aaa23f6ff251e2abfad6ebea3","Article","Final","All Open Access; Green Open Access; Hybrid Gold Open Access","Scopus","2-s2.0-85096620293"
"Halge D.I.; Narwade V.N.; Khanzode P.M.; Dadge J.W.; Rana A.S.; Bogle K.A.","Halge, Devidas I. (57210324057); Narwade, Vijaykiran N. (57194185797); Khanzode, Pooja M. (57202906338); Dadge, Jagdish W. (12140908100); Rana, Abhimanyu S. (36182549900); Bogle, Kashinath A. (9639632700)","57210324057; 57194185797; 57202906338; 12140908100; 36182549900; 9639632700","Spray coated nano-crystalline lead sulfide thin film for photo-detector application","2020","AIP Conference Proceedings","2220","","020021","","","","3","10.1063/5.0001670","https://www.scopus.com/inward/record.uri?eid=2-s2.0-85097790105&doi=10.1063%2f5.0001670&partnerID=40&md5=cc0b9bff0b55e613c23bb94db58a8f50","Conference paper","Final","","Scopus","2-s2.0-85097790105"
"Rana A.; Yadav A.; Gupta G.; Rana A.","Rana, Anchal (57542173700); Yadav, Aditya (57209138110); Gupta, Govind (57209792251); Rana, Abhimanyu (36182549900)","57542173700; 57209138110; 57209792251; 36182549900","Erratum: Infrared sensitive mixed phase of V7O16 and V2O5 thin-films (RSC Advances (2023) 13 (15334–15341) DOI: 10.1039/D3RA00752A)","2023","RSC Advances","13","26","","17817","","","0","10.1039/d3ra90051g","https://www.scopus.com/inward/record.uri?eid=2-s2.0-85162780747&doi=10.1039%2fd3ra90051g&partnerID=40&md5=c472b17e38e94a196fad9d7240de8721","Erratum","Final","All Open Access; Gold Open Access; Green Open Access","Scopus","2-s2.0-85162780747"
"Rana A.; Bogle K.; Game O.; Patil S.; Valanoor N.; Ogale S.","Rana, Abhimanyu (36182549900); Bogle, Kashinathx (9639632700); Game, Onkar (36160172900); Patil, Shankar (57210537516); Valanoor, Nagarajan (7005308340); Ogale, Satishchandra (55157007700)","36182549900; 9639632700; 36160172900; 57210537516; 7005308340; 55157007700","Nanoscale modulation of electronic states across unit cell steps on the surface of an epitaxial colossal magnetoresistance manganite film","2010","Applied Physics Letters","96","26","263108","","","","7","10.1063/1.3455886","https://www.scopus.com/inward/record.uri?eid=2-s2.0-77954319825&doi=10.1063%2f1.3455886&partnerID=40&md5=b0c492ffaa49f9dd66308c8c98c38df0","Article","Final","","Scopus","2-s2.0-77954319825"
"Rana A.; Rana A.S.","Rana, Anchal (57542173700); Rana, Abhimanyu Singh (36182549900)","57542173700; 36182549900","Investigation of VxOy thin films using Raman Spectroscopy: Role of oxygen vacancies and structural phase transformation on thermochromic properties","2023","Materials Today: Proceedings","","","","","","","0","10.1016/j.matpr.2023.02.058","https://www.scopus.com/inward/record.uri?eid=2-s2.0-85149210223&doi=10.1016%2fj.matpr.2023.02.058&partnerID=40&md5=bdf9cc06a5601bd0631e62ed1e291f8a","Article","Article in press","","Scopus","2-s2.0-85149210223"
"Leermakers I.; Rubi K.; Yang M.; Kerdi B.; Goiran M.; Escoffier W.; Rana A.S.; Smink A.E.M.; Brinkman A.; Hilgenkamp H.; Maan J.C.; Zeitler U.","Leermakers, I. (56650937000); Rubi, K. (56024137200); Yang, M. (57206776522); Kerdi, B. (57219307480); Goiran, M. (7004429508); Escoffier, W. (22234106300); Rana, A.S. (36182549900); Smink, A.E.M. (57193562528); Brinkman, A. (15745009800); Hilgenkamp, H. (7003419947); Maan, J.C. (7004549056); Zeitler, U. (7003480713)","56650937000; 56024137200; 57206776522; 57219307480; 7004429508; 22234106300; 36182549900; 57193562528; 15745009800; 7003419947; 7004549056; 7003480713","Quantum oscillations in an optically-illuminated two-dimensional electron system at the LaAlO3/SrTiO3interface","2021","Journal of Physics Condensed Matter","33","46","465002","","","","2","10.1088/1361-648X/ac211a","https://www.scopus.com/inward/record.uri?eid=2-s2.0-85115253949&doi=10.1088%2f1361-648X%2fac211a&partnerID=40&md5=997adf1b4e783fcdddfb1b3a2c083dfd","Article","Final","All Open Access; Green Open Access; Hybrid Gold Open Access","Scopus","2-s2.0-85115253949"
"Kaawash N.M.S.; Kejriwal N.; Halge D.I.; Narwade V.N.; Rana A.S.; Dadge J.W.; Jejurikar S.M.; Alegaonkar P.S.; Bogle K.A.","Kaawash, Nabeel M.S. (57538488300); Kejriwal, Nubbh (57538488400); Halge, Devidas I. (57210324057); Narwade, Vijaykiran N. (57194185797); Rana, Abhimanyu S. (36182549900); Dadge, Jagdish W. (12140908100); Jejurikar, Suhas M. (16028172900); Alegaonkar, Prashant S. (6603389146); Bogle, Kashinath A. (9639632700)","57538488300; 57538488400; 57210324057; 57194185797; 36182549900; 12140908100; 16028172900; 6603389146; 9639632700","Highly stable and sensitive photon detection performance of ZnO thin film for ultraviolet light","2022","Physica B: Condensed Matter","639","","413905","","","","15","10.1016/j.physb.2022.413905","https://www.scopus.com/inward/record.uri?eid=2-s2.0-85130305962&doi=10.1016%2fj.physb.2022.413905&partnerID=40&md5=7afd33085d90ab6c7d116a55c6ed3a2f","Article","Final","","Scopus","2-s2.0-85130305962"
"Neema S.; Abhijith A.R.; Panwar O.S.; Srivastava A.; Rana A.","Neema, S. (57410294900); Abhijith, A.R. (57217130878); Panwar, O.S. (7004459093); Srivastava, A. (57203137959); Rana, A. (36182549900)","57410294900; 57217130878; 7004459093; 57203137959; 36182549900","Tunable thermochromism in V2O5films deposited by cathodic vacuum arc method by tailoring the oxygen deficiency","2022","Journal of Physics: Conference Series","2267","1","012009","","","","0","10.1088/1742-6596/2267/1/012009","https://www.scopus.com/inward/record.uri?eid=2-s2.0-85131829054&doi=10.1088%2f1742-6596%2f2267%2f1%2f012009&partnerID=40&md5=0e69719e4def4ce700df780d65473969","Conference paper","Final","All Open Access; Bronze Open Access","Scopus","2-s2.0-85131829054"
"Barman S.; Neema S.; Rana A.; Patel A.S.; Chakraborti A.; Rana A.S.","Barman, Sanmitra (55361430600); Neema, Swarnim (57410294900); Rana, Anchal (57542173700); Patel, Arun Singh (55369900800); Chakraborti, Anirban (7005107556); Rana, Abhimanyu Singh (36182549900)","55361430600; 57410294900; 57542173700; 55369900800; 7005107556; 36182549900","Investigation of Vacuum Arc-Deposited ta-C and ta-C:N Thin Films on Silicon and Stainless-Steel Foil Substrates Using Raman Spectroscopy","2022","Materials Transactions","63","10","","1510","1513","3","0","10.2320/matertrans.MT-M2022054","https://www.scopus.com/inward/record.uri?eid=2-s2.0-85139460908&doi=10.2320%2fmatertrans.MT-M2022054&partnerID=40&md5=c7992ce103b7c975b0990085c92c8440","Article","Final","All Open Access; Bronze Open Access","Scopus","2-s2.0-85139460908"
"Bogle K.A.; Cheng X.; Rana A.S.; Valanoor N.","Bogle, Kashinath A. (9639632700); Cheng, Xuan (55240017100); Rana, Abhimanyu S. (36182549900); Valanoor, Nagarajan (7005308340)","9639632700; 55240017100; 36182549900; 7005308340","Bi-Doped Single-Crystalline (001) Epitaxial TiO2 Anatase Nanostructures for Resistive Random Access Memory Applications","2020","ACS Applied Nano Materials","3","2","","1706","1712","6","5","10.1021/acsanm.9b02416","https://www.scopus.com/inward/record.uri?eid=2-s2.0-85081628836&doi=10.1021%2facsanm.9b02416&partnerID=40&md5=ea95113119f213f57d59d50bb693e134","Article","Final","","Scopus","2-s2.0-85081628836"
