﻿Authors,Author(s) ID,Title,Year,Source title,Volume,Issue,Art. No.,Page start,Page end,Page count,Cited by,DOI,Link,Affiliations,Authors with affiliations,Document Type,Publication Stage,Open Access,Source,EID
"Relan D., Khatter K., Nagpal N.","55662038700;54787827500;57193699900;","Blockchain based solution for electricity supply chain in smart grids",2023,"Applications of Big Data and Artificial Intelligence in Smart Energy Systems","2",,,"127","141",,,,"https://www.scopus.com/inward/record.uri?eid=2-s2.0-85166146406&partnerID=40&md5=e0e763de58fdbc76f78488c85c8a1b31","BML Munjal University, Gurgaon, Haryana, India; Maharaja Agrasen Institute of Technology, Rohini, Delhi, India","Relan, D., BML Munjal University, Gurgaon, Haryana, India; Khatter, K., BML Munjal University, Gurgaon, Haryana, India; Nagpal, N., Maharaja Agrasen Institute of Technology, Rohini, Delhi, India",Book Chapter,"Final","",Scopus,2-s2.0-85166146406
"Ghosh D., Sankaranarayanan J., Khatter K., Samet H.","57209128676;12759504100;54787827500;35556471300;","In-Path Oracles for Road Networks",2023,"ISPRS International Journal of Geo-Information","12","7","277","","",,,"10.3390/ijgi12070277","https://www.scopus.com/inward/record.uri?eid=2-s2.0-85166217450&doi=10.3390%2fijgi12070277&partnerID=40&md5=e1c678902fc935560700056ececd3806","School of Engineering and Technology, BML Munjal University, Haryana122413, India; Google Inc, Sunnyvale, CA  94089, United States; Department of Computer Science, University of Maryland, College Park, MD  20742, United States","Ghosh, D., School of Engineering and Technology, BML Munjal University, Haryana122413, India; Sankaranarayanan, J., Google Inc, Sunnyvale, CA  94089, United States; Khatter, K., School of Engineering and Technology, BML Munjal University, Haryana122413, India; Samet, H., Department of Computer Science, University of Maryland, College Park, MD  20742, United States",Article,"Final","All Open Access, Gold",Scopus,2-s2.0-85166217450
"Rugveth V.S., Khatter K.","58151071200;54787827500;","Sensitivity analysis on Gaussian quantum-behaved particle swarm optimization control parameters",2023,"Soft Computing","27","13",,"8759","8774",,,"10.1007/s00500-023-08011-4","https://www.scopus.com/inward/record.uri?eid=2-s2.0-85150629367&doi=10.1007%2fs00500-023-08011-4&partnerID=40&md5=60c4d72c421e1484c690f8c33725d4d1","Department of Computer Science, BML Munjal University, Gurgaon, India","Rugveth, V.S., Department of Computer Science, BML Munjal University, Gurgaon, India; Khatter, K., Department of Computer Science, BML Munjal University, Gurgaon, India",Article,"Final","",Scopus,2-s2.0-85150629367
"Khurana P., Sharma K., Khatter K.","57222276297;57192438995;54787827500;","Proof of bibliometric indicators: a blockchain based consensus protocol for publications",2023,"Multimedia Tools and Applications","82","12",,"18501","18516",,,"10.1007/s11042-022-14161-8","https://www.scopus.com/inward/record.uri?eid=2-s2.0-85142224640&doi=10.1007%2fs11042-022-14161-8&partnerID=40&md5=cabe17755bda7ce97ba719b4573d6831","School of Computer Applications, Lovely Professional University, Jalandhar - Delhi G.T. Road, Punjab, Phagwara, 144411, India; School of Engineering and Technology, BML Munjal University, Sidhrawali, Haryana, Gurugram, 122413, India","Khurana, P., School of Computer Applications, Lovely Professional University, Jalandhar - Delhi G.T. Road, Punjab, Phagwara, 144411, India; Sharma, K., School of Engineering and Technology, BML Munjal University, Sidhrawali, Haryana, Gurugram, 122413, India; Khatter, K., School of Engineering and Technology, BML Munjal University, Sidhrawali, Haryana, Gurugram, 122413, India",Article,"Final","",Scopus,2-s2.0-85142224640
"Mittal S., Mishra A., Khatter K.","58503528400;57214672356;54787827500;","Psquad: Plagiarism detection and document similarity of Hindi text",2023,"Multimedia Tools and Applications",,,,"","",,,"10.1007/s11042-023-15921-w","https://www.scopus.com/inward/record.uri?eid=2-s2.0-85165569764&doi=10.1007%2fs11042-023-15921-w&partnerID=40&md5=ffe5725105d1d887fe27c3eb485e8e82","BML Munjal University, Gurugram, India","Mittal, S., BML Munjal University, Gurugram, India; Mishra, A., BML Munjal University, Gurugram, India; Khatter, K., BML Munjal University, Gurugram, India",Article,"Article in Press","",Scopus,2-s2.0-85165569764
"Singh D., Vijay G., Gupta A., Yadav M., Mishra A., Khatter K.","57217456640;58318534500;58319029300;58317888800;57214672356;54787827500;","Pramanik Shastra: Blockchain-based Natural User Interfaces and Interaction Approach for Storage and Translation of Sanskrit Scripts",2023,"2nd Edition of IEEE Delhi Section Owned Conference, DELCON 2023 - Proceedings",,,,"","",,,"10.1109/DELCON57910.2023.10127433","https://www.scopus.com/inward/record.uri?eid=2-s2.0-85162206044&doi=10.1109%2fDELCON57910.2023.10127433&partnerID=40&md5=d3d5cf9a87a08e49f92f0f8e423f4644","Bml Munjal University, Gurugram, India","Singh, D., Bml Munjal University, Gurugram, India; Vijay, G., Bml Munjal University, Gurugram, India; Gupta, A., Bml Munjal University, Gurugram, India; Yadav, M., Bml Munjal University, Gurugram, India; Mishra, A., Bml Munjal University, Gurugram, India; Khatter, K., Bml Munjal University, Gurugram, India",Conference Paper,"Final","",Scopus,2-s2.0-85162206044
"Ghosh D., Sankaranarayanan J., Khatter K., Samet H.","57209128676;12759504100;54787827500;35556471300;","Opportunistic package delivery as a service on road networks",2023,"GeoInformatica",,,,"","",,1,"10.1007/s10707-023-00497-2","https://www.scopus.com/inward/record.uri?eid=2-s2.0-85160866672&doi=10.1007%2fs10707-023-00497-2&partnerID=40&md5=50eb74e1496146d6e8e8c5e71a25036f","BML Munjal University, Haryana, India; Google Inc., Sunnyvale, CA, United States; University of Maryland, College Park, MD, United States","Ghosh, D., BML Munjal University, Haryana, India; Sankaranarayanan, J., Google Inc., Sunnyvale, CA, United States; Khatter, K., BML Munjal University, Haryana, India; Samet, H., University of Maryland, College Park, MD, United States",Article,"Article in Press","",Scopus,2-s2.0-85160866672
"Santhosh S., Khatter K., Relan D.","58202801600;54787827500;55662038700;","Software Fault Prediction Using Particle Swarm Optimization and Random Forest",2023,"Lecture Notes in Networks and Systems","551",,,"843","851",,,"10.1007/978-981-19-6631-6_58","https://www.scopus.com/inward/record.uri?eid=2-s2.0-85153106775&doi=10.1007%2f978-981-19-6631-6_58&partnerID=40&md5=d5fb3061e33942a4374391f740ddb0ab","BML Munjal University, Kapriwas, India","Santhosh, S., BML Munjal University, Kapriwas, India; Khatter, K., BML Munjal University, Kapriwas, India; Relan, D., BML Munjal University, Kapriwas, India",Book Chapter,"Final","",Scopus,2-s2.0-85153106775
"Puppala H., Khatter K., Dwivedy M., Poonia A.","57189240188;54787827500;32867742100;58171809500;","Urban scan: A novel system to assess the urban landscapes in the regions deprived of street-view services",2023,"MethodsX","10",,"102155","","",,,"10.1016/j.mex.2023.102155","https://www.scopus.com/inward/record.uri?eid=2-s2.0-85151637851&doi=10.1016%2fj.mex.2023.102155&partnerID=40&md5=50a2b6ea7f064c724607e6449cef55eb","Department of Civil Engineering, SRM University AP, Andhra Pradesh, Mangalagiri, 522502, India; School of Engineering and Technology, BML Munjal University, Haryana122413, India","Puppala, H., Department of Civil Engineering, SRM University AP, Andhra Pradesh, Mangalagiri, 522502, India; Khatter, K., School of Engineering and Technology, BML Munjal University, Haryana122413, India; Dwivedy, M., School of Engineering and Technology, BML Munjal University, Haryana122413, India; Poonia, A., School of Engineering and Technology, BML Munjal University, Haryana122413, India",Article,"Final","All Open Access, Gold, Green",Scopus,2-s2.0-85151637851
"Khurana D., Koli A., Khatter K., Singh S.","57219545335;57219543068;54787827500;56221912900;","Natural language processing: state of the art, current trends and challenges",2023,"Multimedia Tools and Applications","82","3",,"3713","3744",,85,"10.1007/s11042-022-13428-4","https://www.scopus.com/inward/record.uri?eid=2-s2.0-85134345980&doi=10.1007%2fs11042-022-13428-4&partnerID=40&md5=0a480afa477446040c8ff9420a0701c9","Department of Computer Science, Manav Rachna International Institute of Research and Studies, Faridabad, India; Department of Computer Science, BML Munjal University, Gurgaon, India; Department of Statistics, Amity University Punjab, Mohali, India","Khurana, D., Department of Computer Science, Manav Rachna International Institute of Research and Studies, Faridabad, India; Koli, A., Department of Computer Science, Manav Rachna International Institute of Research and Studies, Faridabad, India; Khatter, K., Department of Computer Science, BML Munjal University, Gurgaon, India; Singh, S., Department of Statistics, Amity University Punjab, Mohali, India",Article,"Final","All Open Access, Bronze, Green",Scopus,2-s2.0-85134345980
"Khatter K., DevanjaliRelan","54787827500;57302409900;","Non-functional requirements for blockchain enabled medical supply chain",2022,"International Journal of System Assurance Engineering and Management","13","3",,"1219","1231",,9,"10.1007/s13198-021-01418-y","https://www.scopus.com/inward/record.uri?eid=2-s2.0-85117478081&doi=10.1007%2fs13198-021-01418-y&partnerID=40&md5=68d805d3156fade8a0d0e3f0b5d6527b","Department of Computer Science, BML Munjal University, Gurgaon, India","Khatter, K., Department of Computer Science, BML Munjal University, Gurgaon, India; DevanjaliRelan, Department of Computer Science, BML Munjal University, Gurgaon, India",Article,"Final","",Scopus,2-s2.0-85117478081
"Sood P., Palsania P., Ahuja S., Kumar S., Khatter K., Mishra A.","57665909700;57667173800;57666227700;57219790359;54787827500;57214672356;","Decentralised Collaborative DocuPad Using Blockchain",2022,"2022 IEEE Delhi Section Conference, DELCON 2022",,,,"","",,,"10.1109/DELCON54057.2022.9752853","https://www.scopus.com/inward/record.uri?eid=2-s2.0-85129382491&doi=10.1109%2fDELCON54057.2022.9752853&partnerID=40&md5=b8031186b829a5bb8e743b12cd49fa14","Bml Munjal University, School of Engineering Technology, Gurugram, India","Sood, P., Bml Munjal University, School of Engineering Technology, Gurugram, India; Palsania, P., Bml Munjal University, School of Engineering Technology, Gurugram, India; Ahuja, S., Bml Munjal University, School of Engineering Technology, Gurugram, India; Kumar, S., Bml Munjal University, School of Engineering Technology, Gurugram, India; Khatter, K., Bml Munjal University, School of Engineering Technology, Gurugram, India; Mishra, A., Bml Munjal University, School of Engineering Technology, Gurugram, India",Conference Paper,"Final","",Scopus,2-s2.0-85129382491
"Agarwal S., Khatter K., Relan D.","57224566678;54787827500;55662038700;","Security threat sounds classification using neural network",2021,"Proceedings of the 2021 8th International Conference on Computing for Sustainable Global Development, INDIACom 2021",,,"9441446","690","694",,2,"10.1109/INDIACom51348.2021.00122","https://www.scopus.com/inward/record.uri?eid=2-s2.0-85107904170&doi=10.1109%2fINDIACom51348.2021.00122&partnerID=40&md5=db4bd8b8fcae0c5c96a203bfcd1eb74e","BML Munjal University, School of Engineering Technology, Gurgaon, India","Agarwal, S., BML Munjal University, School of Engineering Technology, Gurgaon, India; Khatter, K., BML Munjal University, School of Engineering Technology, Gurgaon, India; Relan, D., BML Munjal University, School of Engineering Technology, Gurgaon, India",Conference Paper,"Final","",Scopus,2-s2.0-85107904170
"Kuchana M., Srivastava A., Das R., Mathew J., Mishra A., Khatter K.","57219930711;57219928980;57219925087;57219929777;57214672356;54787827500;","AI aiding in diagnosing, tracking recovery of COVID-19 using deep learning on Chest CT scans",2021,"Multimedia Tools and Applications","80","6",,"9161","9175",,21,"10.1007/s11042-020-10010-8","https://www.scopus.com/inward/record.uri?eid=2-s2.0-85096100134&doi=10.1007%2fs11042-020-10010-8&partnerID=40&md5=3dcce0c16c0647f59673dd0484a6c534","BML Munjal University, Kapriwas, India; IIT, Delhi, New Delhi, India; MAHE MIT University, Manipal, India; RayEye, Bengaluru, India","Kuchana, M., BML Munjal University, Kapriwas, India; Srivastava, A., IIT, Delhi, New Delhi, India; Das, R., MAHE MIT University, Manipal, India; Mathew, J., RayEye, Bengaluru, India; Mishra, A., BML Munjal University, Kapriwas, India; Khatter, K., BML Munjal University, Kapriwas, India",Article,"Final","All Open Access, Bronze, Green",Scopus,2-s2.0-85096100134
"Khatter K.","54787827500;","Risk Preference Based Ranking of Suppliers Based on Interval Valued Trapezoidal Neutrosophic Number",2021,"Communications in Computer and Information Science","1372 CCIS",,,"90","99",,,"10.1007/978-981-16-2723-1_10","https://www.scopus.com/inward/record.uri?eid=2-s2.0-85111013115&doi=10.1007%2f978-981-16-2723-1_10&partnerID=40&md5=7c6afc74444b666def4d2c7489e978e6","BML Munjal University, Gurgaon, India","Khatter, K., BML Munjal University, Gurgaon, India",Conference Paper,"Final","",Scopus,2-s2.0-85111013115
"Khatter K.","54787827500;","Interval valued trapezoidal neutrosophic set: multi-attribute decision making for prioritization of non-functional requirements",2021,"Journal of Ambient Intelligence and Humanized Computing","12","1",,"1039","1055",,9,"10.1007/s12652-020-02130-8","https://www.scopus.com/inward/record.uri?eid=2-s2.0-85086732695&doi=10.1007%2fs12652-020-02130-8&partnerID=40&md5=07cd7bb7f6dd8e159fd91e9f6993854e","Department of Computer Science, BML Munjal University, Gurgaon, India","Khatter, K., Department of Computer Science, BML Munjal University, Gurgaon, India",Article,"Final","All Open Access, Green",Scopus,2-s2.0-85086732695
"Relan D., Khatter K.","55662038700;54787827500;","Effectiveness of Multi-fractal Analysis in Differentiating Subgroups of Retinal Images",2020,"2020 IEEE 17th India Council International Conference, INDICON 2020",,,"9342576","","",,1,"10.1109/INDICON49873.2020.9342576","https://www.scopus.com/inward/record.uri?eid=2-s2.0-85101582193&doi=10.1109%2fINDICON49873.2020.9342576&partnerID=40&md5=dbd084345773b0396046b41c319c566c","Bml Munjal University, Gurgaon, Haryana, India","Relan, D., Bml Munjal University, Gurgaon, Haryana, India; Khatter, K., Bml Munjal University, Gurgaon, Haryana, India",Conference Paper,"Final","",Scopus,2-s2.0-85101582193
"Khatter K., Relan D., Mishra A.","54787827500;55662038700;57214672356;","Retinal Vessel Segmentation using Robinson Compass Mask and Fuzzy C-Means",2020,"2020 IEEE 17th India Council International Conference, INDICON 2020",,,"9342216","","",,2,"10.1109/INDICON49873.2020.9342216","https://www.scopus.com/inward/record.uri?eid=2-s2.0-85101540993&doi=10.1109%2fINDICON49873.2020.9342216&partnerID=40&md5=670309b8045afc55b7d4353aa5fa4b32","Bml Munjal University, Gurgaon, India","Khatter, K., Bml Munjal University, Gurgaon, India; Relan, D., Bml Munjal University, Gurgaon, India; Mishra, A., Bml Munjal University, Gurgaon, India",Conference Paper,"Final","",Scopus,2-s2.0-85101540993
"Khatter K.","54787827500;","Neutrosophic linear programming using possibilistic mean",2020,"Soft Computing","24","22",,"16847","16867",,16,"10.1007/s00500-020-04980-y","https://www.scopus.com/inward/record.uri?eid=2-s2.0-85087674687&doi=10.1007%2fs00500-020-04980-y&partnerID=40&md5=18219ecfcca32a8df58f078c15d8240b","Department of Computer Science, BML Munjal University, Sidhrawali, India","Khatter, K., Department of Computer Science, BML Munjal University, Sidhrawali, India",Article,"Final","",Scopus,2-s2.0-85087674687
"Malik S., Khatter K.","56405008700;54787827500;","Malicious application detection and classification system for Android mobiles",2020,"Cognitive Analytics: Concepts, Methodologies, Tools, and Applications",,,,"122","142",,3,"10.4018/978-1-7998-2460-2.ch008","https://www.scopus.com/inward/record.uri?eid=2-s2.0-85100531738&doi=10.4018%2f978-1-7998-2460-2.ch008&partnerID=40&md5=37cea70db83db3437c9c5a2451a82f81","Department of Computer Science Engineering, Maharaja Surajmal Institute of Technology, Delhi, India; School of Engineering and Technology, Ansal University, Gurgaon, India","Malik, S., Department of Computer Science Engineering, Maharaja Surajmal Institute of Technology, Delhi, India; Khatter, K., School of Engineering and Technology, Ansal University, Gurgaon, India",Book Chapter,"Final","",Scopus,2-s2.0-85100531738
"Arora J., Khatter K., Tushir M.","57192097244;54787827500;24726040100;","Fuzzy C-means clustering strategies: A review of distance measures",2019,"Advances in Intelligent Systems and Computing","731",,,"153","162",,29,"10.1007/978-981-10-8848-3_15","https://www.scopus.com/inward/record.uri?eid=2-s2.0-85049102034&doi=10.1007%2f978-981-10-8848-3_15&partnerID=40&md5=1d837cc0c6d9d0aac0f62da347b73757","Department of Information Technology, Maharaja Surajmal Institute of Technology, C-4, Janakpuri, New Delhi, India; Department of Computer Science, Ansal University, Gurgaon, India; Department of Electrical and Electronics Engineering, Maharaja Surajmal Institute of Technology, C-4, Janakpuri, New Delhi, India","Arora, J., Department of Information Technology, Maharaja Surajmal Institute of Technology, C-4, Janakpuri, New Delhi, India; Khatter, K., Department of Computer Science, Ansal University, Gurgaon, India; Tushir, M., Department of Electrical and Electronics Engineering, Maharaja Surajmal Institute of Technology, C-4, Janakpuri, New Delhi, India",Conference Paper,"Final","",Scopus,2-s2.0-85049102034
"Khatter K., Malik S.","54787827500;56405008700;","Ranking and risk factor scheme for malicious applications detection and classifications",2018,"International Journal of Information System Modeling and Design","9","3",,"67","84",,,"10.4018/IJISMD.2018070104","https://www.scopus.com/inward/record.uri?eid=2-s2.0-85057080628&doi=10.4018%2fIJISMD.2018070104&partnerID=40&md5=6123b0f099f73544e2ac7200571449c7","Ansal University, Gurgaon, India; Maharaja Surajmal Institute of Technology, Delhi, India","Khatter, K., Ansal University, Gurgaon, India; Malik, S., Maharaja Surajmal Institute of Technology, Delhi, India",Article,"Final","",Scopus,2-s2.0-85057080628
"Malik S., Khatter K.","56405008700;54787827500;","Malicious application detection and classification system for android mobiles",2018,"International Journal of Ambient Computing and Intelligence","9","1",,"95","114",,7,"10.4018/IJACI.2018010106","https://www.scopus.com/inward/record.uri?eid=2-s2.0-85033408899&doi=10.4018%2fIJACI.2018010106&partnerID=40&md5=416b2fdee73647d786bf77e2c6f70a60","Department of Computer Science Engineering, Maharaja Surajmal Institute of Technology, Delhi, India; School of Engineering and Technology, Ansal University, Gurgaon, India","Malik, S., Department of Computer Science Engineering, Maharaja Surajmal Institute of Technology, Delhi, India; Khatter, K., School of Engineering and Technology, Ansal University, Gurgaon, India",Article,"Final","",Scopus,2-s2.0-85033408899
"Arora J., Khatter K., Tushir M.","57192097244;54787827500;24726040100;","Performance assessment for clustering techniques for image segmentation",2018,"Advances in Intelligent Systems and Computing","651",,,"121","129",,1,"10.1007/978-981-10-6614-6_13","https://www.scopus.com/inward/record.uri?eid=2-s2.0-85031400656&doi=10.1007%2f978-981-10-6614-6_13&partnerID=40&md5=eeb353765c515001f09c813bf8ad2112","Department of Information Technology, Maharaja Surajmal Institute of Technology, Delhi, India; Department of Computer Science, Ansal University, Gurgaon, India; Department of Electrical & Electronics Engineering, Maharaja Surajmal Institute of Technology, Delhi, India","Arora, J., Department of Information Technology, Maharaja Surajmal Institute of Technology, Delhi, India; Khatter, K., Department of Computer Science, Ansal University, Gurgaon, India; Tushir, M., Department of Electrical & Electronics Engineering, Maharaja Surajmal Institute of Technology, Delhi, India",Conference Paper,"Final","",Scopus,2-s2.0-85031400656
"Khatter K., Kalia A.","54787827500;37007381400;","Investigating software detection methods",2016,"Proceedings of the International Conference on Industrial Engineering and Operations Management","8-10 March 2016",,,"2248","2258",,3,,"https://www.scopus.com/inward/record.uri?eid=2-s2.0-85018449433&partnerID=40&md5=5f601f032014d4da20b32707e112613d","School of Engineering and Technology, Ansal University, Gurgaon, India; Department of Computer Science, Himachal Pradesh University, Shimla, India","Khatter, K., School of Engineering and Technology, Ansal University, Gurgaon, India; Kalia, A., Department of Computer Science, Himachal Pradesh University, Shimla, India",Conference Paper,"Final","",Scopus,2-s2.0-85018449433
"Malik S., Khatter K.","56405008700;54787827500;","Behaviour analysis of android application",2016,"International Journal of Control Theory and Applications","9","Specialissue11",,"5307","5322",,3,,"https://www.scopus.com/inward/record.uri?eid=2-s2.0-85003020213&partnerID=40&md5=789db6ae9e3bf8d1e06f764fb29b0a2a","School of Engineering and Technology Ansal University, Gurgaon, Haryana, India","Malik, S., School of Engineering and Technology Ansal University, Gurgaon, Haryana, India; Khatter, K., School of Engineering and Technology Ansal University, Gurgaon, Haryana, India",Article,"Final","",Scopus,2-s2.0-85003020213
"Malik S., Khatter K.","56405008700;54787827500;","System call analysis of Android Malware families",2016,"Indian Journal of Science and Technology","9","21","90273","","",,28,"10.17485/ijst/2016/v9i21/90273","https://www.scopus.com/inward/record.uri?eid=2-s2.0-84976340243&doi=10.17485%2fijst%2f2016%2fv9i21%2f90273&partnerID=40&md5=2f66d33b17b3d0c6e7db86ce1ff07619","School of Engineering and Technology, Ansal University, Gurgaon, Haryana, 122003, India","Malik, S., School of Engineering and Technology, Ansal University, Gurgaon, Haryana, 122003, India; Khatter, K., School of Engineering and Technology, Ansal University, Gurgaon, Haryana, 122003, India",Article,"Final","All Open Access, Gold",Scopus,2-s2.0-84976340243
"Khatter K., Kalia A.","54787827500;37007381400;","Quantification of non-functional requirements",2014,"2014 7th International Conference on Contemporary Computing, IC3 2014",,,"6897177","224","229",,7,"10.1109/IC3.2014.6897177","https://www.scopus.com/inward/record.uri?eid=2-s2.0-84908617496&doi=10.1109%2fIC3.2014.6897177&partnerID=40&md5=d6d2f786e30779d0ad268e23934476f6","Department of Computer Science, Himachal Pradesh University, Shimla, India","Khatter, K., Department of Computer Science, Himachal Pradesh University, Shimla, India; Kalia, A., Department of Computer Science, Himachal Pradesh University, Shimla, India",Conference Paper,"Final","",Scopus,2-s2.0-84908617496
"Khatter K., Kalia A.","54787827500;37007381400;","Integration of non-functional requirements in modeldriven architecture",2013,"IET Conference Publications","2013","645 CP",,"359","364",,4,"10.1049/cp.2013.2213","https://www.scopus.com/inward/record.uri?eid=2-s2.0-84903269316&doi=10.1049%2fcp.2013.2213&partnerID=40&md5=ab629c405d35960243e16def90cf9d6c","Deptt. of Comp. Science, Himachal Pradesh University, Shimla, India","Khatter, K., Deptt. of Comp. Science, Himachal Pradesh University, Shimla, India; Kalia, A., Deptt. of Comp. Science, Himachal Pradesh University, Shimla, India",Conference Paper,"Final","",Scopus,2-s2.0-84903269316
"Khatter K., Kalia A.","54787827500;37007381400;","Impact of non-functional requirements on requirements evolution",2013,"International Conference on Emerging Trends in Engineering and Technology, ICETET",,,"6754776","61","68",,9,"10.1109/ICETET.2013.15","https://www.scopus.com/inward/record.uri?eid=2-s2.0-84898960768&doi=10.1109%2fICETET.2013.15&partnerID=40&md5=03ed6b52ffbaeee411c6dd78e23265de","Department of Computer Science, Himachal Pradesh University, Shimla, India","Khatter, K., Department of Computer Science, Himachal Pradesh University, Shimla, India; Kalia, A., Department of Computer Science, Himachal Pradesh University, Shimla, India",Conference Paper,"Final","",Scopus,2-s2.0-84898960768
"Khatter K., Kalia A.","54787827500;37007381400;","Modeling software failures using neural network",2012,"IET Conference Publications","2012","CP652",,"103","109",,,"10.1049/cp.2012.2505","https://www.scopus.com/inward/record.uri?eid=2-s2.0-84907485539&doi=10.1049%2fcp.2012.2505&partnerID=40&md5=6686b4d7dc00337fa8c5924dce02ba3a","Deptt. of Comp. Science, Himachal Pradesh University, Shimla, India","Khatter, K., Deptt. of Comp. Science, Himachal Pradesh University, Shimla, India; Kalia, A., Deptt. of Comp. Science, Himachal Pradesh University, Shimla, India",Conference Paper,"Final","",Scopus,2-s2.0-84907485539
"Khatter K., Kalia A.","54787827500;37007381400;","An integrated approach to capture semantics of requirement conflicts",2011,"Communications in Computer and Information Science","250 CCIS",,,"826","831",,1,"10.1007/978-3-642-25734-6_148","https://www.scopus.com/inward/record.uri?eid=2-s2.0-84055217867&doi=10.1007%2f978-3-642-25734-6_148&partnerID=40&md5=c4f435298363e7f387328c5f551f66eb","Ansal Institute of Technology, Indraprastha University, Delhi, India; Deptt. of Comp. Science, Himachal Pradesh University, Shimla, India","Khatter, K., Ansal Institute of Technology, Indraprastha University, Delhi, India; Kalia, A., Deptt. of Comp. Science, Himachal Pradesh University, Shimla, India",Conference Paper,"Final","",Scopus,2-s2.0-84055217867
