﻿Authors,Author(s) ID,Title,Year,Source title,Volume,Issue,Art. No.,Page start,Page end,Page count,Cited by,DOI,Link,Affiliations,Authors with affiliations,Document Type,Publication Stage,Open Access,Source,EID
"Sharma N.K.","57191604306;","Thermo-mechanical analysis of uniform, clustered and interpenetrating phase particulate composites using finite element method",2023,"Journal of Thermal Analysis and Calorimetry","148","13",,"5967","5984",,,"10.1007/s10973-023-12157-6","https://www.scopus.com/inward/record.uri?eid=2-s2.0-85153734665&doi=10.1007%2fs10973-023-12157-6&partnerID=40&md5=bde76fbb78412c01decb78e81b19e690","BML Munjal University, Haryana, Gurgaon, 122413, India","Sharma, N.K., BML Munjal University, Haryana, Gurgaon, 122413, India",Article,"Final","",Scopus,2-s2.0-85153734665
"Sharma N.K.","57191604306;","Finite element modelling and simulations on effective thermal conductivity of particulate composites",2022,"Journal of Thermal Analysis and Calorimetry","147","4",,"3441","3452",,2,"10.1007/s10973-021-10756-9","https://www.scopus.com/inward/record.uri?eid=2-s2.0-85103126079&doi=10.1007%2fs10973-021-10756-9&partnerID=40&md5=064d9e9be2601fe79ab219f737972164","BML Munjal University, Gurgaon, 122413, India","Sharma, N.K., BML Munjal University, Gurgaon, 122413, India",Article,"Final","",Scopus,2-s2.0-85103126079
"Sharma N.K., Misra R.K., Sharma S.","57191604306;56478088900;52264534900;","Finite element modeling of effective thermomechanical properties of Al–B4C metal matrix composites",2017,"Journal of Materials Science","52","3",,"1416","1431",,11,"10.1007/s10853-016-0435-1","https://www.scopus.com/inward/record.uri?eid=2-s2.0-84989159462&doi=10.1007%2fs10853-016-0435-1&partnerID=40&md5=315a62ae872ffb8a26a37db367c0499b","BML Munjal University, Gurgaon, 122413, India; Gautam Buddha University, Greater Noida, 201306, India","Sharma, N.K., BML Munjal University, Gurgaon, 122413, India; Misra, R.K., Gautam Buddha University, Greater Noida, 201306, India; Sharma, S., Gautam Buddha University, Greater Noida, 201306, India",Article,"Final","",Scopus,2-s2.0-84989159462
"Sharma N.K., Misra R.K., Sharma S.","57191604306;56478088900;52264534900;","Experimental characterization and numerical modeling of thermo-mechanical properties of Al-B4C composites",2017,"Ceramics International","43","1",,"513","522",,19,"10.1016/j.ceramint.2016.09.187","https://www.scopus.com/inward/record.uri?eid=2-s2.0-84992416395&doi=10.1016%2fj.ceramint.2016.09.187&partnerID=40&md5=b194b79708ecce29f2a2192975962039","BML Munjal University, Gurgaon, 122413, India; Gautam Buddha University, Greater Noida, 201306, India","Sharma, N.K., BML Munjal University, Gurgaon, 122413, India; Misra, R.K., Gautam Buddha University, Greater Noida, 201306, India; Sharma, S., Gautam Buddha University, Greater Noida, 201306, India",Article,"Final","",Scopus,2-s2.0-84992416395
"Sharma N.K., Misra R.K., Sharma S.","57191604306;56478088900;52264534900;","Modeling of thermal expansion behavior of densely packed Al/SiC composites",2016,"International Journal of Solids and Structures","102-103",,,"77","88",,38,"10.1016/j.ijsolstr.2016.10.015","https://www.scopus.com/inward/record.uri?eid=2-s2.0-84995617556&doi=10.1016%2fj.ijsolstr.2016.10.015&partnerID=40&md5=38c05554a30583fa7b286203f79a878f","BML Munjal University, Gurgaon, 122413, India; Gautam Buddha University, Greater Noida, 201306, India","Sharma, N.K., BML Munjal University, Gurgaon, 122413, India; Misra, R.K., Gautam Buddha University, Greater Noida, 201306, India; Sharma, S., Gautam Buddha University, Greater Noida, 201306, India",Article,"Final","All Open Access, Bronze",Scopus,2-s2.0-84995617556
"Sharma N.K., Mishra R.K., Sharma S.","57191604306;56478088900;52264534900;","3D micromechanical analysis of thermo-mechanical behavior of Al2O3/Al metal matrix composites",2016,"Computational Materials Science","115",,,"192","201",,24,"10.1016/j.commatsci.2015.12.051","https://www.scopus.com/inward/record.uri?eid=2-s2.0-84955482809&doi=10.1016%2fj.commatsci.2015.12.051&partnerID=40&md5=f2a0bbbab33c0c8ecf33c5d02c56e0ca","Galgotias University, Greater Noida, 201306, India; Gautam Buddha University, Greater Noida, 201306, India","Sharma, N.K., Galgotias University, Greater Noida, 201306, India; Mishra, R.K., Gautam Buddha University, Greater Noida, 201306, India; Sharma, S., Gautam Buddha University, Greater Noida, 201306, India",Article,"Final","",Scopus,2-s2.0-84955482809
"Sharma N.K., Misra R.K., Sharma S.","57191604306;56478088900;52264534900;","Thermal expansion behavior of Ni-Al2O3 composites with particulate and interpenetrating phase structures: An analysis using finite element method",2014,"Computational Materials Science","90",,,"130","136",,23,"10.1016/j.commatsci.2014.04.008","https://www.scopus.com/inward/record.uri?eid=2-s2.0-84899805923&doi=10.1016%2fj.commatsci.2014.04.008&partnerID=40&md5=6aab7e958749787a1ac27b3cf8ecc168","Noida Institute of Engineering and Technology, Greater Noida 201 306, India; Gautam Buddha University, Greater Noida 201 306, India","Sharma, N.K., Noida Institute of Engineering and Technology, Greater Noida 201 306, India; Misra, R.K., Gautam Buddha University, Greater Noida 201 306, India; Sharma, S., Gautam Buddha University, Greater Noida 201 306, India",Article,"Final","",Scopus,2-s2.0-84899805923
"Sharma N.K., Pandit S.N., Vaish R., Srivastava V.","57191604306;58344888000;20735390600;57549705000;","Effective Young's Modulus of Ni-Al2O3 composites with particulate and interpenetrating phase structures: A multiscale analysis using object oriented finite element method",2014,"Computational Materials Science","82",,,"320","324",,17,"10.1016/j.commatsci.2013.10.005","https://www.scopus.com/inward/record.uri?eid=2-s2.0-84887079578&doi=10.1016%2fj.commatsci.2013.10.005&partnerID=40&md5=4983c0f6efc7f04dac8ee65d5f1e0192","Noida Institute of Engineering and Technology, Greater Noida 201 306, India; School of Engineering, Indian Institute of Technology, Mandi 175 001, India; Motilal Nehru National Institute of Technology, Allahabad 211 004, India","Sharma, N.K., Noida Institute of Engineering and Technology, Greater Noida 201 306, India; Pandit, S.N., Noida Institute of Engineering and Technology, Greater Noida 201 306, India; Vaish, R., School of Engineering, Indian Institute of Technology, Mandi 175 001, India; Srivastava, V., Motilal Nehru National Institute of Technology, Allahabad 211 004, India",Article,"Final","",Scopus,2-s2.0-84887079578
