﻿Authors,Author(s) ID,Title,Year,Source title,Volume,Issue,Art. No.,Page start,Page end,Page count,Cited by,DOI,Link,Affiliations,Authors with affiliations,Document Type,Publication Stage,Open Access,Source,EID
"Jaisinghani D., Phutela N.","56826190600;57193687658;","Packets-to-Prediction: An Unobtrusive Mechanism for Identifying Coarse-Grained Sleep Patterns with WiFi MAC Layer Traffic",2023,"Sensors","23","14","6631","","",,,"10.3390/s23146631","https://www.scopus.com/inward/record.uri?eid=2-s2.0-85166030355&doi=10.3390%2fs23146631&partnerID=40&md5=d427d22215211eabbea16e3b307a4118","Department of Computer Science, College of Humanities, Arts, and Sciences, University of Northern Iowa, Cedar Falls, IA  50613, United States; Department of Computer Science and Engineering, BML Munjal University, Gurugram, 122413, India","Jaisinghani, D., Department of Computer Science, College of Humanities, Arts, and Sciences, University of Northern Iowa, Cedar Falls, IA  50613, United States; Phutela, N., Department of Computer Science and Engineering, BML Munjal University, Gurugram, 122413, India",Article,"Final","All Open Access, Gold, Green",Scopus,2-s2.0-85166030355
"Phutela N., Chowdary A.N., Anchlia S., Jaisinghani D., Gabrani G.","57193687658;57677900600;57678505800;56826190600;6602608380;","Unlock Me: A Real-World Driven Smartphone Game to Stimulate COVID-19 Awareness",2022,"International Journal of Human Computer Studies","164",,"102818","","",,3,"10.1016/j.ijhcs.2022.102818","https://www.scopus.com/inward/record.uri?eid=2-s2.0-85129867738&doi=10.1016%2fj.ijhcs.2022.102818&partnerID=40&md5=426a8217d3f539b32bb1cf6e376bc7ff","Computer Science and Engineering Department, School of Engineering and Technology, BML Munjal University, Gurugram, India; Department of Computer Science, University of Northern Iowa, Cedar, Falls, IA, United States; Computer Science Department, University of Colorado Boulder","Phutela, N., Computer Science and Engineering Department, School of Engineering and Technology, BML Munjal University, Gurugram, India; Chowdary, A.N., Computer Science and Engineering Department, School of Engineering and Technology, BML Munjal University, Gurugram, India, Computer Science Department, University of Colorado Boulder; Anchlia, S., Computer Science and Engineering Department, School of Engineering and Technology, BML Munjal University, Gurugram, India; Jaisinghani, D., Department of Computer Science, University of Northern Iowa, Cedar, Falls, IA, United States; Gabrani, G., Computer Science and Engineering Department, School of Engineering and Technology, BML Munjal University, Gurugram, India",Article,"Final","All Open Access, Green",Scopus,2-s2.0-85129867738
"Phutela N., Relan D., Gabrani G., Kumaraguru P., Samuel M.","57193687658;55662038700;6602608380;14042000100;57675926500;","Stress Classification Using Brain Signals Based on LSTM Network",2022,"Computational Intelligence and Neuroscience","2022",,"7607592","","",,10,"10.1155/2022/7607592","https://www.scopus.com/inward/record.uri?eid=2-s2.0-85129780994&doi=10.1155%2f2022%2f7607592&partnerID=40&md5=1572ff9dbd11e9fc2401eb117201437f","Department of Computer Science and Engineering, BML Munjal University, Gurugram, India; College of Engineering, Vivekananda Institute of Professional Studies Technical Campus, New Delhi, India; Department of Computer Science, International Institute of Information Technology, Hyderabad, India; Computing and Software Engineering, Arba Minch University, Arba Minch, Ethiopia","Phutela, N., Department of Computer Science and Engineering, BML Munjal University, Gurugram, India; Relan, D., Department of Computer Science and Engineering, BML Munjal University, Gurugram, India; Gabrani, G., College of Engineering, Vivekananda Institute of Professional Studies Technical Campus, New Delhi, India; Kumaraguru, P., Department of Computer Science, International Institute of Information Technology, Hyderabad, India; Samuel, M., Computing and Software Engineering, Arba Minch University, Arba Minch, Ethiopia",Article,"Final","All Open Access, Gold, Green",Scopus,2-s2.0-85129780994
"Grover H., Jaisinghani D., Phutela N., Mittal S.","57465988900;56826190600;57193687658;57465255900;","ML-Based Device-Agnostic Human Activity Detection with WiFi Sniffer Traffic",2022,"2022 14th International Conference on COMmunication Systems and NETworkS, COMSNETS 2022",,,,"72","77",,2,"10.1109/COMSNETS53615.2022.9668420","https://www.scopus.com/inward/record.uri?eid=2-s2.0-85125183434&doi=10.1109%2fCOMSNETS53615.2022.9668420&partnerID=40&md5=54f5ba730d41508f1f959e4c7aed2088","BML Munjal University, Computer Science and Engineering Dept., Gurugram, India; University of Northern Iowa, Cedar Falls, IA, United States","Grover, H., BML Munjal University, Computer Science and Engineering Dept., Gurugram, India; Jaisinghani, D., University of Northern Iowa, Cedar Falls, IA, United States; Phutela, N., BML Munjal University, Computer Science and Engineering Dept., Gurugram, India; Mittal, S., BML Munjal University, Computer Science and Engineering Dept., Gurugram, India",Conference Paper,"Final","",Scopus,2-s2.0-85125183434
"Phutela N., Relan D., Gabrani G., Kumaraguru P.","57193687658;55662038700;6602608380;14042000100;","EEG Based Stress Classification in Response to Stress Stimulus",2022,"Communications in Computer and Information Science","1546 CCIS",,,"354","362",,1,"10.1007/978-3-030-95711-7_30","https://www.scopus.com/inward/record.uri?eid=2-s2.0-85124673504&doi=10.1007%2f978-3-030-95711-7_30&partnerID=40&md5=a9c095a37da0eaf5fa689b25d35ad64e","Computer Science and Engineering Department, BML Munjal University, Haryana, Gurugram, India; College of Engineering, Vivekananda Institute of Professional Studies, Pitampura, New Delhi, India; Computer Science Department, IIIT Hyderabad, Hyderabad, Gachibowli, India","Phutela, N., Computer Science and Engineering Department, BML Munjal University, Haryana, Gurugram, India; Relan, D., Computer Science and Engineering Department, BML Munjal University, Haryana, Gurugram, India; Gabrani, G., College of Engineering, Vivekananda Institute of Professional Studies, Pitampura, New Delhi, India; Kumaraguru, P., Computer Science Department, IIIT Hyderabad, Hyderabad, Gachibowli, India",Conference Paper,"Final","",Scopus,2-s2.0-85124673504
"Phutela N.","57193687658;","Measuring stress appraisal through game based digital biomarkers",2021,"CHI PLAY 2021 - Extended Abstracts of the 2021 Annual Symposium on Computer-Human Interaction in Play",,,,"403","404",,,"10.1145/3450337.3483518","https://www.scopus.com/inward/record.uri?eid=2-s2.0-85118444327&doi=10.1145%2f3450337.3483518&partnerID=40&md5=93302a7486f1000914d0cd3f8d704997","BML Munjal University, Haryana, Gurugram, India","Phutela, N., BML Munjal University, Haryana, Gurugram, India",Conference Paper,"Final","",Scopus,2-s2.0-85118444327
"Chowdhary A.N., Phutela N., Gupta S., Gabrani G.","57445711200;57193687658;57756959300;6602608380;","Game based User Interface to Help Dementia Patients Improve their Cognitive and Physical Abilities",2021,"Conference Proceedings - IEEE International Conference on Systems, Man and Cybernetics",,,,"3356","3360",,1,"10.1109/SMC52423.2021.9658865","https://www.scopus.com/inward/record.uri?eid=2-s2.0-85124315601&doi=10.1109%2fSMC52423.2021.9658865&partnerID=40&md5=0e278bcf2394505b1daea1948c21e16c","BML Munjal University, Department of Computer Science and Engineering, Gurugram, India; BML Munjal University, Department of Computer Science and Engineering, Gurugram, India; UPES, Department of Computer Science, Dehradun, India","Chowdhary, A.N., BML Munjal University, Department of Computer Science and Engineering, Gurugram, India; Phutela, N., BML Munjal University, Department of Computer Science and Engineering, Gurugram, India; Gupta, S., BML Munjal University, Department of Computer Science and Engineering, Gurugram, India; Gabrani, G., BML Munjal University, Department of Computer Science and Engineering, Gurugram, India, UPES, Department of Computer Science, Dehradun, India",Conference Paper,"Final","",Scopus,2-s2.0-85124315601
"Gupta S., Gabrani G., Phutela N.","57756959300;6602608380;57193687658;","Analysis of the COVID-19 pandemic data across different states and union territories of India and effectiveness of the lockdown",2021,"International Journal of Critical Infrastructures","17","4",,"369","381",,,"10.1504/IJCIS.2021.120185","https://www.scopus.com/inward/record.uri?eid=2-s2.0-85123421772&doi=10.1504%2fIJCIS.2021.120185&partnerID=40&md5=e32b1ff90503071cbeeaa1cda6d85a9e","Department of Cybernetics, School of Computer Science and Engineering, University of Petroleum and Energy Studies, Dehradun, India; Department of Computer Science and Engineering, BML Munjal University, Gurgaon, India","Gupta, S., Department of Cybernetics, School of Computer Science and Engineering, University of Petroleum and Energy Studies, Dehradun, India; Gabrani, G., Department of Computer Science and Engineering, BML Munjal University, Gurgaon, India; Phutela, N., Department of Computer Science and Engineering, BML Munjal University, Gurgaon, India",Article,"Final","",Scopus,2-s2.0-85123421772
"Phutela N., Gupta S., Gabrani G.","57193687658;57756959300;6602608380;","Real-time modelling and forecasting of confirmed and death cases for immediate action and their prevention against COVID-19 in India",2021,"International Journal of System of Systems Engineering","11","2",,"159","169",,,"10.1504/IJSSE.2021.116046","https://www.scopus.com/inward/record.uri?eid=2-s2.0-85109480528&doi=10.1504%2fIJSSE.2021.116046&partnerID=40&md5=46a277a79dff21c73c002b387830e1b0","Department of Computer Science and Engineering, Bml Munjal University, Gurgaon, 122413, India; Department of Cybernetics, School of Computer Science and Engineering, University of Petroleum and Energy Studies, Dehradun, 248007, India","Phutela, N., Department of Computer Science and Engineering, Bml Munjal University, Gurgaon, 122413, India; Gupta, S., Department of Cybernetics, School of Computer Science and Engineering, University of Petroleum and Energy Studies, Dehradun, 248007, India; Gabrani, G., Department of Computer Science and Engineering, Bml Munjal University, Gurgaon, 122413, India",Article,"Final","",Scopus,2-s2.0-85109480528
"Thakur A., Malik M., Phutela N., Khare P.K., Mor P.","56435486100;57193689403;57193687658;57188758425;27467494000;","Contrast enchantment of CBCT images using Bi-Histogram method with soft plus activation function for dentistry",2017,"India International Conference on Information Processing, IICIP 2016 - Proceedings",,,"7975377","","",,,"10.1109/IICIP.2016.7975377","https://www.scopus.com/inward/record.uri?eid=2-s2.0-85027458115&doi=10.1109%2fIICIP.2016.7975377&partnerID=40&md5=aa9a37d787cecbb8335f87627f89c71b","Dept.of Electronics and Communication Engineering, Amity University, Uttar Pradesh, Noida (U.P.), 201303, India; Dept.of Electronic, RDVV, Jabalpur, India","Thakur, A., Dept.of Electronics and Communication Engineering, Amity University, Uttar Pradesh, Noida (U.P.), 201303, India; Malik, M., Dept.of Electronics and Communication Engineering, Amity University, Uttar Pradesh, Noida (U.P.), 201303, India; Phutela, N., Dept.of Electronics and Communication Engineering, Amity University, Uttar Pradesh, Noida (U.P.), 201303, India; Khare, P.K., Dept.of Electronic, RDVV, Jabalpur, India; Mor, P., Dept.of Electronic, RDVV, Jabalpur, India",Conference Paper,"Final","",Scopus,2-s2.0-85027458115
"Thakur A., Malik M., Phutela N., Khare P.K., Mor P.","56435486100;57193689403;57193687658;57188758425;27467494000;","CBCT image noise reduction and enhancement using Bi-Histogram method with bent activation function",2017,"2016 International Conference on Information Technology, InCITe 2016 - The Next Generation IT Summit on the Theme - Internet of Things: Connect your Worlds",,,"7857624","242","246",,5,"10.1109/INCITE.2016.7857624","https://www.scopus.com/inward/record.uri?eid=2-s2.0-85015895436&doi=10.1109%2fINCITE.2016.7857624&partnerID=40&md5=520cc1bea7a2c239e56573f1b3ad0825","Dept. of Electronics and Communication Engineering, Amity University, Uttar Pradesh, Noida (U.P.), 201303, India; Electronic Department, RDVV, Jabalpur, India","Thakur, A., Dept. of Electronics and Communication Engineering, Amity University, Uttar Pradesh, Noida (U.P.), 201303, India; Malik, M., Dept. of Electronics and Communication Engineering, Amity University, Uttar Pradesh, Noida (U.P.), 201303, India; Phutela, N., Dept. of Electronics and Communication Engineering, Amity University, Uttar Pradesh, Noida (U.P.), 201303, India; Khare, P.K., Electronic Department, RDVV, Jabalpur, India; Mor, P., Electronic Department, RDVV, Jabalpur, India",Conference Paper,"Final","",Scopus,2-s2.0-85015895436
