﻿Authors,Author(s) ID,Title,Year,Source title,Volume,Issue,Art. No.,Page start,Page end,Page count,Cited by,DOI,Link,Affiliations,Authors with affiliations,Document Type,Publication Stage,Open Access,Source,EID
"Gupta S., Arya P.K., Sharma H.K.","57756959300;56125810200;57169546300;","User anonymity-based secure authentication protocol for telemedical server systems",2023,"International Journal of Information and Computer Security","20","1-2",,"199","219",,,"10.1504/ijics.2023.128015","https://www.scopus.com/inward/record.uri?eid=2-s2.0-85147793153&doi=10.1504%2fijics.2023.128015&partnerID=40&md5=b0db86e81823a069cec3e12fe744090f","Department of Cybernetics, School of Computer Science and Engineering, University of Petroleum and Energy Studies, Dehradun, India; Department of Computer Science, BML Munjal University, Gurgaon, India","Gupta, S., Department of Cybernetics, School of Computer Science and Engineering, University of Petroleum and Energy Studies, Dehradun, India; Arya, P.K., Department of Computer Science, BML Munjal University, Gurgaon, India; Sharma, H.K., Department of Cybernetics, School of Computer Science and Engineering, University of Petroleum and Energy Studies, Dehradun, India",Article,"Final","",Scopus,2-s2.0-85147793153
"Gupta S., Arya P.K., Sai S.V.D., Nagandla S.S.B.","57756959300;56125810200;57979303200;57979855000;","A framework for evaluating cyber forensic tools",2022,"International Journal of Electronic Security and Digital Forensics","14","6",,"594","615",,,"10.1504/ijesdf.2022.126459","https://www.scopus.com/inward/record.uri?eid=2-s2.0-85142521662&doi=10.1504%2fijesdf.2022.126459&partnerID=40&md5=18cc98823a116f317011c2e513052345","Department of Cybernetics, School of Computer Science and Engineering, University of Petroleum and Energy Studies, Dehradun, India; Department of Computer Science, BML Munjal University, Gurgaon, India","Gupta, S., Department of Cybernetics, School of Computer Science and Engineering, University of Petroleum and Energy Studies, Dehradun, India; Arya, P.K., Department of Computer Science, BML Munjal University, Gurgaon, India; Sai, S.V.D., Department of Computer Science, BML Munjal University, Gurgaon, India; Nagandla, S.S.B., Department of Computer Science, BML Munjal University, Gurgaon, India",Article,"Final","",Scopus,2-s2.0-85142521662
"Arya P.K., Selvamani K., Kannan A.","56125810200;36133686400;8273684400;","A SMS-based authentication approach for electronic health record in cloud environment",2016,"Journal of Medical Imaging and Health Informatics","6","7",,"1625","1630",,1,"10.1166/jmihi.2016.1861","https://www.scopus.com/inward/record.uri?eid=2-s2.0-84994779310&doi=10.1166%2fjmihi.2016.1861&partnerID=40&md5=f512999bbef6a8585d0352e580e54d8e","DCSE, Anna University, Chennai, 600025, India; IST, Anna University, Chennai, 600025, India","Arya, P.K., DCSE, Anna University, Chennai, 600025, India; Selvamani, K., DCSE, Anna University, Chennai, 600025, India; Kannan, A., IST, Anna University, Chennai, 600025, India",Article,"Final","",Scopus,2-s2.0-84994779310
"Vijayakumar A., Selvamani K., Arya P.K.","57213358455;36133686400;56125810200;","Reputed packet delivery using efficient audit misbehaviour detection and monitoring method in mobile Ad Hoc Networks",2015,"Procedia Computer Science","48","C",,"489","496",,10,"10.1016/j.procs.2015.04.124","https://www.scopus.com/inward/record.uri?eid=2-s2.0-84938910419&doi=10.1016%2fj.procs.2015.04.124&partnerID=40&md5=dc1256956ee7ecde501ba3808b4dc26c","Department of Computer Science and Engineering, Anna University, Chennai, 600025, India","Vijayakumar, A., Department of Computer Science and Engineering, Anna University, Chennai, 600025, India; Selvamani, K., Department of Computer Science and Engineering, Anna University, Chennai, 600025, India; Arya, P.K., Department of Computer Science and Engineering, Anna University, Chennai, 600025, India",Conference Paper,"Final","All Open Access, Bronze",Scopus,2-s2.0-84938910419
"Chakaravarthi S., Selvamani K., Kanimozhi S., Arya P.K.","56048705100;36133686400;57953438900;56125810200;","An intelligent agent based privacy preserving model for Web Service security",2014,"Canadian Conference on Electrical and Computer Engineering",,,"6901164","","",,3,"10.1109/CCECE.2014.6901164","https://www.scopus.com/inward/record.uri?eid=2-s2.0-84908439777&doi=10.1109%2fCCECE.2014.6901164&partnerID=40&md5=0c1f2b56f667027b1aad5b33668b5637","CSE, Anna University, Chennai, India; IST, Anna University, Chennai, India","Chakaravarthi, S., CSE, Anna University, Chennai, India; Selvamani, K., CSE, Anna University, Chennai, India; Kanimozhi, S., IST, Anna University, Chennai, India; Arya, P.K., CSE, Anna University, Chennai, India",Conference Paper,"Final","",Scopus,2-s2.0-84908439777
"Arya P.K., Selvamani K., Kanimozhi S.","56125810200;36133686400;57953438900;","An authentication approach for data sharing in cloud environment for dynamic group",2014,"Proceedings of the 2014 International Conference on Issues and Challenges in Intelligent Computing Techniques, ICICT 2014",,,"6781290","262","267",,5,"10.1109/ICICICT.2014.6781290","https://www.scopus.com/inward/record.uri?eid=2-s2.0-84899082508&doi=10.1109%2fICICICT.2014.6781290&partnerID=40&md5=220a9bfb3a48c002d9f97aba29efd5d1","DCSE, Anna University, Chennai, India; IST, Anna University, Chennai, India","Arya, P.K., DCSE, Anna University, Chennai, India; Selvamani, K., IST, Anna University, Chennai, India; Kanimozhi, S., DCSE, Anna University, Chennai, India",Conference Paper,"Final","",Scopus,2-s2.0-84899082508
"Arya P.K., Selvamani K., Kanimozhi S., Kannan A.","56125810200;36133686400;57953438900;8273684400;","Data sharing for dynamic group in the cloud environment by using group signature approach",2013,"IET Seminar Digest","2013","8",,"449","455",,4,"10.1049/ic.2013.0352","https://www.scopus.com/inward/record.uri?eid=2-s2.0-84949448674&doi=10.1049%2fic.2013.0352&partnerID=40&md5=3eecbea47dcfea909b784e3832b75f9e","Department of CSE, Anna University, Chennai, India; College of Engineering, Anna University, Guindy, Chennai, India; Department of Information Science and Technology, Anna University, Chennai, India","Arya, P.K., Department of CSE, Anna University, Chennai, India; Selvamani, K., College of Engineering, Anna University, Guindy, Chennai, India; Kanimozhi, S., Department of CSE, Anna University, Chennai, India; Kannan, A., Department of Information Science and Technology, Anna University, Chennai, India",Conference Paper,"Final","",Scopus,2-s2.0-84949448674
