﻿Authors,Author(s) ID,Title,Year,Source title,Volume,Issue,Art. No.,Page start,Page end,Page count,Cited by,DOI,Link,Affiliations,Authors with affiliations,Document Type,Publication Stage,Open Access,Source,EID
"Dey R.","57192542474;","Intelligent traffic light systems for the smart cities",2022,"Internet of Things and Fog Computing-Enabled Solutions for Real-Life Challenges",,,,"141","152",,,"10.1201/9781003230236-8","https://www.scopus.com/inward/record.uri?eid=2-s2.0-85142882860&doi=10.1201%2f9781003230236-8&partnerID=40&md5=c41e2d38354652132024245f58cf5bb6","BML Munjal University, Gurugram, Haryana, India","Dey, R., BML Munjal University, Gurugram, Haryana, India",Book Chapter,"Final","",Scopus,2-s2.0-85142882860
"Sahu P., Dey R.","57219972418;57192542474;","A simulation analysis of maximum power point tracking techniques for battery-operated PV systems",2022,"Power Electronics for Green Energy Conversion",,,,"335","380",,,"10.1002/9781119786511.ch10","https://www.scopus.com/inward/record.uri?eid=2-s2.0-85147902071&doi=10.1002%2f9781119786511.ch10&partnerID=40&md5=d5eb39d6c5986b3a24e48cb91c80ec7c","Dept. of ECE, BML, Munjal University, Gurugram, India","Sahu, P., Dept. of ECE, BML, Munjal University, Gurugram, India; Dey, R., Dept. of ECE, BML, Munjal University, Gurugram, India",Book Chapter,"Final","",Scopus,2-s2.0-85147902071
"Dey R., Sahu P.","57192542474;57219972418;","Intelligent systems in healthcare",2022,"Medical Imaging and Health Informatics",,,,"253","274",,,"10.1002/9781119819165.ch14","https://www.scopus.com/inward/record.uri?eid=2-s2.0-85148085717&doi=10.1002%2f9781119819165.ch14&partnerID=40&md5=61efe4d239be992b69646110a77798ae","Electronics and Communication Department, BML Munjal University, Gurugram Haryana, India","Dey, R., Electronics and Communication Department, BML Munjal University, Gurugram Haryana, India; Sahu, P., Electronics and Communication Department, BML Munjal University, Gurugram Haryana, India",Book Chapter,"Final","",Scopus,2-s2.0-85148085717
"Sahu P., Dey R.","57219972418;57192542474;","Maximum power point tracking using adjustable gain based model reference adaptive control",2022,"Journal of Power Electronics","22","1",,"138","150",,3,"10.1007/s43236-021-00336-3","https://www.scopus.com/inward/record.uri?eid=2-s2.0-85119066957&doi=10.1007%2fs43236-021-00336-3&partnerID=40&md5=8367f1e1fac583a2d9f10820a0d7be35","School of Engineering and Technology, BML Munjal University, Gurugram, India","Sahu, P., School of Engineering and Technology, BML Munjal University, Gurugram, India; Dey, R., School of Engineering and Technology, BML Munjal University, Gurugram, India",Article,"Final","",Scopus,2-s2.0-85119066957
"Sahu P., Dey R.","57219972418;57192542474;","An improved 2-level MPPT scheme for photovoltaic systems using a novel high-frequency learning based adjustable gain-MRAC controller",2021,"Scientific Reports","11","1","23131","","",,4,"10.1038/s41598-021-02586-4","https://www.scopus.com/inward/record.uri?eid=2-s2.0-85120171550&doi=10.1038%2fs41598-021-02586-4&partnerID=40&md5=962a4273013db2f1fbee303cba34b8d8","SoET, BML Munjal University, Gurugram, India","Sahu, P., SoET, BML Munjal University, Gurugram, India; Dey, R., SoET, BML Munjal University, Gurugram, India",Article,"Final","All Open Access, Gold, Green",Scopus,2-s2.0-85120171550
"Palani S.S., Dev M., Mogili G., Relan D., Dey R.","57224580927;55819919200;57224572121;55662038700;57192542474;","Face mask detector using deep transfer learning and fine-tuning",2021,"Proceedings of the 2021 8th International Conference on Computing for Sustainable Global Development, INDIACom 2021",,,"9441193","695","698",,3,"10.1109/INDIACom51348.2021.00123","https://www.scopus.com/inward/record.uri?eid=2-s2.0-85107908434&doi=10.1109%2fINDIACom51348.2021.00123&partnerID=40&md5=69d33fd0b755f812ae004ecd293a970d","BML Munjal University, Department of Computer Science, Gurgaon, India; BML Munjal University, Department of Electronics and Communication, Gurgaon, India","Palani, S.S., BML Munjal University, Department of Computer Science, Gurgaon, India; Dev, M., BML Munjal University, Department of Electronics and Communication, Gurgaon, India; Mogili, G., BML Munjal University, Department of Electronics and Communication, Gurgaon, India; Relan, D., BML Munjal University, Department of Computer Science, Gurgaon, India; Dey, R., BML Munjal University, Department of Electronics and Communication, Gurgaon, India",Conference Paper,"Final","",Scopus,2-s2.0-85107908434
"Dey R., Sahu P.","57192542474;57219972418;","A Review on the Internet of Robotic Things Concepts, Added Values, Applications, and Issues",2021,"Internet of Things: Robotic and Drone Technology",,,,"207","226",,,"10.1201/9781003181613-15","https://www.scopus.com/inward/record.uri?eid=2-s2.0-85139351828&doi=10.1201%2f9781003181613-15&partnerID=40&md5=2a05627459eefaccf9e899799c830d1d","BML Munjal University, India","Dey, R., BML Munjal University, India; Sahu, P., BML Munjal University, India",Book Chapter,"Final","",Scopus,2-s2.0-85139351828
"Sahu P., Dey R.","57219972418;57192542474;","Maximum Power Point Tracking for Photovoltaic Systems Using Ripple Correlation Control",2021,"Proceedings - 2021 International Conference on Control, Automation, Power and Signal Processing, CAPS 2021",,,,"","",,1,"10.1109/CAPS52117.2021.9730626","https://www.scopus.com/inward/record.uri?eid=2-s2.0-85127263353&doi=10.1109%2fCAPS52117.2021.9730626&partnerID=40&md5=79b1af8fcdad920fc365680c8a5e8741","Munjal University, SoET, Bml, Dept. of Ece, Gurugram, India","Sahu, P., Munjal University, SoET, Bml, Dept. of Ece, Gurugram, India; Dey, R., Munjal University, SoET, Bml, Dept. of Ece, Gurugram, India",Conference Paper,"Final","",Scopus,2-s2.0-85127263353
"Sahu P., Sharma A., Dey R.","57219972418;57220907119;57192542474;","Ripple correlation control maximum power point tracking for battery operated PV systems: A comparative analysis",2020,"IEMTRONICS 2020 - International IOT, Electronics and Mechatronics Conference, Proceedings",,,"9216414","","",,7,"10.1109/IEMTRONICS51293.2020.9216414","https://www.scopus.com/inward/record.uri?eid=2-s2.0-85096354648&doi=10.1109%2fIEMTRONICS51293.2020.9216414&partnerID=40&md5=4ff93d7b34cfda3a33f03595ff6c39fd","BML, Munjal University, Dept. of ECE, SoET, Gurugram, India","Sahu, P., BML, Munjal University, Dept. of ECE, SoET, Gurugram, India; Sharma, A., BML, Munjal University, Dept. of ECE, SoET, Gurugram, India; Dey, R., BML, Munjal University, Dept. of ECE, SoET, Gurugram, India",Conference Paper,"Final","",Scopus,2-s2.0-85096354648
"Bandopadhaya S., Dey R., Suhag A.","55608418800;57192542474;54916937000;","Integrated healthcare monitoring solutions for soldier using the internet of things with distributed computing",2020,"Sustainable Computing: Informatics and Systems","26",,"100378","","",,19,"10.1016/j.suscom.2020.100378","https://www.scopus.com/inward/record.uri?eid=2-s2.0-85082598991&doi=10.1016%2fj.suscom.2020.100378&partnerID=40&md5=d826532c30624554a51070e463d98ff4","School of Engineering and Technology, BML Munjal University, Gurugram, India","Bandopadhaya, S., School of Engineering and Technology, BML Munjal University, Gurugram, India; Dey, R., School of Engineering and Technology, BML Munjal University, Gurugram, India; Suhag, A., School of Engineering and Technology, BML Munjal University, Gurugram, India",Article,"Final","",Scopus,2-s2.0-85082598991
"Dey R., Jain S.K., Padhy P.K.","57192542474;55262724600;36161270500;","Robust flexible adaptation gain based CRM for guaranteed transient performance",2019,"Transactions of the Institute of Measurement and Control","41","5",,"1233","1242",,2,"10.1177/0142331218774607","https://www.scopus.com/inward/record.uri?eid=2-s2.0-85048758385&doi=10.1177%2f0142331218774607&partnerID=40&md5=ccb298bf01d5692581af0a8966342ad4","IIITDM, Jabalpur, India","Dey, R., IIITDM, Jabalpur, India; Jain, S.K., IIITDM, Jabalpur, India; Padhy, P.K., IIITDM, Jabalpur, India",Article,"Final","",Scopus,2-s2.0-85048758385
"Bharath M., Reddy K.V., Dey R.","57210344120;57215296198;57192542474;","Implementation of IoT architecture for intruder alert system using MQTT protocol and MEAN stack",2018,"2018 4th International Conference on Computing Communication and Automation, ICCCA 2018",,,"8777526","","",,1,"10.1109/CCAA.2018.8777526","https://www.scopus.com/inward/record.uri?eid=2-s2.0-85070350573&doi=10.1109%2fCCAA.2018.8777526&partnerID=40&md5=dff857e940a1af4902c346a9a428e37f","Electronics and Communication Engineeering Department, BML Munjal University, Gurgaon, India","Bharath, M., Electronics and Communication Engineeering Department, BML Munjal University, Gurgaon, India; Reddy, K.V., Electronics and Communication Engineeering Department, BML Munjal University, Gurgaon, India; Dey, R., Electronics and Communication Engineeering Department, BML Munjal University, Gurgaon, India",Conference Paper,"Final","",Scopus,2-s2.0-85070350573
"Dey R., Verma B., Jain S.K., Padhy P.K.","57192542474;57201134945;55262724600;36161270500;","Fast adaptation model reference adaptive control",2017,"2017 4th International Conference on Power, Control and Embedded Systems, ICPCES 2017","2017-January",,,"1","4",,,"10.1109/ICPCES.2017.8117657","https://www.scopus.com/inward/record.uri?eid=2-s2.0-85043496808&doi=10.1109%2fICPCES.2017.8117657&partnerID=40&md5=0ec9ae801115a2f4ebabf128d0a46659","ECE Department, IIITDMJ, Jabalpur, M.P, India","Dey, R., ECE Department, IIITDMJ, Jabalpur, M.P, India; Verma, B., ECE Department, IIITDMJ, Jabalpur, M.P, India; Jain, S.K., ECE Department, IIITDMJ, Jabalpur, M.P, India; Padhy, P.K., ECE Department, IIITDMJ, Jabalpur, M.P, India",Conference Paper,"Final","",Scopus,2-s2.0-85043496808
"Dey R., Verma B., Jain S.K., Padhy P.K.","57192542474;57201134945;55262724600;36161270500;","Proportional learning rate model reference adaptive control for fast adaptation",2017,"IEEE International Conference on Information, Communication, Instrumentation and Control, ICICIC 2017","2018-January",,,"1","5",,,"10.1109/ICOMICON.2017.8279170","https://www.scopus.com/inward/record.uri?eid=2-s2.0-85050812334&doi=10.1109%2fICOMICON.2017.8279170&partnerID=40&md5=ddfa35ed6fe0c768ee38981c11c25464","ECE Department, IIITDMJ, Jabalpur (M.P), India","Dey, R., ECE Department, IIITDMJ, Jabalpur (M.P), India; Verma, B., ECE Department, IIITDMJ, Jabalpur (M.P), India; Jain, S.K., ECE Department, IIITDMJ, Jabalpur (M.P), India; Padhy, P.K., ECE Department, IIITDMJ, Jabalpur (M.P), India",Conference Paper,"Final","",Scopus,2-s2.0-85050812334
"Dey R., Jain S.K., Padhy P.K.","57192542474;55262724600;36161270500;","Rohrs benchmark problem revisited by adaptive control with closed loop reference model",2017,"IEEE International Conference on Information, Communication, Instrumentation and Control, ICICIC 2017","2018-January",,,"1","4",,,"10.1109/ICOMICON.2017.8279169","https://www.scopus.com/inward/record.uri?eid=2-s2.0-85050795282&doi=10.1109%2fICOMICON.2017.8279169&partnerID=40&md5=5def10042862eada8b15e16a8e8e2630","ECE Department, IIITDMJ, Jabalpur (M.P), India","Dey, R., ECE Department, IIITDMJ, Jabalpur (M.P), India; Jain, S.K., ECE Department, IIITDMJ, Jabalpur (M.P), India; Padhy, P.K., ECE Department, IIITDMJ, Jabalpur (M.P), India",Conference Paper,"Final","",Scopus,2-s2.0-85050795282
"Dey R., Jain S.K., Padhy P.K.","57192542474;55262724600;36161270500;","Robust closed loop reference MRAC with PI compensator",2016,"IET Control Theory and Applications","10","18",,"2379","2386",,19,"10.1049/iet-cta.2016.0430","https://www.scopus.com/inward/record.uri?eid=2-s2.0-85006733624&doi=10.1049%2fiet-cta.2016.0430&partnerID=40&md5=4d8658a332d230723875b6d5289f211e","Discipline of Electronics and Communication Engineering, Indian Institute of Information Technology, Design and Manufacturing Jabalpur, Jabalpur, Madhya Pradesh, 482005, India","Dey, R., Discipline of Electronics and Communication Engineering, Indian Institute of Information Technology, Design and Manufacturing Jabalpur, Jabalpur, Madhya Pradesh, 482005, India; Jain, S.K., Discipline of Electronics and Communication Engineering, Indian Institute of Information Technology, Design and Manufacturing Jabalpur, Jabalpur, Madhya Pradesh, 482005, India; Padhy, P.K., Discipline of Electronics and Communication Engineering, Indian Institute of Information Technology, Design and Manufacturing Jabalpur, Jabalpur, Madhya Pradesh, 482005, India",Article,"Final","",Scopus,2-s2.0-85006733624
"Dey R., Jain S.K., Padhy P.K.","57192542474;55262724600;36161270500;","Closed loop filtered mrac for fast adaptation and low frequency learning with enhanced time delay margin",2016,"4th Students Conference on Engineering and Systems, SCES 2015",,,"7506460","","",,1,"10.1109/SCES.2015.7506460","https://www.scopus.com/inward/record.uri?eid=2-s2.0-84983353078&doi=10.1109%2fSCES.2015.7506460&partnerID=40&md5=9f7ab13a7f19ef64660ddb94254d3e5a","Department of Electronics and Communication Engineering, PDPM Indian Institute of Information Technology, Jabalpur, 482005, India","Dey, R., Department of Electronics and Communication Engineering, PDPM Indian Institute of Information Technology, Jabalpur, 482005, India; Jain, S.K., Department of Electronics and Communication Engineering, PDPM Indian Institute of Information Technology, Jabalpur, 482005, India; Padhy, P.K., Department of Electronics and Communication Engineering, PDPM Indian Institute of Information Technology, Jabalpur, 482005, India",Conference Paper,"Final","",Scopus,2-s2.0-84983353078
