﻿Authors,Author(s) ID,Title,Year,Source title,Volume,Issue,Art. No.,Page start,Page end,Page count,Cited by,DOI,Link,Document Type,Publication Stage,Open Access,Source,EID
"Banerjee, R., Bera, B.K., Ghosh, D., Dana, S.K.","33067538100;56442251800;56225913500;7003507586;","Enhancing synchronization in chaotic oscillators by induced heterogeneity",2017,"European Physical Journal: Special Topics","226","9",,"1893","1902",,10,"10.1140/epjst/e2017-70027-9","https://www.scopus.com/inward/record.uri?eid=2-s2.0-85021207953&doi=10.1140%2fepjst%2fe2017-70027-9&partnerID=40&md5=d8756feb4a7bf7a4ba2490ad9cddc31c",Article,"Final","All Open Access, Green",Scopus,2-s2.0-85021207953
"Pal, P., Debroy, S., Mandal, M.K., Banerjee, R.","23486558800;56725525800;15069411100;33067538100;","Design of coupling for synchronization in chaotic maps",2015,"Nonlinear Dynamics","79","4",,"2279","2286",,11,"10.1007/s11071-014-1810-6","https://www.scopus.com/inward/record.uri?eid=2-s2.0-84925534263&doi=10.1007%2fs11071-014-1810-6&partnerID=40&md5=37a798ccd4e52579303205568f44dc1b",Article,"Final","",Scopus,2-s2.0-84925534263
"Banerjee, R., Padmanaban, E., Dana, S.K.","33067538100;24376531700;7003507586;","Control of partial synchronization in chaotic oscillators",2015,"Pramana - Journal of Physics","84","2",,"203","215",,6,"10.1007/s12043-014-0927-y","https://www.scopus.com/inward/record.uri?eid=2-s2.0-84922715661&doi=10.1007%2fs12043-014-0927-y&partnerID=40&md5=5eccdc9fb160a5b73b89d3cfa3679f49",Conference Paper,"Final","",Scopus,2-s2.0-84922715661
"Hens, C.R., Banerjee, R., Feudel, U., Dana, S.K.","37065998300;33067538100;7003728859;7003507586;","Reply to ""comment on 'How to obtain extreme multistability in coupled dynamical systems' """,2014,"Physical Review E - Statistical, Nonlinear, and Soft Matter Physics","89","6","066902","","",,1,"10.1103/PhysRevE.89.066902","https://www.scopus.com/inward/record.uri?eid=2-s2.0-84903642431&doi=10.1103%2fPhysRevE.89.066902&partnerID=40&md5=8f7a2c010f136c89048623d4e58454b8",Article,"Final","",Scopus,2-s2.0-84903642431
"Hens, C.R., Banerjee, R., Feudel, U., Dana, S.K.","37065998300;33067538100;7003728859;7003507586;","Erratum: How to obtain extreme multistability in coupled dynamical systems (Physical Review E - Statistical, Nonlinear, and Soft Matter Physics (2012) 85 (035202))",2012,"Physical Review E - Statistical, Nonlinear, and Soft Matter Physics","85","3","039907","","",,3,"10.1103/PhysRevE.85.039907","https://www.scopus.com/inward/record.uri?eid=2-s2.0-84859067758&doi=10.1103%2fPhysRevE.85.039907&partnerID=40&md5=f4648b58413840f2c8881ae446d7e6fe",Erratum,"Final","All Open Access, Bronze",Scopus,2-s2.0-84859067758
"Hens, C.R., Banerjee, R., Feudel, U., Dana, S.K.","37065998300;33067538100;7003728859;7003507586;","How to obtain extreme multistability in coupled dynamical systems",2012,"Physical Review E - Statistical, Nonlinear, and Soft Matter Physics","85","3","035202","","",,90,"10.1103/PhysRevE.85.035202","https://www.scopus.com/inward/record.uri?eid=2-s2.0-84859082852&doi=10.1103%2fPhysRevE.85.035202&partnerID=40&md5=bb08d59c7ffd3861ad8179c4d48fd33a",Article,"Final","",Scopus,2-s2.0-84859082852
"Banerjee, R., Ghosh, D., Padmanaban, E., Ramaswamy, R., Pecora, L.M., Dana, S.K.","33067538100;56225913500;24376531700;7102730037;7005178558;7003507586;","Enhancing synchrony in chaotic oscillators by dynamic relaying",2012,"Physical Review E - Statistical, Nonlinear, and Soft Matter Physics","85","2","027201","","",,29,"10.1103/PhysRevE.85.027201","https://www.scopus.com/inward/record.uri?eid=2-s2.0-84857773991&doi=10.1103%2fPhysRevE.85.027201&partnerID=40&md5=adb848ddb6f8ec0ede0a278497c107d3",Article,"Final","All Open Access, Green",Scopus,2-s2.0-84857773991
"Padmanaban, E., Banerjee, R., Dana, S.K.","24376531700;33067538100;7003507586;","Targeting and control of synchronization in chaotic oscillators",2012,"International Journal of Bifurcation and Chaos","22","7","1250177","","",,10,"10.1142/S0218127412501775","https://www.scopus.com/inward/record.uri?eid=2-s2.0-84864822503&doi=10.1142%2fS0218127412501775&partnerID=40&md5=f8a11c3810da74f97fb4af70f5111b01",Conference Paper,"Final","",Scopus,2-s2.0-84864822503
"Banerjee, R., Grosu, I., Dana, S.K.","33067538100;57203059809;7003507586;","Antisynchronization of two complex dynamical networks",2009,"Lecture Notes of the Institute for Computer Sciences, Social-Informatics and Telecommunications Engineering","4 LNICST","PART 1",,"1072","1082",,16,"10.1007/978-3-642-02466-5_107","https://www.scopus.com/inward/record.uri?eid=2-s2.0-84871880112&doi=10.1007%2f978-3-642-02466-5_107&partnerID=40&md5=519fe4ac67740b10f249164d478764f1",Conference Paper,"Final","",Scopus,2-s2.0-84871880112
"Dana, S.K., Padmanaban, E., Banerjee, R., Roy, P.K., Grosu, I.","7003507586;24376531700;33067538100;57194516922;57203059809;","Design of coupling for mixed synchronization in chaotic oscillators",2009,"2009 International Symposium on Signals, Circuits and Systems, ISSCS 2009",,,"5206143","","",,1,"10.1109/ISSCS.2009.5206143","https://www.scopus.com/inward/record.uri?eid=2-s2.0-70449508380&doi=10.1109%2fISSCS.2009.5206143&partnerID=40&md5=935c86d079dd9a3c1debb7ea73eb2e7a",Conference Paper,"Final","",Scopus,2-s2.0-70449508380
"Grosu, I., Banerjee, R., Roy, P.K., Dana, S.K.","57203059809;33067538100;57194516922;7003507586;","Design of coupling for synchronization of chaotic oscillators",2009,"Physical Review E - Statistical, Nonlinear, and Soft Matter Physics","80","1","016212","","",,54,"10.1103/PhysRevE.80.016212","https://www.scopus.com/inward/record.uri?eid=2-s2.0-68949101678&doi=10.1103%2fPhysRevE.80.016212&partnerID=40&md5=5ae45b9a5ef13f40d53fe6f6ce50c046",Article,"Final","",Scopus,2-s2.0-68949101678
