﻿Authors,Author(s) ID,Title,Year,Source title,Volume,Issue,Art. No.,Page start,Page end,Page count,Cited by,DOI,Link,Affiliations,Authors with affiliations,Document Type,Publication Stage,Open Access,Source,EID
"Uddin Z., Ganga S., Asthana R., Ibrahim W.","50862185600;57217525816;16548831400;55327126300;","Wavelets based physics informed neural networks to solve non-linear differential equations",2023,"Scientific Reports","13","1","2882","","",,2,"10.1038/s41598-023-29806-3","https://www.scopus.com/inward/record.uri?eid=2-s2.0-85148349968&doi=10.1038%2fs41598-023-29806-3&partnerID=40&md5=6be365bdbe487c38e120727a7e21cf70","SoET, BML Munjal University, Haryana, Gurugram, 122413, India; Department of Mathematics, Ambo University, Ambo, Ethiopia","Uddin, Z., SoET, BML Munjal University, Haryana, Gurugram, 122413, India; Ganga, S., SoET, BML Munjal University, Haryana, Gurugram, 122413, India; Asthana, R., SoET, BML Munjal University, Haryana, Gurugram, 122413, India; Ibrahim, W., Department of Mathematics, Ambo University, Ambo, Ethiopia",Article,"Final","All Open Access, Gold, Green",Scopus,2-s2.0-85148349968
"Bhardwaj H., Tomar P., Sakalle A., Bhardwaj A., Asthana R., Vidyarthi A.","57188751951;36669434100;57203896909;49361153100;16548831400;56039692000;","EEG based personality prediction using genetic programming",2023,"Asian Journal of Control","25","5",,"3330","3342",,,"10.1002/asjc.3019","https://www.scopus.com/inward/record.uri?eid=2-s2.0-85147030146&doi=10.1002%2fasjc.3019&partnerID=40&md5=13d3674383b99722b85fe0b1fbcd604e","Department of Computer Science and Engineering, University School of Information and Communication Technology, Gautam Buddha University, Greater Noida, India; Department of Computer Science and Engineering, SOET, BML Munjal University, Gurugram, India; Applied Sciences, SOET, BML Munjal University, Gurugram, India; Department of CSE&IT, Jaypee Institute of Information Technology, Noida, India","Bhardwaj, H., Department of Computer Science and Engineering, University School of Information and Communication Technology, Gautam Buddha University, Greater Noida, India; Tomar, P., Department of Computer Science and Engineering, University School of Information and Communication Technology, Gautam Buddha University, Greater Noida, India; Sakalle, A., Department of Computer Science and Engineering, University School of Information and Communication Technology, Gautam Buddha University, Greater Noida, India; Bhardwaj, A., Department of Computer Science and Engineering, SOET, BML Munjal University, Gurugram, India; Asthana, R., Applied Sciences, SOET, BML Munjal University, Gurugram, India; Vidyarthi, A., Department of CSE&IT, Jaypee Institute of Information Technology, Noida, India",Article,"Final","",Scopus,2-s2.0-85147030146
"Ganga S., Uddin Z., Asthana R., Hassan H., Bhardwaj A.","57217525816;50862185600;16548831400;57194234156;49361153100;","Modelling of Viscosity and Thermal Conductivity of Water-Based Nanofluids using Machine-Learning Techniques",2023,"International Journal of Mathematical, Engineering and Management Sciences","8","5",,"817","840",,,"10.33889/IJMEMS.2023.8.5.047","https://www.scopus.com/inward/record.uri?eid=2-s2.0-85171424756&doi=10.33889%2fIJMEMS.2023.8.5.047&partnerID=40&md5=c01f83fd91f82bdbf547fe5ef7436a98","School of Engineering and Technology, BML Munjal University, Haryana, Gurugram, 122413, India; Energy Resources Engineering Department, Egypt-Japan University of Science and Technology (E-JUST), Alexandria, Egypt","Ganga, S., School of Engineering and Technology, BML Munjal University, Haryana, Gurugram, 122413, India; Uddin, Z., School of Engineering and Technology, BML Munjal University, Haryana, Gurugram, 122413, India; Asthana, R., School of Engineering and Technology, BML Munjal University, Haryana, Gurugram, 122413, India; Hassan, H., Energy Resources Engineering Department, Egypt-Japan University of Science and Technology (E-JUST), Alexandria, Egypt; Bhardwaj, A., School of Engineering and Technology, BML Munjal University, Haryana, Gurugram, 122413, India",Article,"Final","All Open Access, Gold",Scopus,2-s2.0-85171424756
"Singh B., Shokeen V., Asthana R., Tripathy M.R.","57212223711;56612063100;57200872767;6603248910;","Improvement in SE for D2D Communication: A Review",2022,"Journal of The Institution of Engineers (India): Series B","103","4",,"1355","1371",,1,"10.1007/s40031-022-00737-3","https://www.scopus.com/inward/record.uri?eid=2-s2.0-85128818338&doi=10.1007%2fs40031-022-00737-3&partnerID=40&md5=dba167328bcfe2589d51eec4f2cbc8b4","Department of Electronics and Communication Engineering, Amity School of Engineering and Technology (ASET), Amity University, Noida, 201303, India; Department of Electrical and Electronics Engineering, IMS Engineering College, Ghaziabad, 201009, India; Department of Electronics and Communication Engineering, Amity School of Engineering (ASE), Amity University, Noida, 201303, India","Singh, B., Department of Electronics and Communication Engineering, Amity School of Engineering and Technology (ASET), Amity University, Noida, 201303, India; Shokeen, V., Department of Electronics and Communication Engineering, Amity School of Engineering (ASE), Amity University, Noida, 201303, India; Asthana, R., Department of Electrical and Electronics Engineering, IMS Engineering College, Ghaziabad, 201009, India; Tripathy, M.R., Department of Electronics and Communication Engineering, Amity School of Engineering and Technology (ASET), Amity University, Noida, 201303, India",Review,"Final","",Scopus,2-s2.0-85128818338
"Singh B., Tripathy M.R., Asthana R.","57212223711;6603248910;57200872767;","Amelioration of F-OFDM Performance by Deterioration in BER",2022,"Wireless Personal Communications","125","4",,"3067","3083",,,"10.1007/s11277-022-09698-8","https://www.scopus.com/inward/record.uri?eid=2-s2.0-85127628029&doi=10.1007%2fs11277-022-09698-8&partnerID=40&md5=01d53d74690f6b1f5e96875cf9f5bb45","Department of Electronics and Communication Engineering, Amity School of Engineering and Technology (ASET), Amity University, U.P., Noida, 201303, India; Accurate Institute of Management and Technology, U.P., Greater Noida, 201306, India","Singh, B., Department of Electronics and Communication Engineering, Amity School of Engineering and Technology (ASET), Amity University, U.P., Noida, 201303, India; Tripathy, M.R., Department of Electronics and Communication Engineering, Amity School of Engineering and Technology (ASET), Amity University, U.P., Noida, 201303, India; Asthana, R., Accurate Institute of Management and Technology, U.P., Greater Noida, 201306, India",Article,"Final","",Scopus,2-s2.0-85127628029
"Sharma D., Asthana R., Sharma V.","57208874575;16548831400;57957225300;","A Comparative Study of Intrapersonal and Interpersonal Influencing Factors on the Academic Performance of Technical and Nontechnical Students",2022,"Mathematical Modeling for Intelligent Systems: Theory, Methods, and Simulation",,,,"101","117",,,"10.1201/9781003291916-7","https://www.scopus.com/inward/record.uri?eid=2-s2.0-85141540435&doi=10.1201%2f9781003291916-7&partnerID=40&md5=24ab2fae005eb6e77e92c54c4d340b11","School of Management, BML Munjal University, Gurgaon, India; School of Engineering and Technology, BML Munjal University, Gurgaon, India","Sharma, D., School of Management, BML Munjal University, Gurgaon, India; Asthana, R., School of Engineering and Technology, BML Munjal University, Gurgaon, India; Sharma, V., School of Management, BML Munjal University, Gurgaon, India",Book Chapter,"Final","",Scopus,2-s2.0-85141540435
"Sharma D., Puppala H., Asthana R., Uddin Z.","57208874575;57189240188;16548831400;50862185600;","Fuzzy analytical hierarchy process to evaluate the curriculum of an undergraduate program with a vision to design an industry-ready undergraduate engineering program",2022,"Mathematics in Engineering, Science and Aerospace","13","3",,"703","713",,2,,"https://www.scopus.com/inward/record.uri?eid=2-s2.0-85137632693&partnerID=40&md5=ce06a8da8447b7fbbf9e2f60905c2852","School of Management, BML Munjal University Gurgoan122413, India; School of Engineering and Technology, BML Munjal University Gurgoan122413, India","Sharma, D., School of Management, BML Munjal University Gurgoan122413, India; Puppala, H., School of Engineering and Technology, BML Munjal University Gurgoan122413, India; Asthana, R., School of Engineering and Technology, BML Munjal University Gurgoan122413, India; Uddin, Z., School of Engineering and Technology, BML Munjal University Gurgoan122413, India",Article,"Final","",Scopus,2-s2.0-85137632693
"Bhardwaj H., Tomar P., Sakalle A., Sakalle M., Asthana R., Bhardwaj A., Ibrahim W.","57188751951;36669434100;57203896909;57535879700;16548831400;49361153100;55327126300;","Personality Prediction with Hybrid Genetic Programming using Portable EEG Device",2022,"Computational Intelligence and Neuroscience","2022",,"4867630","","",,,"10.1155/2022/4867630","https://www.scopus.com/inward/record.uri?eid=2-s2.0-85131851783&doi=10.1155%2f2022%2f4867630&partnerID=40&md5=a966c3f0bcf0d036f1a20d6b800320bd","Department of CSE, USICT, Gautam Buddha University, Greater Noida, India; Department of Mathematics, Govt. S. N. P. G. College, Khandwa, India; Department of Applied Sciences, SoET, BML, Munjal University, Gurugram, India; Department of CSE, BML, Munjal University, Gurugram, India; Department of Mathematics, Ambo University, Ambo, Ethiopia","Bhardwaj, H., Department of CSE, USICT, Gautam Buddha University, Greater Noida, India; Tomar, P., Department of CSE, USICT, Gautam Buddha University, Greater Noida, India; Sakalle, A., Department of CSE, USICT, Gautam Buddha University, Greater Noida, India; Sakalle, M., Department of Mathematics, Govt. S. N. P. G. College, Khandwa, India; Asthana, R., Department of Applied Sciences, SoET, BML, Munjal University, Gurugram, India; Bhardwaj, A., Department of CSE, BML, Munjal University, Gurugram, India; Ibrahim, W., Department of Mathematics, Ambo University, Ambo, Ethiopia",Article,"Final","All Open Access, Gold, Green",Scopus,2-s2.0-85131851783
"Singh B., Tripathy M.R., Asthana R.","57212223711;6603248910;57200872767;","BER Analysis of FBMC for 5G Communication",2022,"Lecture Notes in Networks and Systems","281",,,"67","75",,,"10.1007/978-981-16-4244-9_6","https://www.scopus.com/inward/record.uri?eid=2-s2.0-85121913731&doi=10.1007%2f978-981-16-4244-9_6&partnerID=40&md5=4a757de33f0f1aa2509aec3c54befaf5","Amity School of Engineering and Technology (ASET), Uttar Pradesh, Noida, 201303, India; Goel Institute of Technology and Management, Uttar Pradesh, Lucknow, 201306, India","Singh, B., Amity School of Engineering and Technology (ASET), Uttar Pradesh, Noida, 201303, India; Tripathy, M.R., Amity School of Engineering and Technology (ASET), Uttar Pradesh, Noida, 201303, India; Asthana, R., Goel Institute of Technology and Management, Uttar Pradesh, Lucknow, 201306, India",Conference Paper,"Final","",Scopus,2-s2.0-85121913731
"Awasthi M.K., Uddin Z., Asthana R.","13003468000;50862185600;16548831400;","Temporal instability of a power-law viscoelastic nanofluid layer",2021,"European Physical Journal: Special Topics","230","5",,"1427","1434",,4,"10.1140/epjs/s11734-021-00038-8","https://www.scopus.com/inward/record.uri?eid=2-s2.0-85104056734&doi=10.1140%2fepjs%2fs11734-021-00038-8&partnerID=40&md5=b234f09b9d06d19dfbb120656fb2c15d","Department of Mathematics, Babasaheb Bhimrao Ambedkar University, Lucknow, India; Department of Applied Sciences, SOET, BML Munjal University, Gurgaon, India","Awasthi, M.K., Department of Mathematics, Babasaheb Bhimrao Ambedkar University, Lucknow, India; Uddin, Z., Department of Applied Sciences, SOET, BML Munjal University, Gurgaon, India; Asthana, R., Department of Applied Sciences, SOET, BML Munjal University, Gurgaon, India",Article,"Final","",Scopus,2-s2.0-85104056734
"Puppala H., Bheemaraju A., Asthana R.","57189240188;54392380300;16548831400;","A GPS Data-Based Index to Determine the Level of Adherence to COVID-19 Lockdown Policies in India",2021,"Journal of Healthcare Informatics Research","5","2",,"151","167",,1,"10.1007/s41666-020-00086-0","https://www.scopus.com/inward/record.uri?eid=2-s2.0-85098975974&doi=10.1007%2fs41666-020-00086-0&partnerID=40&md5=5ad2fd8c97121228f05f7d2a9c3b4029","School of Engineering and Technology, BML Munjal University, Gurgaon, Haryana  122413, India","Puppala, H., School of Engineering and Technology, BML Munjal University, Gurgaon, Haryana  122413, India; Bheemaraju, A., School of Engineering and Technology, BML Munjal University, Gurgaon, Haryana  122413, India; Asthana, R., School of Engineering and Technology, BML Munjal University, Gurgaon, Haryana  122413, India",Article,"Final","All Open Access, Bronze, Green",Scopus,2-s2.0-85098975974
"Singh B., Tripathy M.R., Asthana R.","57212223711;6603248910;57200872767;","BER Reduction of UFMC for 1024-QAM",2021,"2021 IEEE International Conference on RFID Technology and Applications, RFID-TA 2021",,,,"293","296",,,"10.1109/RFID-TA53372.2021.9617386","https://www.scopus.com/inward/record.uri?eid=2-s2.0-85123641842&doi=10.1109%2fRFID-TA53372.2021.9617386&partnerID=40&md5=4b510e0d3a2c2723e9249bd49bbe85c6","Amity School Of Engineering And Technology (ASET), U.P., Noida, 201303, India; Goel Institute Of Technology And Management, U.P., Lucknow, 201306, India","Singh, B., Amity School Of Engineering And Technology (ASET), U.P., Noida, 201303, India; Tripathy, M.R., Amity School Of Engineering And Technology (ASET), U.P., Noida, 201303, India; Asthana, R., Goel Institute Of Technology And Management, U.P., Lucknow, 201306, India",Conference Paper,"Final","",Scopus,2-s2.0-85123641842
"Kumar Shukla A., Kumar Awasthi M., Asthana R.","57286436300;57285510700;16548831400;","Rayleigh-Taylor instability at viscous gas-viscoelastic fluid interface with heat and mass transfer",2021,"Materials Today: Proceedings","46",,,"10217","10220",,2,"10.1016/j.matpr.2020.11.379","https://www.scopus.com/inward/record.uri?eid=2-s2.0-85116418752&doi=10.1016%2fj.matpr.2020.11.379&partnerID=40&md5=df04ebd937b9740e2ef8d05d80635b2d","Department of Mathematics, Babasaheb Bhimrao Ambedkar University, Lucknow, India; Department of Applied Sciences, SOET, BML Munjal University, Gurgaon, India","Kumar Shukla, A., Department of Mathematics, Babasaheb Bhimrao Ambedkar University, Lucknow, India; Kumar Awasthi, M., Department of Mathematics, Babasaheb Bhimrao Ambedkar University, Lucknow, India; Asthana, R., Department of Applied Sciences, SOET, BML Munjal University, Gurgaon, India",Conference Paper,"Final","",Scopus,2-s2.0-85116418752
"Uddin Z., Asthana R., Awasthi M.K., Hassan H.","50862185600;16548831400;57285510700;57194234156;","A metaheuristic approach for the comparative study of MHD flow of nano liquids in a semi-porous channel",2021,"International Journal for Computational Methods in Engineering Science and Mechanics","22","3",,"244","251",,6,"10.1080/15502287.2021.1916700","https://www.scopus.com/inward/record.uri?eid=2-s2.0-85106283148&doi=10.1080%2f15502287.2021.1916700&partnerID=40&md5=461a63aa572884457f780ca37404171f","Department of Applied Sciences, SoET, BML Munjal University, Gurgaon, Haryana, India; Department of Mathematics, Babasaheb Bhimrao Ambedkar University, Lucknow, Uttar Pradesh, India; Energy Resources Engineering Department, Egypt-Japan University of Science and Technology (E-JUST), Alexandria, Egypt","Uddin, Z., Department of Applied Sciences, SoET, BML Munjal University, Gurgaon, Haryana, India; Asthana, R., Department of Applied Sciences, SoET, BML Munjal University, Gurgaon, Haryana, India; Awasthi, M.K., Department of Mathematics, Babasaheb Bhimrao Ambedkar University, Lucknow, Uttar Pradesh, India; Hassan, H., Energy Resources Engineering Department, Egypt-Japan University of Science and Technology (E-JUST), Alexandria, Egypt",Article,"Final","",Scopus,2-s2.0-85106283148
"Asthana R., Awasthi M.K.","16548831400;57285510700;","Nonlinear Kelvin–Helmholtz Instability of Viscous Fluids with Heat and Mass Transfer",2021,"Lecture Notes in Mechanical Engineering",,,,"205","217",,1,"10.1007/978-981-15-4308-1_16","https://www.scopus.com/inward/record.uri?eid=2-s2.0-85089010055&doi=10.1007%2f978-981-15-4308-1_16&partnerID=40&md5=e8aa6b46c2283a6a6ab903b589f82a1d","Department of Applied Sciences, SoET, BML Munjal University, Sidhrawali, Gurgaon, Haryana  122413, India; Department of Mathematics, Babasaheb Bhimrao Ambedkar University, Lucknow, India","Asthana, R., Department of Applied Sciences, SoET, BML Munjal University, Sidhrawali, Gurgaon, Haryana  122413, India; Awasthi, M.K., Department of Mathematics, Babasaheb Bhimrao Ambedkar University, Lucknow, India",Conference Paper,"Final","",Scopus,2-s2.0-85089010055
"Acharya D., Goel S., Asthana R., Bhardwaj A.","57215412765;57202651373;16548831400;49361153100;","A novel fitness function in genetic programming to handle unbalanced emotion recognition data",2020,"Pattern Recognition Letters","133",,,"272","279",,20,"10.1016/j.patrec.2020.03.005","https://www.scopus.com/inward/record.uri?eid=2-s2.0-85081661646&doi=10.1016%2fj.patrec.2020.03.005&partnerID=40&md5=cf5071f93f35301ef12d47e25d7c9029","Computer Science Engineering, Bennett University, Greater Noida, 201310, India; Applied Science, BML Munjal University122413, India","Acharya, D., Computer Science Engineering, Bennett University, Greater Noida, 201310, India; Goel, S., Computer Science Engineering, Bennett University, Greater Noida, 201310, India; Asthana, R., Applied Science, BML Munjal University122413, India; Bhardwaj, A., Computer Science Engineering, Bennett University, Greater Noida, 201310, India",Article,"Final","",Scopus,2-s2.0-85081661646
"Singh B., Shokeen V., Asthana R.","57212223711;56612063100;57200872767;","Performance Evaluation of QAM for Improvement of BER",2019,"Wireless Personal Communications","109","1",,"77","88",,2,"10.1007/s11277-019-06551-3","https://www.scopus.com/inward/record.uri?eid=2-s2.0-85066052415&doi=10.1007%2fs11277-019-06551-3&partnerID=40&md5=dc50e2ae7d999220d02683a277dfa2ba","Department of ECE, ASET (AMITY University), Noida, India; Amity School of Engineering, Noida, India; IMS Engineering College, Ghaziabad, India","Singh, B., Department of ECE, ASET (AMITY University), Noida, India; Shokeen, V., Amity School of Engineering, Noida, India; Asthana, R., IMS Engineering College, Ghaziabad, India",Article,"Final","",Scopus,2-s2.0-85066052415
"Singh B., Shokeen V., Asthana R.","57212223711;56612063100;57200872767;","Effect of HPA back-off and filter length on 256QAM",2019,"Telecommunications and Radio Engineering (English translation of Elektrosvyaz and Radiotekhnika)","78","16",,"1445","1455",,,"10.1615/TelecomRadEng.v78.i16.30","https://www.scopus.com/inward/record.uri?eid=2-s2.0-85102971595&doi=10.1615%2fTelecomRadEng.v78.i16.30&partnerID=40&md5=c0f680932cea2cd576e3bf40e4f0148e","AMITY University, Noida, Uttar Pradesh, 201313, India; Accurate Institute of Management and Technology, Greater Noida, Uttar Pradesh, 201306, India","Singh, B., AMITY University, Noida, Uttar Pradesh, 201313, India; Shokeen, V., AMITY University, Noida, Uttar Pradesh, 201313, India; Asthana, R., Accurate Institute of Management and Technology, Greater Noida, Uttar Pradesh, 201306, India",Article,"Final","",Scopus,2-s2.0-85102971595
"Singh B., Shokeen V., Asthana R.","57212223711;56612063100;57200872767;","Reduction of ISI by Beamforming Transmission in IEEE802.11ac",2018,"2018 International Conference on Recent Innovations in Electrical, Electronics and Communication Engineering, ICRIEECE 2018",,,"9008560","1676","1679",,,"10.1109/ICRIEECE44171.2018.9008560","https://www.scopus.com/inward/record.uri?eid=2-s2.0-85081951007&doi=10.1109%2fICRIEECE44171.2018.9008560&partnerID=40&md5=5247dc125287e9f319d6a602d3447df5","Amity School of Engineering, Noida, India; ASET (AMITY University), Dept. of ECE, Noida, India; IMS Engineering College, Ghaziabad, India","Singh, B., Amity School of Engineering, Noida, India; Shokeen, V., ASET (AMITY University), Dept. of ECE, Noida, India; Asthana, R., IMS Engineering College, Ghaziabad, India",Conference Paper,"Final","",Scopus,2-s2.0-85081951007
"Chauhan R.P.S., Dwivedi R., Asthana R.","57549726200;55547727300;57200872767;","A high-speed image fusion method using hardware and software co-simulation",2018,"Smart Innovation, Systems and Technologies","83",,,"50","58",,2,"10.1007/978-3-319-63673-3_6","https://www.scopus.com/inward/record.uri?eid=2-s2.0-85028383625&doi=10.1007%2f978-3-319-63673-3_6&partnerID=40&md5=5b6d7d8a8b8c021eff9dc4f56ef6df2b","Uttarakhand Technical University, Dehradun, UK, India; Galgotia University, Greater Noida, UP, India; IMS Engineering College, Ghaziabad, UP, India","Chauhan, R.P.S., Uttarakhand Technical University, Dehradun, UK, India; Dwivedi, R., Galgotia University, Greater Noida, UP, India; Asthana, R., IMS Engineering College, Ghaziabad, UP, India",Conference Paper,"Final","",Scopus,2-s2.0-85028383625
"Uddin Z., Asthana R., Kumar Awasthi M., Gupta S.","50862185600;16548831400;57285510700;57308352300;","Steady MHD flow of nano-fluids over a rotating porous disk in the presence of heat generation/absorption: A numerical study using PSO",2017,"Journal of Applied Fluid Mechanics","10","3",,"871","879",,15,"10.18869/acadpub.jafm.73.240.26650","https://www.scopus.com/inward/record.uri?eid=2-s2.0-85025599199&doi=10.18869%2facadpub.jafm.73.240.26650&partnerID=40&md5=0388e5bf13bf9b0eec19ca680eeff22e","SoET, BML Munjal University, Gurgaon, Haryana, 123413, India; Department of Mathematics, UPES, Dehradun, India","Uddin, Z., SoET, BML Munjal University, Gurgaon, Haryana, 123413, India; Asthana, R., SoET, BML Munjal University, Gurgaon, Haryana, 123413, India; Kumar Awasthi, M., Department of Mathematics, UPES, Dehradun, India; Gupta, S., SoET, BML Munjal University, Gurgaon, Haryana, 123413, India",Article,"Final","All Open Access, Gold, Green",Scopus,2-s2.0-85025599199
"Awasthi M.K., Asthana R., Uddin Z.","57285510700;16548831400;50862185600;","Nonlinear Study of Kelvin-Helmholtz instability of cylindrical flow with mass and heat transfer",2016,"International Communications in Heat and Mass Transfer","71",,,"216","224",,11,"10.1016/j.icheatmasstransfer.2015.12.035","https://www.scopus.com/inward/record.uri?eid=2-s2.0-84954304554&doi=10.1016%2fj.icheatmasstransfer.2015.12.035&partnerID=40&md5=129d72cc8b039c34a127a3732cb70f4e","Department of Mathematics, University of Petroleum and Energy Studies, Dehradun, India; SoET, BML Munjal University, Gurgaon, Haryana, 123413, India","Awasthi, M.K., Department of Mathematics, University of Petroleum and Energy Studies, Dehradun, India; Asthana, R., SoET, BML Munjal University, Gurgaon, Haryana, 123413, India; Uddin, Z., SoET, BML Munjal University, Gurgaon, Haryana, 123413, India",Article,"Final","",Scopus,2-s2.0-84954304554
"Asthana R., Awasthi M.K., Agrawal G.S.","16548831400;57285510700;56959888800;","Magnetoviscous potential flow analysis of Kelvin-Helmholtz instability with heat and mass transfer",2014,"Applied Mathematical Modelling","38","23",,"5490","5501",,2,"10.1016/j.apm.2014.04.020","https://www.scopus.com/inward/record.uri?eid=2-s2.0-84922001926&doi=10.1016%2fj.apm.2014.04.020&partnerID=40&md5=74910abc60464c3749666bcc22b7885b","Department of Mathematics, BML Munjal University122413, India; Department of Mathematics, University of Petroleum and Energy Studies, Dehardun, 248007, India; Institute of Computer Application, Manglayatan University, Aligarh, 202145, India","Asthana, R., Department of Mathematics, BML Munjal University122413, India; Awasthi, M.K., Department of Mathematics, University of Petroleum and Energy Studies, Dehardun, 248007, India; Agrawal, G.S., Institute of Computer Application, Manglayatan University, Aligarh, 202145, India",Article,"Final","",Scopus,2-s2.0-84922001926
"Awasthi M.K., Asthana R., Agrawal G.S.","57285510700;16548831400;56959888800;","Viscoelastic potential flow analysis of the stability of a cylindrical jet",2014,"Scientia Iranica","21","3",,"578","586",,5,,"https://www.scopus.com/inward/record.uri?eid=2-s2.0-84906229074&partnerID=40&md5=a2ac8e934c28713c4cbfc4317afb302e","Department of Mathematics, University of Petroleum and Energy Studies, Dehradun, 248007, India; Department of Mathematics, Galgotia University, Greater Noida, 201306, India; Institute of Computer Application, Manglayatan University, Aligarh, 202145, India","Awasthi, M.K., Department of Mathematics, University of Petroleum and Energy Studies, Dehradun, 248007, India; Asthana, R., Department of Mathematics, Galgotia University, Greater Noida, 201306, India; Agrawal, G.S., Institute of Computer Application, Manglayatan University, Aligarh, 202145, India",Article,"Final","",Scopus,2-s2.0-84906229074
"Awasthi M.K., Asthana R., Agrawal G.S.","57285510700;16548831400;56959888800;","Viscous correction for the viscous potential flow analysis of Kelvin-Helmholtz instability of cylindrical flow with heat and mass transfer",2014,"International Journal of Heat and Mass Transfer","78",,,"251","259",,25,"10.1016/j.ijheatmasstransfer.2014.06.082","https://www.scopus.com/inward/record.uri?eid=2-s2.0-84904718978&doi=10.1016%2fj.ijheatmasstransfer.2014.06.082&partnerID=40&md5=a8450acad38ee4b1a6a9cfafafb85c4e","Department of Mathematics, University of Petroleum and Energy Studies, Dehradun 248007, India; Department of Mathematics, BML Munjal University, 122413, India; Institute of Computer Application, Manglayatan University, Aligarh 202145, India","Awasthi, M.K., Department of Mathematics, University of Petroleum and Energy Studies, Dehradun 248007, India; Asthana, R., Department of Mathematics, BML Munjal University, 122413, India; Agrawal, G.S., Institute of Computer Application, Manglayatan University, Aligarh 202145, India",Article,"Final","",Scopus,2-s2.0-84904718978
"Asthana R., Awasthi M.K., Agrawal G.S.","16548831400;13003468000;56959888800;","Viscous potential flow analysis of Kelvin-Helmholtz instability of a cylindrical flow with heat and mass transfer",2014,"Heat Transfer - Asian Research","43","6",,"489","503",,15,"10.1002/htj.21092","https://www.scopus.com/inward/record.uri?eid=2-s2.0-84904036171&doi=10.1002%2fhtj.21092&partnerID=40&md5=b4d673911c2f24a19ca155ace30f6ebd","Department of Mathematics, I.I.T Roorkee, Roorkee, India","Asthana, R., Department of Mathematics, I.I.T Roorkee, Roorkee, India; Awasthi, M.K., Department of Mathematics, I.I.T Roorkee, Roorkee, India; Agrawal, G.S., Department of Mathematics, I.I.T Roorkee, Roorkee, India",Article,"Final","",Scopus,2-s2.0-84904036171
"Awasthi M.K., Asthana R., Agrawal G.S.","57285510700;16548831400;56959888800;","Pressure corrections for viscous potential flow analysis of radial fingering in Hele-Shaw cell",2013,"Journal of Engineering Mathematics","83","1",,"131","142",,1,"10.1007/s10665-012-9618-1","https://www.scopus.com/inward/record.uri?eid=2-s2.0-84888439511&doi=10.1007%2fs10665-012-9618-1&partnerID=40&md5=1c823ca06379d956ceadc9607070b3eb","Department of Mathematics, Indian Institute of Technology Roorkee, Roorkee, 247667, India","Awasthi, M.K., Department of Mathematics, Indian Institute of Technology Roorkee, Roorkee, 247667, India; Asthana, R., Department of Mathematics, Indian Institute of Technology Roorkee, Roorkee, 247667, India; Agrawal, G.S., Department of Mathematics, Indian Institute of Technology Roorkee, Roorkee, 247667, India",Article,"Final","",Scopus,2-s2.0-84888439511
"Awasthi M.K., Asthana R., Agrawal G.S.","13003468000;16548831400;56959888800;","Viscous corrections for the viscous potential flow analysis of electrohydrodynamic Kelvin-Helmholtz instability with heat and mass transfer",2013,"International Journal of Applied Electromagnetics and Mechanics","42","2",,"283","301",,5,"10.3233/JAE-131664","https://www.scopus.com/inward/record.uri?eid=2-s2.0-84878886761&doi=10.3233%2fJAE-131664&partnerID=40&md5=57c1b46c33e0fe5debf13c285615183f","Department of Mathematics, Indian Institute of Technology Roorkee, Roorkee 247667, India","Awasthi, M.K., Department of Mathematics, Indian Institute of Technology Roorkee, Roorkee 247667, India; Asthana, R., Department of Mathematics, Indian Institute of Technology Roorkee, Roorkee 247667, India; Agrawal, G.S., Department of Mathematics, Indian Institute of Technology Roorkee, Roorkee 247667, India",Article,"Final","",Scopus,2-s2.0-84878886761
"Awasthi M.K., Asthana R., Agrawal G.S.","57285510700;16548831400;56959888800;","Viscous correction for the viscous potential flow analysis of capillary instability with heat and mass transfer",2013,"Journal of Engineering Mathematics","80","1",,"75","89",,7,"10.1007/s10665-012-9597-2","https://www.scopus.com/inward/record.uri?eid=2-s2.0-84876846296&doi=10.1007%2fs10665-012-9597-2&partnerID=40&md5=c56fed4ccaca755e87a7e49f5cbfa7b5","Department of Mathematics, Indian Institute of Technology Roorkee, Roorkee, 247667, India","Awasthi, M.K., Department of Mathematics, Indian Institute of Technology Roorkee, Roorkee, 247667, India; Asthana, R., Department of Mathematics, Indian Institute of Technology Roorkee, Roorkee, 247667, India; Agrawal, G.S., Department of Mathematics, Indian Institute of Technology Roorkee, Roorkee, 247667, India",Article,"Final","",Scopus,2-s2.0-84876846296
"Ahmad F., Beg M.R., Asthana R.","57645471800;26639129800;36970507500;","Service mechanism for clinical decision support system for an intensive care unit",2013,"IMPACT 2013 - Proceedings of the International Conference on Multimedia Signal Processing and Communication Technologies",,,"6782096","98","102",,,"10.1109/MSPCT.2013.6782096","https://www.scopus.com/inward/record.uri?eid=2-s2.0-84902331687&doi=10.1109%2fMSPCT.2013.6782096&partnerID=40&md5=4e91f120cf935c856e6c24810a3b5738","BBD, University, Lucknow, India; Integral University, Lucknow, India","Ahmad, F., BBD, University, Lucknow, India; Beg, M.R., Integral University, Lucknow, India; Asthana, R., BBD, University, Lucknow, India",Conference Paper,"Final","",Scopus,2-s2.0-84902331687
"Awasthi M.K., Asthana R.","57285510700;16548831400;","Viscous potential flow analysis of capillary instability with heat and mass transfer through porous media",2013,"International Communications in Heat and Mass Transfer","40","1",,"7","11",,30,"10.1016/j.icheatmasstransfer.2012.10.026","https://www.scopus.com/inward/record.uri?eid=2-s2.0-84871401192&doi=10.1016%2fj.icheatmasstransfer.2012.10.026&partnerID=40&md5=be61be03421f0ced561b1e7bf7a41620","Department of Mathematics, Graphic Era University, Dehradun, India; Department of Mathematics, Galgotia University, Noida, India","Awasthi, M.K., Department of Mathematics, Graphic Era University, Dehradun, India; Asthana, R., Department of Mathematics, Galgotia University, Noida, India",Article,"Final","",Scopus,2-s2.0-84871401192
"Awasthi M.K., Tiwari D.K., Asthana R.","57285510700;57197896639;16548831400;","Pressure corrections for the viscoelastic potential flow analysis of electrohydrodynamic capillary instability",2012,"International Journal of Applied Mechanics","4","4","1250047","","",,3,"10.1142/S1758825112500470","https://www.scopus.com/inward/record.uri?eid=2-s2.0-84873387261&doi=10.1142%2fS1758825112500470&partnerID=40&md5=e2683347a0db9365cbc8934d7be6cc1e","Department of Mathematics, Indian Institute of Technology Roorkee, Roorkee-247667, India","Awasthi, M.K., Department of Mathematics, Indian Institute of Technology Roorkee, Roorkee-247667, India; Tiwari, D.K., Department of Mathematics, Indian Institute of Technology Roorkee, Roorkee-247667, India; Asthana, R., Department of Mathematics, Indian Institute of Technology Roorkee, Roorkee-247667, India",Article,"Final","",Scopus,2-s2.0-84873387261
"Awasthi M.K., Asthana R., Agrawal G.S.","57285510700;16548831400;56959888800;","Viscous potential flow analysis of nonlinear rayleigh-taylor instability with heat and mass transfer",2012,"Microgravity Science and Technology","24","5",,"351","363",,11,"10.1007/s12217-012-9327-4","https://www.scopus.com/inward/record.uri?eid=2-s2.0-84870252313&doi=10.1007%2fs12217-012-9327-4&partnerID=40&md5=27061ceb0605693200b0fa637d17420a","Department of Mathematics, Indian Institute of Technology Roorkee, Roorkee 247667, India; Department of Mathematics, Graphic Era University, Dehradun, India","Awasthi, M.K., Department of Mathematics, Indian Institute of Technology Roorkee, Roorkee 247667, India, Department of Mathematics, Graphic Era University, Dehradun, India; Asthana, R., Department of Mathematics, Indian Institute of Technology Roorkee, Roorkee 247667, India; Agrawal, G.S., Department of Mathematics, Indian Institute of Technology Roorkee, Roorkee 247667, India",Article,"Final","",Scopus,2-s2.0-84870252313
"Awasthi M.K., Asthana R., Agrawal G.S.","57285510700;16548831400;56959888800;","Pressure corrections for the potential flow analysis of Kelvin-Helmholtz instability with heat and mass transfer",2012,"International Journal of Heat and Mass Transfer","55","9-10",,"2345","2352",,28,"10.1016/j.ijheatmasstransfer.2012.01.032","https://www.scopus.com/inward/record.uri?eid=2-s2.0-84857911830&doi=10.1016%2fj.ijheatmasstransfer.2012.01.032&partnerID=40&md5=e78a9b2978cee042c0e73c181b114363","Department of Mathematics, Indian Institute of Technology Roorkee, Roorkee 247667, India","Awasthi, M.K., Department of Mathematics, Indian Institute of Technology Roorkee, Roorkee 247667, India; Asthana, R., Department of Mathematics, Indian Institute of Technology Roorkee, Roorkee 247667, India; Agrawal, G.S., Department of Mathematics, Indian Institute of Technology Roorkee, Roorkee 247667, India",Article,"Final","",Scopus,2-s2.0-84857911830
"Awasthi M.K., Asthana R., Agrawal G.S.","57285510700;16548831400;56959888800;","Viscous corrections for the viscous potential flow analysis of magnetohydrodynamic Kelvin-Helmholtz instability with heat and mass transfer",2012,"European Physical Journal A","48","11","174","1","10",,16,"10.1140/epja/i2012-12174-6","https://www.scopus.com/inward/record.uri?eid=2-s2.0-84875349618&doi=10.1140%2fepja%2fi2012-12174-6&partnerID=40&md5=318d94a47d28821bbbd3d5a11a1cd4e0","Department of Mathematics, Indian Institute of Technology Roorkee, Roorkee-247667, India","Awasthi, M.K., Department of Mathematics, Indian Institute of Technology Roorkee, Roorkee-247667, India; Asthana, R., Department of Mathematics, Indian Institute of Technology Roorkee, Roorkee-247667, India; Agrawal, G.S., Department of Mathematics, Indian Institute of Technology Roorkee, Roorkee-247667, India",Article,"Final","",Scopus,2-s2.0-84875349618
"Asthana R., Awasthi M.K., Agrawal G.S.","16548831400;13003468000;56959888800;","Viscous potential flow analysis of Rayleigh-Taylor instability of cylindrical interface",2012,"Applied Mechanics and Materials","110-116",,,"769","775",,11,"10.4028/www.scientific.net/AMM.110-116.769","https://www.scopus.com/inward/record.uri?eid=2-s2.0-81255176961&doi=10.4028%2fwww.scientific.net%2fAMM.110-116.769&partnerID=40&md5=a8438d67902a388755abda3f46230f32","Department of Mathematics, ICFAI University, Dehradun, India; Department of Mathematics, I. I.T. Roorkee, Roorkee-247667, India","Asthana, R., Department of Mathematics, ICFAI University, Dehradun, India; Awasthi, M.K., Department of Mathematics, I. I.T. Roorkee, Roorkee-247667, India; Agrawal, G.S., Department of Mathematics, I. I.T. Roorkee, Roorkee-247667, India",Conference Paper,"Final","",Scopus,2-s2.0-81255176961
"Awasthi M.K., Asthana R., Agrawal G.S.","13003468000;16548831400;56959888800;","Pressure corrections for the potential flow analysis of Kelvin-Helmholtz instability",2012,"Applied Mechanics and Materials","110-116",,,"4628","4635",,13,"10.4028/www.scientific.net/AMM.110-116.4628","https://www.scopus.com/inward/record.uri?eid=2-s2.0-81255136499&doi=10.4028%2fwww.scientific.net%2fAMM.110-116.4628&partnerID=40&md5=72d698de3a5581314185b89cb3229da0","Department of Mathematics, I. I. T. Roorkee, Roorkee-247667, India; Department of Mathematics, ICFAI University, Dehradun, India","Awasthi, M.K., Department of Mathematics, I. I. T. Roorkee, Roorkee-247667, India; Asthana, R., Department of Mathematics, ICFAI University, Dehradun, India; Agrawal, G.S., Department of Mathematics, I. I. T. Roorkee, Roorkee-247667, India",Conference Paper,"Final","",Scopus,2-s2.0-81255136499
"Asthana R., Ahuja N.J., Darbari M.","36970507500;55441429900;36894670700;","Model proving of urban traffic control using Neuro Petri Nets and Fuzzy Logic",2011,"International Review on Computers and Software","6","6",,"983","987",,6,,"https://www.scopus.com/inward/record.uri?eid=2-s2.0-84860194246&partnerID=40&md5=4ebec70f1d1a7e023f876d3b5eb615b4","Dept. of Electrical Engineering, Babu Banarasi Das University, Lucknow, India; College of Engineering Studies, University of Petroleum and Energy Studies, Dehradun, United States; Dept. of Information technology, B.B.D.N.I.T.M (Babu Banarasi Das National Institute of Technology And Management), Lucknow, India","Asthana, R., Dept. of Electrical Engineering, Babu Banarasi Das University, Lucknow, India; Ahuja, N.J., College of Engineering Studies, University of Petroleum and Energy Studies, Dehradun, United States; Darbari, M., Dept. of Information technology, B.B.D.N.I.T.M (Babu Banarasi Das National Institute of Technology And Management), Lucknow, India",Article,"Final","",Scopus,2-s2.0-84860194246
"Asthana R., Agrawal G.S.","16548831400;56959888800;","Viscous potential flow analysis of electrohydrodynamic Kelvin-Helmholtz instability with heat and mass transfer",2010,"International Journal of Engineering Science","48","12",,"1925","1936",,15,"10.1016/j.ijengsci.2010.06.012","https://www.scopus.com/inward/record.uri?eid=2-s2.0-78649629274&doi=10.1016%2fj.ijengsci.2010.06.012&partnerID=40&md5=beaad594cb8ec140c7382d778fbd6f83","Department of Mathematics, I.I.T Roorkee, Roorkee 247 667, India","Asthana, R., Department of Mathematics, I.I.T Roorkee, Roorkee 247 667, India; Agrawal, G.S., Department of Mathematics, I.I.T Roorkee, Roorkee 247 667, India",Article,"Final","",Scopus,2-s2.0-78649629274
"Srivastava A.K., Darbari M., Ahmed H., Asthana R.","57199658713;36894670700;57198009955;36970507500;","Capacity requirement planning using Petri dynamics",2010,"International Review on Computers and Software","5","6",,"696","700",,6,,"https://www.scopus.com/inward/record.uri?eid=2-s2.0-79251603382&partnerID=40&md5=9af76f889095dda19e230db06b2bac07","IILM, Greater Noida, India; Babu Banarasi Das National Institute of Technology and Management, Lucknow, India","Srivastava, A.K., IILM, Greater Noida, India; Darbari, M., Babu Banarasi Das National Institute of Technology and Management, Lucknow, India; Ahmed, H., Babu Banarasi Das National Institute of Technology and Management, Lucknow, India; Asthana, R., Babu Banarasi Das National Institute of Technology and Management, Lucknow, India",Article,"Final","",Scopus,2-s2.0-79251603382
"Asthana R., Agrawal G.S.","16548831400;56959888800;","Viscous potential flow analysis of Kelvin-Helmholtz instability with mass transfer and vaporization",2007,"Physica A: Statistical Mechanics and its Applications","382","2",,"389","404",,68,"10.1016/j.physa.2007.04.037","https://www.scopus.com/inward/record.uri?eid=2-s2.0-34250620044&doi=10.1016%2fj.physa.2007.04.037&partnerID=40&md5=c0aac3f38bee9558405066e22b52d0e6","Department of Mathematics, I.I.T Roorkee, Roorkee, 247667, India","Asthana, R., Department of Mathematics, I.I.T Roorkee, Roorkee, 247667, India; Agrawal, G.S., Department of Mathematics, I.I.T Roorkee, Roorkee, 247667, India",Article,"Final","",Scopus,2-s2.0-34250620044
