﻿Authors,Author(s) ID,Title,Year,Source title,Volume,Issue,Art. No.,Page start,Page end,Page count,Cited by,DOI,Link,Document Type,Publication Stage,Open Access,Source,EID
"Dhillon, A.K., Sharma, A., Yadav, V., Singh, R., Ahuja, T., Barman, S., Siddhanta, S.","58035403800;58263521300;55568787000;57746556500;57200417567;55361430600;36629197300;","Raman spectroscopy and its plasmon-enhanced counterparts: A toolbox to probe protein dynamics and aggregation",2023,"Wiley Interdisciplinary Reviews: Nanomedicine and Nanobiotechnology",,,,"","",,,"10.1002/wnan.1917","https://www.scopus.com/inward/record.uri?eid=2-s2.0-85166405680&doi=10.1002%2fwnan.1917&partnerID=40&md5=2c52905418def4894594d5f3de2d25c2",Review,"Article in Press","",Scopus,2-s2.0-85166405680
"Singh, B., Barman, S.","57212223496;55361430600;","Rapid and Precise Discrimination between Pure and Adulterated Commercial Indian Honey Brands using FTIR Spectroscopy and Principal Component Analysis",2022,"Current Nutrition and Food Science","18","9",,"780","784",,1,"10.2174/1573401318666220509214603","https://www.scopus.com/inward/record.uri?eid=2-s2.0-85137468010&doi=10.2174%2f1573401318666220509214603&partnerID=40&md5=0dd8e7c9b07ae3504e875aa7250d089d",Article,"Final","",Scopus,2-s2.0-85137468010
"Barman, S., Neema, S., Rana, A., Patel, A.S., Chakraborti, A., Rana, A.S.","55361430600;57410294900;57542173700;55369900800;7005107556;36182549900;","Investigation of Vacuum Arc-Deposited ta-C and ta-C:N Thin Films on Silicon and Stainless-Steel Foil Substrates Using Raman Spectroscopy",2022,"Materials Transactions","63","10",,"1510","1513",,,"10.2320/matertrans.MT-M2022054","https://www.scopus.com/inward/record.uri?eid=2-s2.0-85139460908&doi=10.2320%2fmatertrans.MT-M2022054&partnerID=40&md5=c7992ce103b7c975b0990085c92c8440",Article,"Final","All Open Access, Bronze",Scopus,2-s2.0-85139460908
"Barman, S., Singh, B., Bag, A., Patel, A.S., Chakraborti, A., Rana, A.","55361430600;57212223496;56204436300;55369900800;7005107556;36182549900;","Visible light-driven photocatalytic degradation of methyl orange by Fe2O3-BiOCl0.5Br0.5 composite photocatalyst",2021,"Asia-Pacific Journal of Chemical Engineering","16","6","e2715","","",,,"10.1002/apj.2715","https://www.scopus.com/inward/record.uri?eid=2-s2.0-85117204451&doi=10.1002%2fapj.2715&partnerID=40&md5=85f0d9b5923aa01b40df4809d5e489cb",Article,"Final","",Scopus,2-s2.0-85117204451
"Ashraf, W., Bansal, S., Singh, V., Barman, S., Khanuja, M.","55257079300;56250877700;57217846730;55361430600;20734477300;","BiOCl/WS2hybrid nanosheet (2D/2D) heterojunctions for visible-light-driven photocatalytic degradation of organic/inorganic water pollutants",2020,"RSC Advances","10","42",,"25073","25088",,38,"10.1039/d0ra02916e","https://www.scopus.com/inward/record.uri?eid=2-s2.0-85087675970&doi=10.1039%2fd0ra02916e&partnerID=40&md5=1fe97e0a51e14e8af0079ed698aa2a00",Article,"Final","All Open Access, Gold, Green",Scopus,2-s2.0-85087675970
"Roy, S., Parsi, P.K., Kotha, R.S., Barman, S., Vinayak, K., Roy, M.M., Banerjee, R.","56023717200;57214778636;57214779706;55361430600;56205557900;57214781908;24300416300;","Effective utilisation of waste cooking oil in a single-cylinder diesel engine using alumina nanoparticles",2020,"Sustainable Energy and Fuels","4","2",,"571","581",,14,"10.1039/c9se00393b","https://www.scopus.com/inward/record.uri?eid=2-s2.0-85079094268&doi=10.1039%2fc9se00393b&partnerID=40&md5=3e23f6286cca193b401f1a3e18261ed3",Article,"Final","",Scopus,2-s2.0-85079094268
"Mir, A.Q., Dolui, D., Khandelwal, S., Bhatt, H., Kumari, B., Barman, S., Kanvah, S., Dutta, A.","57206770760;57206781518;57204664553;57211353362;7003285543;55361430600;6506448959;55967068500;","Developing photosensitizer-cobaloxime hybrids for solar-driven h2 production in aqueous aerobic conditions",2019,"Journal of Visualized Experiments","2019","152","e60231","","",,9,"10.3791/60231","https://www.scopus.com/inward/record.uri?eid=2-s2.0-85073621847&doi=10.3791%2f60231&partnerID=40&md5=adfbae0a71470402380f1294faed6e2b",Article,"Final","",Scopus,2-s2.0-85073621847
"Barman, S., Levy, C.J.","55361430600;7202219276;","Asymmetric sulfoxidation by C1-symmetric V(IV)O(ONO) (S)-NOBIN Schiff-base vanadyl complexes",2019,"Canadian Journal of Chemistry","97","9",,"637","641",,1,"10.1139/cjc-2019-0017","https://www.scopus.com/inward/record.uri?eid=2-s2.0-85071631316&doi=10.1139%2fcjc-2019-0017&partnerID=40&md5=84658fcafaea1bda13fbb1a63c5ef4ed",Article,"Final","",Scopus,2-s2.0-85071631316
"Barman, S., Desper, J., Levy, C.J.","55361430600;6701642306;7202219276;","Synthesis and characterization of TiL2 complexes with tridentate (ONO) (S)-NOBIN Schiff-base ligands",2014,"Polyhedron","84",,,"168","176",,3,"10.1016/j.poly.2014.07.001","https://www.scopus.com/inward/record.uri?eid=2-s2.0-84911479229&doi=10.1016%2fj.poly.2014.07.001&partnerID=40&md5=bd5f6cf15f64c91eb1208c06adadd05a",Article,"Final","All Open Access, Green",Scopus,2-s2.0-84911479229
"Barman, S., Anslyn, E.V.","55361430600;7005719368;","Rapid determination of enantiomeric excess of α-chiral aldehydes using circular dichroism spectroscopy",2014,"Tetrahedron","70","6",,"1357","1362",,12,"10.1016/j.tet.2013.11.086","https://www.scopus.com/inward/record.uri?eid=2-s2.0-84892798883&doi=10.1016%2fj.tet.2013.11.086&partnerID=40&md5=6c2353d7e8e32b0abcb2766e3b074f80",Article,"Final","",Scopus,2-s2.0-84892798883
"Barman, S., Diehl, K.L., Anslyn, E.V.","55361430600;55904501600;7005719368;","The effect of alkylation, protonation, and hydroxyl group substitution on reversible alcohol and water addition to 2- and 4-formyl pyridine derivatives",2014,"RSC Advances","4","55",,"28893","28900",,8,"10.1039/c4ra03466j","https://www.scopus.com/inward/record.uri?eid=2-s2.0-84904115369&doi=10.1039%2fc4ra03466j&partnerID=40&md5=f479c0009aefdc9c8f35ff492d2f0888",Article,"Final","",Scopus,2-s2.0-84904115369
"Barman, S., You, L., Chen, R., Codrea, V., Kago, G., Edupuganti, R., Robertus, J., Krug, R.M., Anslyn, E.V.","55361430600;56452364300;35081740000;36939081100;55937141900;55409466200;35511157700;7006306553;7005719368;","Exploring naphthyl-carbohydrazides as inhibitors of influenza A viruses",2014,"European Journal of Medicinal Chemistry","71",,,"81","90",,22,"10.1016/j.ejmech.2013.10.063","https://www.scopus.com/inward/record.uri?eid=2-s2.0-84888172558&doi=10.1016%2fj.ejmech.2013.10.063&partnerID=40&md5=58fc382fdc91e9a6c99d5fb008f6c04c",Article,"Final","All Open Access, Green",Scopus,2-s2.0-84888172558
"Barman, S., Patil, S., Desper, J., Aikens, C.M., Levy, C.J.","55361430600;57208826852;6701642306;6602353917;7202219276;","Helical oxidovanadium(IV) salen-type complexes: Synthesis, characterisation and catalytic behaviour",2013,"European Journal of Inorganic Chemistry",,"33",,"5708","5717",,12,"10.1002/ejic.201300635","https://www.scopus.com/inward/record.uri?eid=2-s2.0-84887582187&doi=10.1002%2fejic.201300635&partnerID=40&md5=4108a25c4fc70adae1203a35101d09f3",Article,"Final","",Scopus,2-s2.0-84887582187
"Barman, S., Patil, S., Levy, C.J.","55361430600;57208826852;7202219276;","Asymmetric sulfoxidation of thioanisole by helical Ti(IV) salan catalysts",2012,"Chemistry Letters","41","9",,"974","975",,11,"10.1246/cl.2012.974","https://www.scopus.com/inward/record.uri?eid=2-s2.0-84866466340&doi=10.1246%2fcl.2012.974&partnerID=40&md5=f3673d08f7c454e868c4088211fd021d",Article,"Final","",Scopus,2-s2.0-84866466340
