﻿Authors,Author(s) ID,Title,Year,Source title,Volume,Issue,Art. No.,Page start,Page end,Page count,Cited by,DOI,Link,Affiliations,Authors with affiliations,Document Type,Publication Stage,Open Access,Source,EID
"Chandra S.","57199285885;","THE RELATIONSHIP BETWEEN PRODUCT ARCHITECTURE AND INNOVATION: A STUDY THROUGH DESIGN OF MOTORCYCLES",2023,"Proceedings of the Design Society","3",,,"3443","3452",,,"10.1017/pds.2023.345","https://www.scopus.com/inward/record.uri?eid=2-s2.0-85165495209&doi=10.1017%2fpds.2023.345&partnerID=40&md5=fbd33c8a4a1ea663f5b5c9c0fc3c8ed4","Bml Munjal University, India","Chandra, S., Bml Munjal University, India",Conference Paper,"Final","All Open Access, Hybrid Gold",Scopus,2-s2.0-85165495209
"Chandra S.","57199285885;","Formulating a multi-layered framework for automobile architecture",2022,"Scientific Reports","12","1","1489","","",,1,"10.1038/s41598-022-05156-4","https://www.scopus.com/inward/record.uri?eid=2-s2.0-85123866673&doi=10.1038%2fs41598-022-05156-4&partnerID=40&md5=b94a72e765a845f259f32382be14cd4c","BML Munjal University, G-29A, GF, South City-2, Gurgaon, 122018, India","Chandra, S., BML Munjal University, G-29A, GF, South City-2, Gurgaon, 122018, India",Article,"Final","All Open Access, Gold, Green",Scopus,2-s2.0-85123866673
"Chandra S.","57199285885;","Framework for diagnosing standardization potential in current product range",2015,"Proceedings of the International Conference on Engineering Design, ICED","7","DS 80-07",,"53","62",,,,"https://www.scopus.com/inward/record.uri?eid=2-s2.0-84979715963&partnerID=40&md5=d983eb980ba5a7dd2183c62427b3a8fa","Hero Motocorp Limited, Research and Development, India","Chandra, S., Hero Motocorp Limited, Research and Development, India",Conference Paper,"Final","",Scopus,2-s2.0-84979715963
"Chandra S.","57199285885;","Developing an objective formulation for motorcycle architecture",2015,"Proceedings of the International Conference on Engineering Design, ICED","7","DS 80-07",,"125","134",,2,,"https://www.scopus.com/inward/record.uri?eid=2-s2.0-84979713706&partnerID=40&md5=30aa94bfbb7df548695d69b9bc84a651","Hero Motocorp Limited, Research and Development, India","Chandra, S., Hero Motocorp Limited, Research and Development, India",Conference Paper,"Final","",Scopus,2-s2.0-84979713706
"Chandra S.","57199285885;","Evaluation of clay modelling and surfacing cycles from designers perspective",2015,"Proceedings of the International Conference on Engineering Design, ICED","5","DS 80-05",,"215","224",,2,,"https://www.scopus.com/inward/record.uri?eid=2-s2.0-84979649873&partnerID=40&md5=d666169bbe0ef00e4ab04634464d1717","Research and Development, Hero Motocorp Limited, India","Chandra, S., Research and Development, Hero Motocorp Limited, India",Conference Paper,"Final","",Scopus,2-s2.0-84979649873
"Chandra S.","57199285885;","The DNA of design and design signature: A perspective in motorcycle design",2013,"Proceedings of the International Conference on Engineering Design, ICED","9 DS75-09",,,"59","68",,,,"https://www.scopus.com/inward/record.uri?eid=2-s2.0-84897640395&partnerID=40&md5=4254d90536f93c0c1007f9eee3c83594","Hero Motocorp Ltd, RandD, Gurgaon 122001, India","Chandra, S., Hero Motocorp Ltd, RandD, Gurgaon 122001, India",Conference Paper,"Final","",Scopus,2-s2.0-84897640395
