﻿Authors,Author(s) ID,Title,Year,Source title,Volume,Issue,Art. No.,Page start,Page end,Page count,Cited by,DOI,Link,Document Type,Publication Stage,Open Access,Source,EID
"Kathuria, V.","57189575670;","The Rise of Participative Regulation in Digital Markets",2022,"Journal of European Competition Law and Practice","13","8",,"537","548",,,"10.1093/jeclap/lpac046","https://www.scopus.com/inward/record.uri?eid=2-s2.0-85159792359&doi=10.1093%2fjeclap%2flpac046&partnerID=40&md5=342e90aa0c4bdf04860a44bce06f8835",Article,"Final","",Scopus,2-s2.0-85159792359
"Uppal, M., Kathuria, V.","57682746600;57189575670;","Equity Stake of Government in Vodafone Perils and Alternatives",2022,"Economic and Political Weekly","57","17",,"17","19",,,,"https://www.scopus.com/inward/record.uri?eid=2-s2.0-85129927042&partnerID=40&md5=318a133eb29070367d9a38e094cfcfcb",Review,"Final","",Scopus,2-s2.0-85129927042
"Kathuria, V.","57189575670;","Vertical restraints under Indian Competition Law: Whither law and economics",2022,"Journal of Antitrust Enforcement","10","1",,"194","215",,,"10.1093/jaenfo/jnab002","https://www.scopus.com/inward/record.uri?eid=2-s2.0-85127286953&doi=10.1093%2fjaenfo%2fjnab002&partnerID=40&md5=cc1a11e25322198e69d9505f834017fa",Article,"Final","All Open Access, Hybrid Gold",Scopus,2-s2.0-85127286953
"Kathuria, V., Mackenrodt, M.-O.","57189575670;8306614700;","The case against ‘Narrow’ price parity clauses",2021,"Computer Law and Security Review","41",,"105574","","",,2,"10.1016/j.clsr.2021.105574","https://www.scopus.com/inward/record.uri?eid=2-s2.0-85111043177&doi=10.1016%2fj.clsr.2021.105574&partnerID=40&md5=9fb95f97bf6f4d22bc189ee383ff3909",Article,"Final","",Scopus,2-s2.0-85111043177
"Kathuria, V., Globocnik, J.","57189575670;57211502071;","Exclusionary conduct in data-driven markets: Limitations of data sharing remedy",2020,"Journal of Antitrust Enforcement","8","3",,"511","534",,9,"10.1093/jaenfo/jnz036","https://www.scopus.com/inward/record.uri?eid=2-s2.0-85127334258&doi=10.1093%2fjaenfo%2fjnz036&partnerID=40&md5=7d0c3ae868ad67740c5ce6a27f29d049",Article,"Final","All Open Access, Hybrid Gold",Scopus,2-s2.0-85127334258
"Kathuria, V.","57189575670;","Platform competition and market definition in the US Amex case: lessons for economics and law",2019,"European Competition Journal","15","2-3",,"254","280",,4,"10.1080/17441056.2019.1644578","https://www.scopus.com/inward/record.uri?eid=2-s2.0-85070802907&doi=10.1080%2f17441056.2019.1644578&partnerID=40&md5=f3eb9167da8bfda3ce912e6cbd4edd7a",Article,"Final","All Open Access, Hybrid Gold",Scopus,2-s2.0-85070802907
"Kathuria, V.","57189575670;","Greed for data and exclusionary conduct in data-driven markets",2019,"Computer Law and Security Review","35","1",,"89","102",,8,"10.1016/j.clsr.2018.12.001","https://www.scopus.com/inward/record.uri?eid=2-s2.0-85059963034&doi=10.1016%2fj.clsr.2018.12.001&partnerID=40&md5=3138528a3c7670c1cfc7a0b03c5918a8",Article,"Final","",Scopus,2-s2.0-85059963034
"Kathuria, V., Lai, J.C.","57189575670;55128966700;","User review portability: Why and how?",2018,"Computer Law and Security Review","34","6",,"1291","1299",,3,"10.1016/j.clsr.2018.05.018","https://www.scopus.com/inward/record.uri?eid=2-s2.0-85048530929&doi=10.1016%2fj.clsr.2018.05.018&partnerID=40&md5=40ada5cc6a58fca0110d7e87290fdcbe",Article,"Final","All Open Access, Green",Scopus,2-s2.0-85048530929
"Kathuria, V.","57189575670;","Conflict between regulation and competition law in the Indian telecom sector",2018,"Economic and Political Weekly","53","38",,"38","44",,1,,"https://www.scopus.com/inward/record.uri?eid=2-s2.0-85053809002&partnerID=40&md5=ba6d7578cf4496e4c6a6bd4b96ddcc9c",Article,"Final","",Scopus,2-s2.0-85053809002
"Lai, J.C., Kathuria, V.","55128966700;57189575670;","“Restrictive Conditions” in patent law and the competition law interface",2018,"Journal of World Intellectual Property","21","3-4",,"256","268",,1,"10.1111/jwip.12105","https://www.scopus.com/inward/record.uri?eid=2-s2.0-85047631603&doi=10.1111%2fjwip.12105&partnerID=40&md5=5c172896d8632aacbf4ffe25a82115d7",Article,"Final","All Open Access, Green",Scopus,2-s2.0-85047631603
"Kathuria, V.","57189575670;","Access and Investment in the ICT Sector for Developing Countries",2016,"Law and Development Review","9","1",,"1","27",,2,"10.1515/ldr-2015-0013","https://www.scopus.com/inward/record.uri?eid=2-s2.0-84973122032&doi=10.1515%2fldr-2015-0013&partnerID=40&md5=702127bf2fa64c5dfd490edc4b565f0c",Article,"Final","",Scopus,2-s2.0-84973122032
"Kathuria, V.","57189575670;","Pharmaceutical mergers and their effect on access and efficiency: A case of emerging markets",2016,"World Competition","39","3",,"451","478",,,,"https://www.scopus.com/inward/record.uri?eid=2-s2.0-85013821406&partnerID=40&md5=73fed9f6f7f9945676cd9ee97819f520",Article,"Final","",Scopus,2-s2.0-85013821406
"Kathuria, V.","57189575670;","A conceptual framework to identify dynamic efficiency",2015,"European Competition Journal","11","2-3",,"319","339",,6,"10.1080/17441056.2015.1060006","https://www.scopus.com/inward/record.uri?eid=2-s2.0-85011931374&doi=10.1080%2f17441056.2015.1060006&partnerID=40&md5=7da104039c2f3c95f0d63b7b3f6b8e53",Article,"Final","",Scopus,2-s2.0-85011931374
