﻿Authors,Author(s) ID,Title,Year,Source title,Volume,Issue,Art. No.,Page start,Page end,Page count,Cited by,DOI,Link,Affiliations,Authors with affiliations,Document Type,Publication Stage,Open Access,Source,EID
"Gupta Y., Saraswat A., Raghuwanshi G.","56040653600;54919744800;56964433300;","Image Transliteration from Vernacular Languages",2023,"Lecture Notes in Electrical Engineering","863",,,"227","234",,,"10.1007/978-981-19-0588-9_23","https://www.scopus.com/inward/record.uri?eid=2-s2.0-85140794100&doi=10.1007%2f978-981-19-0588-9_23&partnerID=40&md5=b8c0e1661559c84ed423a93f1547649c","Department of Computer Science, BML Munjal University, Gurugram, India; Department of Electrical Engineering, Manipal University Jaipur, Rajasthan, Jaipur, India; Department of Computer and Communication Engineering, Manipal University Jaipur, Rajasthan, Jaipur, India","Gupta, Y., Department of Computer Science, BML Munjal University, Gurugram, India; Saraswat, A., Department of Electrical Engineering, Manipal University Jaipur, Rajasthan, Jaipur, India; Raghuwanshi, G., Department of Computer and Communication Engineering, Manipal University Jaipur, Rajasthan, Jaipur, India",Conference Paper,"Final","",Scopus,2-s2.0-85140794100
"Singh P.K., Saraswat A., Gupta Y., Goyal S.K.","58589827200;54919744800;56040653600;56905176400;","Prediction of Short-Term Solar Radiation Using Machine Learning Methods",2023,"Lecture Notes in Electrical Engineering","863",,,"181","192",,,"10.1007/978-981-19-0588-9_17","https://www.scopus.com/inward/record.uri?eid=2-s2.0-85140787435&doi=10.1007%2f978-981-19-0588-9_17&partnerID=40&md5=3a2ef26212980984fa81f3c435e4769c","Department of Computer Applications, Manipal University Jaipur, Rajasthan, Jaipur, India; Department of Electrical Engineering, Manipal University Jaipur, Rajasthan, Jaipur, India; Department of Computer Science, BML Munjal University, Haryana, Gurugram, India","Singh, P.K., Department of Computer Applications, Manipal University Jaipur, Rajasthan, Jaipur, India; Saraswat, A., Department of Electrical Engineering, Manipal University Jaipur, Rajasthan, Jaipur, India; Gupta, Y., Department of Computer Science, BML Munjal University, Haryana, Gurugram, India; Goyal, S.K., Department of Electrical Engineering, Manipal University Jaipur, Rajasthan, Jaipur, India",Conference Paper,"Final","",Scopus,2-s2.0-85140787435
"Gupta Y., Saraswat A.","56040653600;54919744800;","Wine Quality Prediction Based on Machine Learning Techniques",2023,"Lecture Notes in Electrical Engineering","863",,,"623","627",,,"10.1007/978-981-19-0588-9_61","https://www.scopus.com/inward/record.uri?eid=2-s2.0-85140722450&doi=10.1007%2f978-981-19-0588-9_61&partnerID=40&md5=c598acc7221b9791f4fb6ee29ef64820","Department of Computer Science, BML Munjal University, Gurugram, India; Department of Electrical Engineering, Manipal University Jaipur, Rajasthan, Jaipur, India","Gupta, Y., Department of Computer Science, BML Munjal University, Gurugram, India; Saraswat, A., Department of Electrical Engineering, Manipal University Jaipur, Rajasthan, Jaipur, India",Conference Paper,"Final","",Scopus,2-s2.0-85140722450
"Gupta Y.","56040653600;","Using of Machine Learning Techniques to detect Credit Card Frauds",2022,"Proceedings - 2022 OITS International Conference on Information Technology, OCIT 2022",,,,"124","128",,,"10.1109/OCIT56763.2022.00033","https://www.scopus.com/inward/record.uri?eid=2-s2.0-85150268483&doi=10.1109%2fOCIT56763.2022.00033&partnerID=40&md5=8dc01a2f399b349599a26d44afba5fd8","School of Engineering and Technology, Bml Munjal University, Gurugram, India","Gupta, Y., School of Engineering and Technology, Bml Munjal University, Gurugram, India",Conference Paper,"Final","",Scopus,2-s2.0-85150268483
"Raghuwanshi G., Gupta Y., Sinwar D., Singh D., Tariq U., Attique M., Pin K., Nam Y.","56964433300;56040653600;56803857000;57195923799;14827558600;57225141036;57230310400;8971732400;","Image segmentation based on block level and hybrid directional local extrema",2022,"Computers, Materials and Continua","70","2",,"3939","3954",,,"10.32604/cmc.2022.018423","https://www.scopus.com/inward/record.uri?eid=2-s2.0-85116034727&doi=10.32604%2fcmc.2022.018423&partnerID=40&md5=359740f416db5005ab017b956a0fc2a6","Manipal University Jaipur, Jaipur, 302026, India; BML Munjal University, Gurugram, India; Bennett University, Greater Noida, India; College of Computer Engineering and Sciences, Prince Sattam Bin Abdulaziz University, Al-Khraj, Saudi Arabia; Department of Computer Science, HITEC University Taxila, Taxila, Pakistan; Department of ICT Convergence, Soonchunhyang University, Asan, 31538, South Korea; Department of Computer Science and Engineering, Soonchunhyang University, Asan, South Korea","Raghuwanshi, G., Manipal University Jaipur, Jaipur, 302026, India; Gupta, Y., BML Munjal University, Gurugram, India; Sinwar, D., Manipal University Jaipur, Jaipur, 302026, India; Singh, D., Bennett University, Greater Noida, India; Tariq, U., College of Computer Engineering and Sciences, Prince Sattam Bin Abdulaziz University, Al-Khraj, Saudi Arabia; Attique, M., Department of Computer Science, HITEC University Taxila, Taxila, Pakistan; Pin, K., Department of ICT Convergence, Soonchunhyang University, Asan, 31538, South Korea; Nam, Y., Department of Computer Science and Engineering, Soonchunhyang University, Asan, South Korea",Article,"Final","All Open Access, Gold",Scopus,2-s2.0-85116034727
"Gupta Y.","56040653600;","Novel distributed load balancing algorithms in cloud storage",2021,"Expert Systems with Applications","186",,"115713","","",,7,"10.1016/j.eswa.2021.115713","https://www.scopus.com/inward/record.uri?eid=2-s2.0-85112283112&doi=10.1016%2fj.eswa.2021.115713&partnerID=40&md5=5b14d9cf5d1af94eeb09422120f45ab2","BML Munjal University, India","Gupta, Y., BML Munjal University, India, ",Article,"Final","",Scopus,2-s2.0-85112283112
"Gupta Y., Raghuwanshi G., Ahmadini A.A.H., Sharma U., Mishra A.K., Mashwani W.K., Goktas P., Alshqaq S.S., Balogun O.S.","56040653600;56964433300;57203280600;57225664504;57325871800;48161356600;56708612800;57220744934;57212460935;","Impact of Weather Predictions on COVID-19 Infection Rate by Using Deep Learning Models",2021,"Complexity","2021",,"5520663","","",,3,"10.1155/2021/5520663","https://www.scopus.com/inward/record.uri?eid=2-s2.0-85122082789&doi=10.1155%2f2021%2f5520663&partnerID=40&md5=4ecf5726aa5c82dd713b998760089d5e","Department of Computer Science and Engineering, School of Engineering and Technology, BML Munjal University, Gurugram, India; Department of Computer and Communication Engineering, School of Computing and Information Technology, Manipal University Jaipur, Jaipur, India; Department of Mathematics, Faculty of Science, Jazan University, Jazan, Saudi Arabia; Department of Computer Science and Engineering, Jaypee University of Engineering and Technology, Guna, India; School of Computing, DIT University, Dehradun, India; Institute of Numerical Sciences, Kohat University of Science and Technology, Kohat, Pakistan; Department of Economics, Mugla Sıtkı Koçman University, Mugla, Turkey; School of Computing, University of Eastern Finland, Northern Europe, Kuopio, 70211, Finland","Gupta, Y., Department of Computer Science and Engineering, School of Engineering and Technology, BML Munjal University, Gurugram, India; Raghuwanshi, G., Department of Computer and Communication Engineering, School of Computing and Information Technology, Manipal University Jaipur, Jaipur, India; Ahmadini, A.A.H., Department of Mathematics, Faculty of Science, Jazan University, Jazan, Saudi Arabia; Sharma, U., Department of Computer Science and Engineering, Jaypee University of Engineering and Technology, Guna, India; Mishra, A.K., School of Computing, DIT University, Dehradun, India; Mashwani, W.K., Institute of Numerical Sciences, Kohat University of Science and Technology, Kohat, Pakistan; Goktas, P., Department of Economics, Mugla Sıtkı Koçman University, Mugla, Turkey; Alshqaq, S.S., Department of Economics, Mugla Sıtkı Koçman University, Mugla, Turkey; Balogun, O.S., School of Computing, University of Eastern Finland, Northern Europe, Kuopio, 70211, Finland",Article,"Final","All Open Access, Gold",Scopus,2-s2.0-85122082789
"Gupta Y., Saini A.","56040653600;12809691900;","A New Automatic Query Expansion Approach Using Term Selection and Document Clustering",2021,"Advances in Intelligent Systems and Computing","1189",,,"109","121",,2,"10.1007/978-981-15-6067-5_14","https://www.scopus.com/inward/record.uri?eid=2-s2.0-85092128785&doi=10.1007%2f978-981-15-6067-5_14&partnerID=40&md5=1f9dceb68162ca66be8d36959ee1ddc1","Manipal University Jaipur, Rajasthan, India; Dayalbagh Educational Institute, Agra, UP, India","Gupta, Y., Manipal University Jaipur, Rajasthan, India; Saini, A., Dayalbagh Educational Institute, Agra, UP, India",Conference Paper,"Final","",Scopus,2-s2.0-85092128785
"Gupta Y., Raghuwanshi G., Tripathi A.","56040653600;56964433300;57208326456;","A new methodology for language identification in social media code-mixed text",2021,"Advances in Intelligent Systems and Computing","1141",,,"243","254",,2,"10.1007/978-981-15-3383-9_22","https://www.scopus.com/inward/record.uri?eid=2-s2.0-85087027014&doi=10.1007%2f978-981-15-3383-9_22&partnerID=40&md5=5f1973e66d1d85446ef6c0fcacbcaa61","Department of Computer Science and Engineering, Manipal University Jaipur, Jaipur, India; Department of Computer and Communication Engineering, Manipal University Jaipur, Jaipur, India; Department of Computer Engineering and Applications, GLA University, Mathura, India","Gupta, Y., Department of Computer Science and Engineering, Manipal University Jaipur, Jaipur, India; Raghuwanshi, G., Department of Computer and Communication Engineering, Manipal University Jaipur, Jaipur, India; Tripathi, A., Department of Computer Engineering and Applications, GLA University, Mathura, India",Conference Paper,"Final","",Scopus,2-s2.0-85087027014
"Gupta Y., Saraswat A.","56040653600;54919744800;","Machine learning techniques for short-term forecasting of wind power generation",2021,"Advances in Intelligent Systems and Computing","1141",,,"439","448",,2,"10.1007/978-981-15-3383-9_39","https://www.scopus.com/inward/record.uri?eid=2-s2.0-85087008380&doi=10.1007%2f978-981-15-3383-9_39&partnerID=40&md5=da63c0378cb1bb1ba5a40ba0ffbd6a75","Depatment of Computer Science and Engineering, Manipal University Jaipur, Jaipur, Rajasthan, India; Depatment of Electrical Engineering, Manipal University Jaipur, Jaipur, Rajasthan, India","Gupta, Y., Depatment of Computer Science and Engineering, Manipal University Jaipur, Jaipur, Rajasthan, India; Saraswat, A., Depatment of Electrical Engineering, Manipal University Jaipur, Jaipur, Rajasthan, India",Conference Paper,"Final","",Scopus,2-s2.0-85087008380
"Gupta Y., Saini A.","56040653600;12809691900;","A new hybrid document clustering for PRF-based automatic query expansion approach for effective IR",2020,"International Journal of e-Collaboration","16","3",,"73","95",,3,"10.4018/IJeC.2020070105","https://www.scopus.com/inward/record.uri?eid=2-s2.0-85087096135&doi=10.4018%2fIJeC.2020070105&partnerID=40&md5=37b9d25c5544436c68f7411f5457b7b9","BML Munjal UniversityHaryana, India; Dayalbagh Educational Institute, India","Gupta, Y., BML Munjal UniversityHaryana, India; Saini, A., Dayalbagh Educational Institute, India",Article,"Final","",Scopus,2-s2.0-85087096135
"Saraswat A., Ucheniya R., Gupta Y.","54919744800;57200144031;56040653600;","Two-stage stochastic optimization for reactive power dispatch with wind power uncertainties",2020,"Proceedings of International Conference on Computation, Automation and Knowledge Management, ICCAKM 2020",,,"9051548","332","337",,6,"10.1109/ICCAKM46823.2020.9051548","https://www.scopus.com/inward/record.uri?eid=2-s2.0-85083495051&doi=10.1109%2fICCAKM46823.2020.9051548&partnerID=40&md5=d977c3681804ee3d2fc70266474264bd","Manipal University, Department of Electrical Engineering, Jaipur, Rajasthan, India; Department of Computer Science and Engg., Manipal University Jaipur, Rajasthan, India","Saraswat, A., Manipal University, Department of Electrical Engineering, Jaipur, Rajasthan, India; Ucheniya, R., Manipal University, Department of Electrical Engineering, Jaipur, Rajasthan, India; Gupta, Y., Department of Computer Science and Engg., Manipal University Jaipur, Rajasthan, India",Conference Paper,"Final","",Scopus,2-s2.0-85083495051
"Gupta Y., Saraswat A.","56040653600;54919744800;","Semantic similarity computation among hindi words using hindi lexical ontology",2020,"Lecture Notes in Electrical Engineering","607",,,"211","218",,,"10.1007/978-981-15-0214-9_25","https://www.scopus.com/inward/record.uri?eid=2-s2.0-85077504738&doi=10.1007%2f978-981-15-0214-9_25&partnerID=40&md5=14cba75ebc62ab28cb03f8d647ebcbdb","Department of Computer Science and Engineering, Manipal University Jaipur, Jaipur, India; Department of Electrical Engineering, Manipal University Jaipur, Jaipur, India","Gupta, Y., Department of Computer Science and Engineering, Manipal University Jaipur, Jaipur, India; Saraswat, A., Department of Electrical Engineering, Manipal University Jaipur, Jaipur, India",Conference Paper,"Final","",Scopus,2-s2.0-85077504738
"Shah M.B., Kaistha M., Gupta Y.","57216271146;57216272412;56040653600;","Student Performance Assessment and Prediction System using Machine Learning",2019,"2019 4th International Conference on Information Systems and Computer Networks, ISCON 2019",,,"9036250","386","390",,6,"10.1109/ISCON47742.2019.9036250","https://www.scopus.com/inward/record.uri?eid=2-s2.0-85082994068&doi=10.1109%2fISCON47742.2019.9036250&partnerID=40&md5=55f3e05dcf2da4a3037f9b72cb9c392b","Manipal University Jaipur, Computer Science and Engineering, Jaipur, India","Shah, M.B., Manipal University Jaipur, Computer Science and Engineering, Jaipur, India; Kaistha, M., Manipal University Jaipur, Computer Science and Engineering, Jaipur, India; Gupta, Y., Manipal University Jaipur, Computer Science and Engineering, Jaipur, India",Conference Paper,"Final","",Scopus,2-s2.0-85082994068
"Jhaver M., Gupta Y., Mishra A.K.","57216270917;56040653600;57325871800;","Employee Turnover Prediction System",2019,"2019 4th International Conference on Information Systems and Computer Networks, ISCON 2019",,,"9036180","391","394",,2,"10.1109/ISCON47742.2019.9036180","https://www.scopus.com/inward/record.uri?eid=2-s2.0-85082987306&doi=10.1109%2fISCON47742.2019.9036180&partnerID=40&md5=96a2ddbfaff57e54d5cda655a90849a2","Manipal University Jaipur, Department of Computer Science and Engineering, Jaipur, India","Jhaver, M., Manipal University Jaipur, Department of Computer Science and Engineering, Jaipur, India; Gupta, Y., Manipal University Jaipur, Department of Computer Science and Engineering, Jaipur, India; Mishra, A.K., Manipal University Jaipur, Department of Computer Science and Engineering, Jaipur, India",Conference Paper,"Final","",Scopus,2-s2.0-85082987306
"Gupta Y., Saini A.","56040653600;12809691900;","A novel term selection based automatic query expansion approach using PRF and semantic filtering",2019,"International Journal of Engineering and Advanced Technology","8","4C",,"130","137",,10,,"https://www.scopus.com/inward/record.uri?eid=2-s2.0-85068001335&partnerID=40&md5=9a6deaa0867f48d9571fc98615250b72","Department of Computer Science and Engineering, Manipal University Jaipur, Jaipur, India; Department of Electrical Engineering, Dayalbagh Educational Institute, Agra, India","Gupta, Y., Department of Computer Science and Engineering, Manipal University Jaipur, Jaipur, India; Saini, A., Department of Electrical Engineering, Dayalbagh Educational Institute, Agra, India",Article,"Final","",Scopus,2-s2.0-85068001335
"Gupta Y., Saini A.","56040653600;12809691900;","A new swarm-based efficient data clustering approach using KHM and fuzzy logic",2019,"Soft Computing","23","1",,"145","162",,15,"10.1007/s00500-018-3514-1","https://www.scopus.com/inward/record.uri?eid=2-s2.0-85053502197&doi=10.1007%2fs00500-018-3514-1&partnerID=40&md5=e33cbd6726fce452fcae1ed7a4eaa8db","Department of Computer Science and Engineering, Manipal University, Jaipur, India; Department of Electrical Engineering, Dayalbagh Educational Institute, Agra, India","Gupta, Y., Department of Computer Science and Engineering, Manipal University, Jaipur, India; Saini, A., Department of Electrical Engineering, Dayalbagh Educational Institute, Agra, India",Article,"Final","",Scopus,2-s2.0-85053502197
"Gupta Y.","56040653600;","Selection of important features and predicting wine quality using machine learning techniques",2018,"Procedia Computer Science","125",,,"305","312",,42,"10.1016/j.procs.2017.12.041","https://www.scopus.com/inward/record.uri?eid=2-s2.0-85040667330&doi=10.1016%2fj.procs.2017.12.041&partnerID=40&md5=8a45b3ec2f00e05801cf636924535aaa","GLA University, Mathura, Uttar Pradesh, India","Gupta, Y., GLA University, Mathura, Uttar Pradesh, India",Conference Paper,"Final","All Open Access, Gold",Scopus,2-s2.0-85040667330
"Gupta Y., Saini A.","56040653600;12809691900;","A novel Fuzzy-PSO term weighting automatic query expansion approach using combined semantic filtering",2017,"Knowledge-Based Systems","136",,,"97","120",,37,"10.1016/j.knosys.2017.09.004","https://www.scopus.com/inward/record.uri?eid=2-s2.0-85029433905&doi=10.1016%2fj.knosys.2017.09.004&partnerID=40&md5=00f3f29555b0ec444f131193770f267f","Department of Computer Engineering and Applications, GLA University, Mathura, Uttar Pradesh, India; Department of Electrical Engineering, Dayalbagh Educational Institute, Agra, Uttar Pradesh, India","Gupta, Y., Department of Computer Engineering and Applications, GLA University, Mathura, Uttar Pradesh, India; Saini, A., Department of Electrical Engineering, Dayalbagh Educational Institute, Agra, Uttar Pradesh, India",Article,"Final","",Scopus,2-s2.0-85029433905
"Gupta Y., Saini A., Saxena A.K.","56040653600;12809691900;7401482294;","A comparative analysis of fuzzy based ranking functions for information retrieval",2016,"Proceedings of the 10th INDIACom; 2016 3rd International Conference on Computing for Sustainable Global Development, INDIACom 2016",,,"7724228","60","64",,2,,"https://www.scopus.com/inward/record.uri?eid=2-s2.0-84997171594&partnerID=40&md5=ab9fc17adb3a987c85d8cd3f8fee2ad5","Electrical Engineering, Faculty of Engineering, Dayalbagh Educational Institute, Agra, India","Gupta, Y., Electrical Engineering, Faculty of Engineering, Dayalbagh Educational Institute, Agra, India; Saini, A., Electrical Engineering, Faculty of Engineering, Dayalbagh Educational Institute, Agra, India; Saxena, A.K., Electrical Engineering, Faculty of Engineering, Dayalbagh Educational Institute, Agra, India",Conference Paper,"Final","",Scopus,2-s2.0-84997171594
"Gupta Y., Saini A.","56040653600;12809691900;","An efficient clustering approach based on hybridization of PSO, Fuzzy logic and K-harmonic means",2016,"2015 IEEE Workshop on Computational Intelligence: Theories, Applications and Future Directions, WCI 2015",,,"7495544","","",,3,"10.1109/WCI.2015.7495544","https://www.scopus.com/inward/record.uri?eid=2-s2.0-84979683941&doi=10.1109%2fWCI.2015.7495544&partnerID=40&md5=c8cb6a537d04d73ae9ad734054ac1dd0","Faculty of Engineering, Dayalbagh Educational Institute, India","Gupta, Y., Faculty of Engineering, Dayalbagh Educational Institute, India; Saini, A., Faculty of Engineering, Dayalbagh Educational Institute, India",Conference Paper,"Final","",Scopus,2-s2.0-84979683941
"Gupta Y., Saini A., Saxena A.K.","56040653600;12809691900;7401482294;","A new fuzzy logic based ranking function for efficient Information Retrieval system",2015,"Expert Systems with Applications","42","3",,"1223","1234",,66,"10.1016/j.eswa.2014.09.009","https://www.scopus.com/inward/record.uri?eid=2-s2.0-84908043092&doi=10.1016%2fj.eswa.2014.09.009&partnerID=40&md5=c351946f839339ffc7a0e03bd417542d","Department of Electrical Engineering, Faculty of Engineering, Dayalbagh Educational Institute, Agra, Uttar Pradesh, 282110, India","Gupta, Y., Department of Electrical Engineering, Faculty of Engineering, Dayalbagh Educational Institute, Agra, Uttar Pradesh, 282110, India; Saini, A., Department of Electrical Engineering, Faculty of Engineering, Dayalbagh Educational Institute, Agra, Uttar Pradesh, 282110, India; Saxena, A.K., Department of Electrical Engineering, Faculty of Engineering, Dayalbagh Educational Institute, Agra, Uttar Pradesh, 282110, India",Article,"Final","",Scopus,2-s2.0-84908043092
"Saini A., Gupta Y., Saxena A.K.","12809691900;56040653600;7401482294;","Fuzzy based approach to develop hybrid ranking function for efficient information retrieval",2015,"Advances in Intelligent Systems and Computing","320",,,"471","479",,2,"10.1007/978-3-319-11218-3_42","https://www.scopus.com/inward/record.uri?eid=2-s2.0-84921523381&doi=10.1007%2f978-3-319-11218-3_42&partnerID=40&md5=088d951c5030fc6b3a9dea723fdecf4d","Electrical Engineering Department, Dayalbagh Educational Institute, Uttar Pradesh, India","Saini, A., Electrical Engineering Department, Dayalbagh Educational Institute, Uttar Pradesh, India; Gupta, Y., Electrical Engineering Department, Dayalbagh Educational Institute, Uttar Pradesh, India; Saxena, A.K., Electrical Engineering Department, Dayalbagh Educational Institute, Uttar Pradesh, India",Article,"Final","",Scopus,2-s2.0-84921523381
"Gupta Y., Saini A., Saxena A.K.","56040653600;12809691900;7401482294;","Fuzzy logic-based approach to develop hybrid similarity measure for efficient information retrieval",2014,"Journal of Information Science","40","6",,"846","857",,14,"10.1177/0165551514548989","https://www.scopus.com/inward/record.uri?eid=2-s2.0-84916606755&doi=10.1177%2f0165551514548989&partnerID=40&md5=6a3f01150c61b3e5ed8b8596972fcc89","Department of Electrical Engineering, Faculty of Engineering, Dayalbagh Educational Institute, Agra, Uttar Pradesh, India","Gupta, Y., Department of Electrical Engineering, Faculty of Engineering, Dayalbagh Educational Institute, Agra, Uttar Pradesh, India; Saini, A., Department of Electrical Engineering, Faculty of Engineering, Dayalbagh Educational Institute, Agra, Uttar Pradesh, India; Saxena, A.K., Department of Electrical Engineering, Faculty of Engineering, Dayalbagh Educational Institute, Agra, Uttar Pradesh, India",Article,"Final","",Scopus,2-s2.0-84916606755
"Gupta Y., Saini A., Saxena A.K.","56040653600;12809691900;7401482294;","A new similarity function for information retrieval based on fuzzy logic",2014,"Proceedings of the 2014 International Conference on Advances in Computing, Communications and Informatics, ICACCI 2014",,,"6968219","1472","1478",,,"10.1109/ICACCI.2014.6968219","https://www.scopus.com/inward/record.uri?eid=2-s2.0-84927600585&doi=10.1109%2fICACCI.2014.6968219&partnerID=40&md5=b920b78893a75f65a39efa50575cf63c","Dept. of Electrical Engineering, Faculty of Engineering, Dayalbagh Educational Institute, Agra (UP), India","Gupta, Y., Dept. of Electrical Engineering, Faculty of Engineering, Dayalbagh Educational Institute, Agra (UP), India; Saini, A., Dept. of Electrical Engineering, Faculty of Engineering, Dayalbagh Educational Institute, Agra (UP), India; Saxena, A.K., Dept. of Electrical Engineering, Faculty of Engineering, Dayalbagh Educational Institute, Agra (UP), India",Conference Paper,"Final","",Scopus,2-s2.0-84927600585
"Gupta Y., Saini A., Saxena A.K., Sharan A.","56040653600;12809691900;7401482294;24829584900;","Fuzzy logic based similarity measure for information retrieval system performance improvement",2014,"Lecture Notes in Computer Science (including subseries Lecture Notes in Artificial Intelligence and Lecture Notes in Bioinformatics)","8337 LNCS",,,"224","232",,4,"10.1007/978-3-319-04483-5_23","https://www.scopus.com/inward/record.uri?eid=2-s2.0-84958551881&doi=10.1007%2f978-3-319-04483-5_23&partnerID=40&md5=4f33184741d7c985b77f0a84e38dd7f4","Dept. of Electrical Engg., Faculty of Engineering, Dayalbagh Educational Institute, Agra 282110, UP, India; School of Computer and System Sciences, Jawahar Lal Nehru University, New Delhi 110067, India","Gupta, Y., Dept. of Electrical Engg., Faculty of Engineering, Dayalbagh Educational Institute, Agra 282110, UP, India; Saini, A., Dept. of Electrical Engg., Faculty of Engineering, Dayalbagh Educational Institute, Agra 282110, UP, India; Saxena, A.K., Dept. of Electrical Engg., Faculty of Engineering, Dayalbagh Educational Institute, Agra 282110, UP, India; Sharan, A., School of Computer and System Sciences, Jawahar Lal Nehru University, New Delhi 110067, India",Conference Paper,"Final","",Scopus,2-s2.0-84958551881
"Gupta Y., Saxena A.K., Saini A., Sharan A.","56040653600;7401482294;12809691900;24829584900;","Development of hybrid similarity measure using fuzzy logic for performance improvement of information retrieval system",2014,"2014 International Conference on Computing for Sustainable Global Development, INDIACom 2014",,,"6828002","1","5",,3,"10.1109/IndiaCom.2014.6828002","https://www.scopus.com/inward/record.uri?eid=2-s2.0-84903847108&doi=10.1109%2fIndiaCom.2014.6828002&partnerID=40&md5=9a7c68745d7a6fae6e6014d92043813a","Electrical Engineering, Faculty of Engineering, Dayalbagh Educational Institute, Agra, Uttar Pradesh, India; School of Computer and System Sciences, Jawahar Lal Nehru University, New Delhi, India","Gupta, Y., Electrical Engineering, Faculty of Engineering, Dayalbagh Educational Institute, Agra, Uttar Pradesh, India; Saxena, A.K., Electrical Engineering, Faculty of Engineering, Dayalbagh Educational Institute, Agra, Uttar Pradesh, India; Saini, A., Electrical Engineering, Faculty of Engineering, Dayalbagh Educational Institute, Agra, Uttar Pradesh, India; Sharan, A., School of Computer and System Sciences, Jawahar Lal Nehru University, New Delhi, India",Conference Paper,"Final","",Scopus,2-s2.0-84903847108
